#
# There is insufficient memory for the Java Runtime Environment to continue.
# Native memory allocation (mmap) failed to map 65536 bytes. Error detail: Failed to commit metaspace.
# Possible reasons:
#   The system is out of physical RAM or swap space
#   This process is running with CompressedOops enabled, and the Java Heap may be blocking the growth of the native heap
# Possible solutions:
#   Reduce memory load on the system
#   Increase physical memory or swap space
#   Check if swap backing store is full
#   Decrease Java heap size (-Xmx/-Xms)
#   Decrease number of Java threads
#   Decrease Java thread stack sizes (-Xss)
#   Set larger code cache with -XX:ReservedCodeCacheSize=
#   JVM is running with Unscaled Compressed Oops mode in which the Java heap is
#     placed in the first 4GB address space. The Java Heap base address is the
#     maximum limit for the native heap growth. Please use -XX:HeapBaseMinAddress
#     to set the Java Heap base and to place the Java Heap above 4GB virtual address.
# This output file may be truncated or incomplete.
#
#  Out of Memory Error (virtualSpaceNode.cpp:113), pid=20364, tid=19496
#
# JRE version: OpenJDK Runtime Environment (21.0.8) (build 21.0.8+-14018985-b1038.68)
# Java VM: OpenJDK 64-Bit Server VM (21.0.8+-14018985-b1038.68, mixed mode, tiered, compressed oops, compressed class ptrs, g1 gc, windows-amd64)
# No core dump will be written. Minidumps are not enabled by default on client versions of Windows
#

---------------  S U M M A R Y ------------

Command Line: --add-opens=java.base/java.lang=ALL-UNNAMED --add-opens=java.base/java.lang.invoke=ALL-UNNAMED --add-opens=java.base/java.util=ALL-UNNAMED --add-opens=java.prefs/java.util.prefs=ALL-UNNAMED --add-exports=jdk.compiler/com.sun.tools.javac.api=ALL-UNNAMED --add-exports=jdk.compiler/com.sun.tools.javac.util=ALL-UNNAMED --add-opens=java.base/java.util=ALL-UNNAMED --add-opens=java.prefs/java.util.prefs=ALL-UNNAMED --add-opens=java.base/java.nio.charset=ALL-UNNAMED --add-opens=java.base/java.net=ALL-UNNAMED --add-opens=java.base/java.util.concurrent.atomic=ALL-UNNAMED --add-opens=java.xml/javax.xml.namespace=ALL-UNNAMED -Xmx1536M -Dfile.encoding=UTF-8 -Duser.country=IN -Duser.language=en -Duser.variant -javaagent:C:\Users\prakash\.gradle\wrapper\dists\gradle-8.13-all\54h0s9kvb6g2sinako7ub77ku\gradle-8.13\lib\agents\gradle-instrumentation-agent-8.13.jar org.gradle.launcher.daemon.bootstrap.GradleDaemon 8.13

Host: 11th Gen Intel(R) Core(TM) i3-1125G4 @ 2.00GHz, 8 cores, 7G,  Windows 11 , 64 bit Build 26100 (10.0.26100.6725)
Time: Fri Oct 31 13:09:32 2025 India Standard Time elapsed time: 22.861754 seconds (0d 0h 0m 22s)

---------------  T H R E A D  ---------------

Current thread (0x0000025f94172e20):  JavaThread "Daemon worker"        [_thread_in_vm, id=19496, stack(0x000000e69df00000,0x000000e69e000000) (1024K)]

Stack: [0x000000e69df00000,0x000000e69e000000]
Native frames: (J=compiled Java code, j=interpreted, Vv=VM code, C=native code)
V  [jvm.dll+0x6d68d9]
V  [jvm.dll+0x866693]
V  [jvm.dll+0x868c4e]
V  [jvm.dll+0x869333]
V  [jvm.dll+0x280566]
V  [jvm.dll+0x86155e]
V  [jvm.dll+0x679fd5]
V  [jvm.dll+0x1e45d1]
V  [jvm.dll+0x1e439e]
V  [jvm.dll+0x67c928]
V  [jvm.dll+0x67c762]
V  [jvm.dll+0x67a9ce]
V  [jvm.dll+0x6849f7]
V  [jvm.dll+0x21633c]
V  [jvm.dll+0x216885]
V  [jvm.dll+0x217266]
V  [jvm.dll+0x20c21a]
V  [jvm.dll+0x5b72a5]
V  [jvm.dll+0x7de6a3]
V  [jvm.dll+0x7de7eb]
V  [jvm.dll+0x4725b7]
V  [jvm.dll+0x477f08]
C  [java.dll+0x17ec]

Java frames: (J=compiled Java code, j=interpreted, Vv=VM code)
J 860  java.lang.ClassLoader.defineClass1(Ljava/lang/ClassLoader;Ljava/lang/String;[BIILjava/security/ProtectionDomain;Ljava/lang/String;)Ljava/lang/Class; java.base@21.0.8 (0 bytes) @ 0x0000025f87b30609 [0x0000025f87b30540+0x00000000000000c9]
J 5068 c2 java.security.SecureClassLoader.defineClass(Ljava/lang/String;[BIILjava/security/CodeSource;)Ljava/lang/Class; java.base@21.0.8 (16 bytes) @ 0x0000025f87d6e724 [0x0000025f87d6e0a0+0x0000000000000684]
J 4298 c2 java.net.URLClassLoader$1.run()Ljava/lang/Object; java.base@21.0.8 (5 bytes) @ 0x0000025f87cec4dc [0x0000025f87ceb560+0x0000000000000f7c]
J 4541 c2 java.net.URLClassLoader.findClass(Ljava/lang/String;)Ljava/lang/Class; java.base@21.0.8 (47 bytes) @ 0x0000025f87d0ef9c [0x0000025f87d0eee0+0x00000000000000bc]
J 7452 c1 org.gradle.internal.classloader.VisitableURLClassLoader$InstrumentingVisitableURLClassLoader.findClass(Ljava/lang/String;)Ljava/lang/Class; (36 bytes) @ 0x0000025f80b1991c [0x0000025f80b19840+0x00000000000000dc]
J 5331 c2 java.lang.ClassLoader.loadClass(Ljava/lang/String;Z)Ljava/lang/Class; java.base@21.0.8 (121 bytes) @ 0x0000025f87db868c [0x0000025f87db7d60+0x000000000000092c]
J 3499 c2 java.lang.ClassLoader.loadClass(Ljava/lang/String;)Ljava/lang/Class; java.base@21.0.8 (7 bytes) @ 0x0000025f87bca96c [0x0000025f87bca920+0x000000000000004c]
v  ~StubRoutines::call_stub 0x0000025f875310e7
J 860  java.lang.ClassLoader.defineClass1(Ljava/lang/ClassLoader;Ljava/lang/String;[BIILjava/security/ProtectionDomain;Ljava/lang/String;)Ljava/lang/Class; java.base@21.0.8 (0 bytes) @ 0x0000025f87b30609 [0x0000025f87b30540+0x00000000000000c9]
J 5068 c2 java.security.SecureClassLoader.defineClass(Ljava/lang/String;[BIILjava/security/CodeSource;)Ljava/lang/Class; java.base@21.0.8 (16 bytes) @ 0x0000025f87d6e724 [0x0000025f87d6e0a0+0x0000000000000684]
J 4298 c2 java.net.URLClassLoader$1.run()Ljava/lang/Object; java.base@21.0.8 (5 bytes) @ 0x0000025f87cec4dc [0x0000025f87ceb560+0x0000000000000f7c]
J 4541 c2 java.net.URLClassLoader.findClass(Ljava/lang/String;)Ljava/lang/Class; java.base@21.0.8 (47 bytes) @ 0x0000025f87d0ef9c [0x0000025f87d0eee0+0x00000000000000bc]
J 7452 c1 org.gradle.internal.classloader.VisitableURLClassLoader$InstrumentingVisitableURLClassLoader.findClass(Ljava/lang/String;)Ljava/lang/Class; (36 bytes) @ 0x0000025f80b1991c [0x0000025f80b19840+0x00000000000000dc]
J 5331 c2 java.lang.ClassLoader.loadClass(Ljava/lang/String;Z)Ljava/lang/Class; java.base@21.0.8 (121 bytes) @ 0x0000025f87db868c [0x0000025f87db7d60+0x000000000000092c]
J 3499 c2 java.lang.ClassLoader.loadClass(Ljava/lang/String;)Ljava/lang/Class; java.base@21.0.8 (7 bytes) @ 0x0000025f87bca96c [0x0000025f87bca920+0x000000000000004c]
v  ~StubRoutines::call_stub 0x0000025f875310e7
j  org.jetbrains.kotlin.gradle.plugin.KotlinTargetConfiguratorKt.setUsesPlatformOf(Lorg/gradle/api/attributes/HasAttributes;Lorg/jetbrains/kotlin/gradle/plugin/KotlinTarget;)Lorg/gradle/api/attributes/HasAttributes;+147
j  org.jetbrains.kotlin.gradle.plugin.KotlinTargetConfiguratorKt.usesPlatformOf(Lorg/gradle/api/artifacts/Configuration;Lorg/jetbrains/kotlin/gradle/plugin/KotlinTarget;)Lorg/gradle/api/artifacts/Configuration;+17
j  org.jetbrains.kotlin.gradle.plugin.ProjectLocalConfigurationsKt.setupAsLocalTargetSpecificConfigurationIfSupported(Lorg/gradle/api/artifacts/Configuration;Lorg/jetbrains/kotlin/gradle/plugin/KotlinTarget;)V+33
j  org.jetbrains.kotlin.gradle.plugin.mpp.compilationImpl.factory.KotlinCompilationDependencyConfigurationsFactoriesKt.KotlinCompilationDependencyConfigurationsContainer(Lorg/jetbrains/kotlin/gradle/plugin/KotlinTarget;Ljava/lang/String;ZZLkotlin/jvm/functions/Function2;Lorg/jetbrains/kotlin/gradle/plugin/mpp/compilationImpl/factory/ConfigurationNaming;Ljava/lang/String;Ljava/lang/String;Ljava/lang/String;Ljava/lang/String;Ljava/lang/String;Ljava/lang/String;Ljava/lang/String;Ljava/lang/String;Ljava/lang/String;)Lorg/jetbrains/kotlin/gradle/plugin/mpp/compilationImpl/KotlinCompilationConfigurationsContainer;+633
j  org.jetbrains.kotlin.gradle.plugin.mpp.compilationImpl.factory.KotlinCompilationDependencyConfigurationsFactoriesKt.KotlinCompilationDependencyConfigurationsContainer$default(Lorg/jetbrains/kotlin/gradle/plugin/KotlinTarget;Ljava/lang/String;ZZLkotlin/jvm/functions/Function2;Lorg/jetbrains/kotlin/gradle/plugin/mpp/compilationImpl/factory/ConfigurationNaming;Ljava/lang/String;Ljava/lang/String;Ljava/lang/String;Ljava/lang/String;Ljava/lang/String;Ljava/lang/String;Ljava/lang/String;Ljava/lang/String;Ljava/lang/String;ILjava/lang/Object;)Lorg/jetbrains/kotlin/gradle/plugin/mpp/compilationImpl/KotlinCompilationConfigurationsContainer;+409
j  org.jetbrains.kotlin.gradle.plugin.mpp.compilationImpl.factory.JvmWithJavaCompilationDependencyConfigurationsFactory.create(Lorg/jetbrains/kotlin/gradle/plugin/KotlinTarget;Ljava/lang/String;)Lorg/jetbrains/kotlin/gradle/plugin/mpp/compilationImpl/KotlinCompilationConfigurationsContainer;+117
j  org.jetbrains.kotlin.gradle.plugin.mpp.compilationImpl.factory.KotlinCompilationImplFactory.create(Lorg/jetbrains/kotlin/gradle/plugin/KotlinTarget;Ljava/lang/String;)Lorg/jetbrains/kotlin/gradle/plugin/mpp/compilationImpl/KotlinCompilationImpl;+51
j  org.jetbrains.kotlin.gradle.plugin.mpp.KotlinWithJavaCompilationFactory.create(Ljava/lang/String;)Lorg/jetbrains/kotlin/gradle/plugin/mpp/KotlinWithJavaCompilation;+234
j  org.jetbrains.kotlin.gradle.plugin.mpp.KotlinWithJavaCompilationFactory.create(Ljava/lang/String;)Ljava/lang/Object;+2
j  org.gradle.api.internal.FactoryNamedDomainObjectContainer.doCreate(Ljava/lang/String;)Ljava/lang/Object;+5
j  org.gradle.api.internal.AbstractNamedDomainObjectContainer.create(Ljava/lang/String;)Ljava/lang/Object;+13
j  org.gradle.api.internal.AbstractNamedDomainObjectContainer.maybeCreate(Ljava/lang/String;)Ljava/lang/Object;+14
j  org.jetbrains.kotlin.gradle.plugin.AbstractKotlinPlugin$Companion$setUpJavaSourceSets$1.execute(Lorg/gradle/api/tasks/SourceSet;)V+15
j  org.jetbrains.kotlin.gradle.plugin.AbstractKotlinPlugin$Companion$setUpJavaSourceSets$1.execute(Ljava/lang/Object;)V+5
j  org.gradle.internal.code.DefaultUserCodeApplicationContext$CurrentApplication$1.execute(Ljava/lang/Object;)V+39
j  org.gradle.api.internal.DefaultCollectionCallbackActionDecorator$BuildOperationEmittingAction$1.run(Lorg/gradle/internal/operations/BuildOperationContext;)V+11
j  org.gradle.internal.operations.DefaultBuildOperationRunner$1.execute(Lorg/gradle/internal/operations/RunnableBuildOperation;Lorg/gradle/internal/operations/BuildOperationContext;)V+2
j  org.gradle.internal.operations.DefaultBuildOperationRunner$1.execute(Lorg/gradle/internal/operations/BuildOperation;Lorg/gradle/internal/operations/BuildOperationContext;)V+6
J 6846 c1 org.gradle.internal.operations.DefaultBuildOperationRunner$2.execute(Lorg/gradle/internal/operations/BuildOperationDescriptor;Lorg/gradle/internal/operations/BuildOperationState;Lorg/gradle/internal/operations/BuildOperationState;Lorg/gradle/internal/operations/DefaultBuildOperationRunner$ReadableBuildOperationContext;Lorg/gradle/internal/operations/DefaultBuildOperationRunner$BuildOperationExecutionListener;)Lorg/gradle/internal/operations/BuildOperation; (110 bytes) @ 0x0000025f80312b34 [0x0000025f80312940+0x00000000000001f4]
J 6642 c1 org.gradle.internal.operations.DefaultBuildOperationRunner$2.execute(Lorg/gradle/internal/operations/BuildOperationDescriptor;Lorg/gradle/internal/operations/BuildOperationState;Lorg/gradle/internal/operations/BuildOperationState;Lorg/gradle/internal/operations/DefaultBuildOperationRunner$ReadableBuildOperationContext;Lorg/gradle/internal/operations/DefaultBuildOperationRunner$BuildOperationExecutionListener;)Ljava/lang/Object; (12 bytes) @ 0x0000025f80ac3ebc [0x0000025f80ac3e40+0x000000000000007c]
J 6398 c1 org.gradle.internal.operations.DefaultBuildOperationRunner.execute(Lorg/gradle/internal/operations/BuildOperationDescriptor$Builder;Lorg/gradle/internal/operations/BuildOperationState;Lorg/gradle/internal/operations/DefaultBuildOperationRunner$BuildOperationExecution;)Ljava/lang/Object; (147 bytes) @ 0x0000025f80a4dc6c [0x0000025f80a4d180+0x0000000000000aec]
J 6792 c1 org.gradle.internal.operations.DefaultBuildOperationRunner.execute(Lorg/gradle/internal/operations/BuildOperation;Lorg/gradle/internal/operations/BuildOperationWorker;Lorg/gradle/internal/operations/BuildOperationState;)V (23 bytes) @ 0x0000025f803cf27c [0x0000025f803cefe0+0x000000000000029c]
j  org.gradle.internal.operations.DefaultBuildOperationRunner.run(Lorg/gradle/internal/operations/RunnableBuildOperation;)V+9
j  org.gradle.api.internal.DefaultCollectionCallbackActionDecorator$BuildOperationEmittingAction.execute(Ljava/lang/Object;)V+20
j  org.gradle.api.internal.DefaultDomainObjectCollection.all(Lorg/gradle/api/Action;)V+114
j  org.jetbrains.kotlin.gradle.plugin.AbstractKotlinPlugin$Companion.setUpJavaSourceSets$kotlin_gradle_plugin_common(Lorg/jetbrains/kotlin/gradle/plugin/KotlinTarget;Z)V+96
j  org.jetbrains.kotlin.gradle.plugin.AbstractKotlinPlugin$Companion.setUpJavaSourceSets$kotlin_gradle_plugin_common$default(Lorg/jetbrains/kotlin/gradle/plugin/AbstractKotlinPlugin$Companion;Lorg/jetbrains/kotlin/gradle/plugin/KotlinTarget;ZILjava/lang/Object;)V+11
j  org.jetbrains.kotlin.gradle.plugin.AbstractKotlinPlugin$Companion.configureTarget(Lorg/jetbrains/kotlin/gradle/plugin/mpp/KotlinWithJavaTarget;Lkotlin/jvm/functions/Function1;)V+20
j  org.jetbrains.kotlin.gradle.plugin.AbstractKotlinPlugin.apply(Lorg/gradle/api/Project;)V+61
j  org.jetbrains.kotlin.gradle.plugin.KotlinJvmPlugin.apply(Lorg/gradle/api/Project;)V+115
j  org.jetbrains.kotlin.gradle.plugin.KotlinJvmPlugin.apply(Ljava/lang/Object;)V+5
j  org.jetbrains.kotlin.gradle.plugin.KotlinBasePluginWrapper.apply(Lorg/gradle/api/Project;)V+219
j  org.jetbrains.kotlin.gradle.plugin.KotlinPluginWrapper.apply(Lorg/gradle/api/Project;)V+12
j  org.jetbrains.kotlin.gradle.plugin.KotlinPluginWrapper.apply(Ljava/lang/Object;)V+5
j  org.gradle.api.internal.plugins.ImperativeOnlyPluginTarget.applyImperative(Ljava/lang/String;Lorg/gradle/api/Plugin;)V+13
j  org.gradle.api.internal.plugins.RuleBasedPluginTarget.applyImperative(Ljava/lang/String;Lorg/gradle/api/Plugin;)V+6
j  org.gradle.api.internal.plugins.DefaultPluginManager.addPlugin(Ljava/lang/Runnable;Lorg/gradle/api/internal/plugins/PluginImplementation;Ljava/lang/String;Ljava/lang/Class;)V+54
j  org.gradle.api.internal.plugins.DefaultPluginManager.access$100(Lorg/gradle/api/internal/plugins/DefaultPluginManager;Ljava/lang/Runnable;Lorg/gradle/api/internal/plugins/PluginImplementation;Ljava/lang/String;Ljava/lang/Class;)V+6
j  org.gradle.api.internal.plugins.DefaultPluginManager$AddPluginBuildOperation.run(Lorg/gradle/internal/operations/BuildOperationContext;)V+20
j  org.gradle.internal.operations.DefaultBuildOperationRunner$1.execute(Lorg/gradle/internal/operations/RunnableBuildOperation;Lorg/gradle/internal/operations/BuildOperationContext;)V+2
j  org.gradle.internal.operations.DefaultBuildOperationRunner$1.execute(Lorg/gradle/internal/operations/BuildOperation;Lorg/gradle/internal/operations/BuildOperationContext;)V+6
J 6846 c1 org.gradle.internal.operations.DefaultBuildOperationRunner$2.execute(Lorg/gradle/internal/operations/BuildOperationDescriptor;Lorg/gradle/internal/operations/BuildOperationState;Lorg/gradle/internal/operations/BuildOperationState;Lorg/gradle/internal/operations/DefaultBuildOperationRunner$ReadableBuildOperationContext;Lorg/gradle/internal/operations/DefaultBuildOperationRunner$BuildOperationExecutionListener;)Lorg/gradle/internal/operations/BuildOperation; (110 bytes) @ 0x0000025f80312b34 [0x0000025f80312940+0x00000000000001f4]
J 6642 c1 org.gradle.internal.operations.DefaultBuildOperationRunner$2.execute(Lorg/gradle/internal/operations/BuildOperationDescriptor;Lorg/gradle/internal/operations/BuildOperationState;Lorg/gradle/internal/operations/BuildOperationState;Lorg/gradle/internal/operations/DefaultBuildOperationRunner$ReadableBuildOperationContext;Lorg/gradle/internal/operations/DefaultBuildOperationRunner$BuildOperationExecutionListener;)Ljava/lang/Object; (12 bytes) @ 0x0000025f80ac3ebc [0x0000025f80ac3e40+0x000000000000007c]
J 6398 c1 org.gradle.internal.operations.DefaultBuildOperationRunner.execute(Lorg/gradle/internal/operations/BuildOperationDescriptor$Builder;Lorg/gradle/internal/operations/BuildOperationState;Lorg/gradle/internal/operations/DefaultBuildOperationRunner$BuildOperationExecution;)Ljava/lang/Object; (147 bytes) @ 0x0000025f80a4dc6c [0x0000025f80a4d180+0x0000000000000aec]
J 6792 c1 org.gradle.internal.operations.DefaultBuildOperationRunner.execute(Lorg/gradle/internal/operations/BuildOperation;Lorg/gradle/internal/operations/BuildOperationWorker;Lorg/gradle/internal/operations/BuildOperationState;)V (23 bytes) @ 0x0000025f803cf27c [0x0000025f803cefe0+0x000000000000029c]
j  org.gradle.internal.operations.DefaultBuildOperationRunner.run(Lorg/gradle/internal/operations/RunnableBuildOperation;)V+9
j  org.gradle.api.internal.plugins.DefaultPluginManager.lambda$doApply$0(Ljava/lang/Runnable;Lorg/gradle/api/internal/plugins/PluginImplementation;Ljava/lang/String;Ljava/lang/Class;Lorg/gradle/internal/code/UserCodeApplicationId;)V+20
j  org.gradle.api.internal.plugins.DefaultPluginManager$$Lambda+0x0000000100827270.execute(Ljava/lang/Object;)V+24
j  org.gradle.internal.code.DefaultUserCodeApplicationContext.apply(Lorg/gradle/internal/code/UserCodeSource;Lorg/gradle/api/Action;)V+37
j  org.gradle.api.internal.plugins.DefaultPluginManager.doApply(Lorg/gradle/api/internal/plugins/PluginImplementation;)V+144
j  org.gradle.api.internal.plugins.DefaultPluginManager.addImperativePlugin(Lorg/gradle/api/internal/plugins/PluginImplementation;)Lorg/gradle/api/Plugin;+2
j  org.gradle.api.internal.plugins.DefaultPluginManager.addImperativePlugin(Ljava/lang/Class;)Lorg/gradle/api/Plugin;+11
j  org.gradle.api.internal.plugins.DefaultPluginContainer.apply(Ljava/lang/Class;)Lorg/gradle/api/Plugin;+5
j  org.gradle.kotlin.dsl.plugins.embedded.EmbeddedKotlinPlugin.apply(Lorg/gradle/api/Project;)V+18
j  org.gradle.kotlin.dsl.plugins.embedded.EmbeddedKotlinPlugin.apply(Ljava/lang/Object;)V+5
j  org.gradle.api.internal.plugins.ImperativeOnlyPluginTarget.applyImperative(Ljava/lang/String;Lorg/gradle/api/Plugin;)V+13
j  org.gradle.api.internal.plugins.RuleBasedPluginTarget.applyImperative(Ljava/lang/String;Lorg/gradle/api/Plugin;)V+6
j  org.gradle.api.internal.plugins.DefaultPluginManager.addPlugin(Ljava/lang/Runnable;Lorg/gradle/api/internal/plugins/PluginImplementation;Ljava/lang/String;Ljava/lang/Class;)V+54
j  org.gradle.api.internal.plugins.DefaultPluginManager.access$100(Lorg/gradle/api/internal/plugins/DefaultPluginManager;Ljava/lang/Runnable;Lorg/gradle/api/internal/plugins/PluginImplementation;Ljava/lang/String;Ljava/lang/Class;)V+6
j  org.gradle.api.internal.plugins.DefaultPluginManager$AddPluginBuildOperation.run(Lorg/gradle/internal/operations/BuildOperationContext;)V+20
j  org.gradle.internal.operations.DefaultBuildOperationRunner$1.execute(Lorg/gradle/internal/operations/RunnableBuildOperation;Lorg/gradle/internal/operations/BuildOperationContext;)V+2
j  org.gradle.internal.operations.DefaultBuildOperationRunner$1.execute(Lorg/gradle/internal/operations/BuildOperation;Lorg/gradle/internal/operations/BuildOperationContext;)V+6
J 6846 c1 org.gradle.internal.operations.DefaultBuildOperationRunner$2.execute(Lorg/gradle/internal/operations/BuildOperationDescriptor;Lorg/gradle/internal/operations/BuildOperationState;Lorg/gradle/internal/operations/BuildOperationState;Lorg/gradle/internal/operations/DefaultBuildOperationRunner$ReadableBuildOperationContext;Lorg/gradle/internal/operations/DefaultBuildOperationRunner$BuildOperationExecutionListener;)Lorg/gradle/internal/operations/BuildOperation; (110 bytes) @ 0x0000025f80312b34 [0x0000025f80312940+0x00000000000001f4]
J 6642 c1 org.gradle.internal.operations.DefaultBuildOperationRunner$2.execute(Lorg/gradle/internal/operations/BuildOperationDescriptor;Lorg/gradle/internal/operations/BuildOperationState;Lorg/gradle/internal/operations/BuildOperationState;Lorg/gradle/internal/operations/DefaultBuildOperationRunner$ReadableBuildOperationContext;Lorg/gradle/internal/operations/DefaultBuildOperationRunner$BuildOperationExecutionListener;)Ljava/lang/Object; (12 bytes) @ 0x0000025f80ac3ebc [0x0000025f80ac3e40+0x000000000000007c]
J 6398 c1 org.gradle.internal.operations.DefaultBuildOperationRunner.execute(Lorg/gradle/internal/operations/BuildOperationDescriptor$Builder;Lorg/gradle/internal/operations/BuildOperationState;Lorg/gradle/internal/operations/DefaultBuildOperationRunner$BuildOperationExecution;)Ljava/lang/Object; (147 bytes) @ 0x0000025f80a4dc6c [0x0000025f80a4d180+0x0000000000000aec]
J 6792 c1 org.gradle.internal.operations.DefaultBuildOperationRunner.execute(Lorg/gradle/internal/operations/BuildOperation;Lorg/gradle/internal/operations/BuildOperationWorker;Lorg/gradle/internal/operations/BuildOperationState;)V (23 bytes) @ 0x0000025f803cf27c [0x0000025f803cefe0+0x000000000000029c]
j  org.gradle.internal.operations.DefaultBuildOperationRunner.run(Lorg/gradle/internal/operations/RunnableBuildOperation;)V+9
j  org.gradle.api.internal.plugins.DefaultPluginManager.lambda$doApply$0(Ljava/lang/Runnable;Lorg/gradle/api/internal/plugins/PluginImplementation;Ljava/lang/String;Ljava/lang/Class;Lorg/gradle/internal/code/UserCodeApplicationId;)V+20
j  org.gradle.api.internal.plugins.DefaultPluginManager$$Lambda+0x0000000100827270.execute(Ljava/lang/Object;)V+24
j  org.gradle.internal.code.DefaultUserCodeApplicationContext.apply(Lorg/gradle/internal/code/UserCodeSource;Lorg/gradle/api/Action;)V+37
j  org.gradle.api.internal.plugins.DefaultPluginManager.doApply(Lorg/gradle/api/internal/plugins/PluginImplementation;)V+144
j  org.gradle.api.internal.plugins.DefaultPluginManager.apply(Ljava/lang/Class;)V+11
j  org.gradle.api.internal.plugins.DefaultObjectConfigurationAction.applyType(Ljava/lang/Class;)V+43
j  org.gradle.api.internal.plugins.DefaultObjectConfigurationAction.applyPlugin(Ljava/lang/Class;)V+2
j  org.gradle.api.internal.plugins.DefaultObjectConfigurationAction.access$100(Lorg/gradle/api/internal/plugins/DefaultObjectConfigurationAction;Ljava/lang/Class;)V+2
j  org.gradle.api.internal.plugins.DefaultObjectConfigurationAction$2.run()V+8
j  org.gradle.api.internal.plugins.DefaultObjectConfigurationAction.execute()V+58
j  org.gradle.api.internal.project.AbstractPluginAware.apply(Lorg/gradle/api/Action;)V+13
j  org.gradle.api.internal.project.DefaultProject.apply(Lorg/gradle/api/Action;)V+6
j  org.gradle.kotlin.dsl.plugins.base.KotlinDslBasePlugin.apply(Lorg/gradle/api/Project;)V+34
j  org.gradle.kotlin.dsl.plugins.base.KotlinDslBasePlugin.apply(Ljava/lang/Object;)V+5
j  org.gradle.api.internal.plugins.ImperativeOnlyPluginTarget.applyImperative(Ljava/lang/String;Lorg/gradle/api/Plugin;)V+13
j  org.gradle.api.internal.plugins.RuleBasedPluginTarget.applyImperative(Ljava/lang/String;Lorg/gradle/api/Plugin;)V+6
j  org.gradle.api.internal.plugins.DefaultPluginManager.addPlugin(Ljava/lang/Runnable;Lorg/gradle/api/internal/plugins/PluginImplementation;Ljava/lang/String;Ljava/lang/Class;)V+54
j  org.gradle.api.internal.plugins.DefaultPluginManager.access$100(Lorg/gradle/api/internal/plugins/DefaultPluginManager;Ljava/lang/Runnable;Lorg/gradle/api/internal/plugins/PluginImplementation;Ljava/lang/String;Ljava/lang/Class;)V+6
j  org.gradle.api.internal.plugins.DefaultPluginManager$AddPluginBuildOperation.run(Lorg/gradle/internal/operations/BuildOperationContext;)V+20
j  org.gradle.internal.operations.DefaultBuildOperationRunner$1.execute(Lorg/gradle/internal/operations/RunnableBuildOperation;Lorg/gradle/internal/operations/BuildOperationContext;)V+2
j  org.gradle.internal.operations.DefaultBuildOperationRunner$1.execute(Lorg/gradle/internal/operations/BuildOperation;Lorg/gradle/internal/operations/BuildOperationContext;)V+6
J 6846 c1 org.gradle.internal.operations.DefaultBuildOperationRunner$2.execute(Lorg/gradle/internal/operations/BuildOperationDescriptor;Lorg/gradle/internal/operations/BuildOperationState;Lorg/gradle/internal/operations/BuildOperationState;Lorg/gradle/internal/operations/DefaultBuildOperationRunner$ReadableBuildOperationContext;Lorg/gradle/internal/operations/DefaultBuildOperationRunner$BuildOperationExecutionListener;)Lorg/gradle/internal/operations/BuildOperation; (110 bytes) @ 0x0000025f80312b34 [0x0000025f80312940+0x00000000000001f4]
J 6642 c1 org.gradle.internal.operations.DefaultBuildOperationRunner$2.execute(Lorg/gradle/internal/operations/BuildOperationDescriptor;Lorg/gradle/internal/operations/BuildOperationState;Lorg/gradle/internal/operations/BuildOperationState;Lorg/gradle/internal/operations/DefaultBuildOperationRunner$ReadableBuildOperationContext;Lorg/gradle/internal/operations/DefaultBuildOperationRunner$BuildOperationExecutionListener;)Ljava/lang/Object; (12 bytes) @ 0x0000025f80ac3ebc [0x0000025f80ac3e40+0x000000000000007c]
J 6398 c1 org.gradle.internal.operations.DefaultBuildOperationRunner.execute(Lorg/gradle/internal/operations/BuildOperationDescriptor$Builder;Lorg/gradle/internal/operations/BuildOperationState;Lorg/gradle/internal/operations/DefaultBuildOperationRunner$BuildOperationExecution;)Ljava/lang/Object; (147 bytes) @ 0x0000025f80a4dc6c [0x0000025f80a4d180+0x0000000000000aec]
J 6792 c1 org.gradle.internal.operations.DefaultBuildOperationRunner.execute(Lorg/gradle/internal/operations/BuildOperation;Lorg/gradle/internal/operations/BuildOperationWorker;Lorg/gradle/internal/operations/BuildOperationState;)V (23 bytes) @ 0x0000025f803cf27c [0x0000025f803cefe0+0x000000000000029c]
j  org.gradle.internal.operations.DefaultBuildOperationRunner.run(Lorg/gradle/internal/operations/RunnableBuildOperation;)V+9
j  org.gradle.api.internal.plugins.DefaultPluginManager.lambda$doApply$0(Ljava/lang/Runnable;Lorg/gradle/api/internal/plugins/PluginImplementation;Ljava/lang/String;Ljava/lang/Class;Lorg/gradle/internal/code/UserCodeApplicationId;)V+20
j  org.gradle.api.internal.plugins.DefaultPluginManager$$Lambda+0x0000000100827270.execute(Ljava/lang/Object;)V+24
j  org.gradle.internal.code.DefaultUserCodeApplicationContext.apply(Lorg/gradle/internal/code/UserCodeSource;Lorg/gradle/api/Action;)V+37
j  org.gradle.api.internal.plugins.DefaultPluginManager.doApply(Lorg/gradle/api/internal/plugins/PluginImplementation;)V+144
j  org.gradle.api.internal.plugins.DefaultPluginManager.apply(Ljava/lang/Class;)V+11
j  org.gradle.api.internal.plugins.DefaultObjectConfigurationAction.applyType(Ljava/lang/Class;)V+43
j  org.gradle.api.internal.plugins.DefaultObjectConfigurationAction.applyPlugin(Ljava/lang/Class;)V+2
j  org.gradle.api.internal.plugins.DefaultObjectConfigurationAction.access$100(Lorg/gradle/api/internal/plugins/DefaultObjectConfigurationAction;Ljava/lang/Class;)V+2
j  org.gradle.api.internal.plugins.DefaultObjectConfigurationAction$2.run()V+8
j  org.gradle.api.internal.plugins.DefaultObjectConfigurationAction.execute()V+58
j  org.gradle.api.internal.project.AbstractPluginAware.apply(Lorg/gradle/api/Action;)V+13
j  org.gradle.api.internal.project.DefaultProject.apply(Lorg/gradle/api/Action;)V+6
j  org.gradle.kotlin.dsl.plugins.dsl.KotlinDslPlugin.apply(Lorg/gradle/api/Project;)V+70
j  org.gradle.kotlin.dsl.plugins.dsl.KotlinDslPlugin.apply(Ljava/lang/Object;)V+5
j  org.gradle.api.internal.plugins.ImperativeOnlyPluginTarget.applyImperative(Ljava/lang/String;Lorg/gradle/api/Plugin;)V+13
j  org.gradle.api.internal.plugins.RuleBasedPluginTarget.applyImperative(Ljava/lang/String;Lorg/gradle/api/Plugin;)V+6
j  org.gradle.api.internal.plugins.DefaultPluginManager.addPlugin(Ljava/lang/Runnable;Lorg/gradle/api/internal/plugins/PluginImplementation;Ljava/lang/String;Ljava/lang/Class;)V+54
j  org.gradle.api.internal.plugins.DefaultPluginManager.access$100(Lorg/gradle/api/internal/plugins/DefaultPluginManager;Ljava/lang/Runnable;Lorg/gradle/api/internal/plugins/PluginImplementation;Ljava/lang/String;Ljava/lang/Class;)V+6
j  org.gradle.api.internal.plugins.DefaultPluginManager$AddPluginBuildOperation.run(Lorg/gradle/internal/operations/BuildOperationContext;)V+20
j  org.gradle.internal.operations.DefaultBuildOperationRunner$1.execute(Lorg/gradle/internal/operations/RunnableBuildOperation;Lorg/gradle/internal/operations/BuildOperationContext;)V+2
j  org.gradle.internal.operations.DefaultBuildOperationRunner$1.execute(Lorg/gradle/internal/operations/BuildOperation;Lorg/gradle/internal/operations/BuildOperationContext;)V+6
J 6846 c1 org.gradle.internal.operations.DefaultBuildOperationRunner$2.execute(Lorg/gradle/internal/operations/BuildOperationDescriptor;Lorg/gradle/internal/operations/BuildOperationState;Lorg/gradle/internal/operations/BuildOperationState;Lorg/gradle/internal/operations/DefaultBuildOperationRunner$ReadableBuildOperationContext;Lorg/gradle/internal/operations/DefaultBuildOperationRunner$BuildOperationExecutionListener;)Lorg/gradle/internal/operations/BuildOperation; (110 bytes) @ 0x0000025f80312b34 [0x0000025f80312940+0x00000000000001f4]
J 6642 c1 org.gradle.internal.operations.DefaultBuildOperationRunner$2.execute(Lorg/gradle/internal/operations/BuildOperationDescriptor;Lorg/gradle/internal/operations/BuildOperationState;Lorg/gradle/internal/operations/BuildOperationState;Lorg/gradle/internal/operations/DefaultBuildOperationRunner$ReadableBuildOperationContext;Lorg/gradle/internal/operations/DefaultBuildOperationRunner$BuildOperationExecutionListener;)Ljava/lang/Object; (12 bytes) @ 0x0000025f80ac3ebc [0x0000025f80ac3e40+0x000000000000007c]
J 6398 c1 org.gradle.internal.operations.DefaultBuildOperationRunner.execute(Lorg/gradle/internal/operations/BuildOperationDescriptor$Builder;Lorg/gradle/internal/operations/BuildOperationState;Lorg/gradle/internal/operations/DefaultBuildOperationRunner$BuildOperationExecution;)Ljava/lang/Object; (147 bytes) @ 0x0000025f80a4dc6c [0x0000025f80a4d180+0x0000000000000aec]
J 6792 c1 org.gradle.internal.operations.DefaultBuildOperationRunner.execute(Lorg/gradle/internal/operations/BuildOperation;Lorg/gradle/internal/operations/BuildOperationWorker;Lorg/gradle/internal/operations/BuildOperationState;)V (23 bytes) @ 0x0000025f803cf27c [0x0000025f803cefe0+0x000000000000029c]
j  org.gradle.internal.operations.DefaultBuildOperationRunner.run(Lorg/gradle/internal/operations/RunnableBuildOperation;)V+9
j  org.gradle.api.internal.plugins.DefaultPluginManager.lambda$doApply$0(Ljava/lang/Runnable;Lorg/gradle/api/internal/plugins/PluginImplementation;Ljava/lang/String;Ljava/lang/Class;Lorg/gradle/internal/code/UserCodeApplicationId;)V+20
j  org.gradle.api.internal.plugins.DefaultPluginManager$$Lambda+0x0000000100827270.execute(Ljava/lang/Object;)V+24
j  org.gradle.internal.code.DefaultUserCodeApplicationContext.apply(Lorg/gradle/internal/code/UserCodeSource;Lorg/gradle/api/Action;)V+37
j  org.gradle.api.internal.plugins.DefaultPluginManager.doApply(Lorg/gradle/api/internal/plugins/PluginImplementation;)V+144
j  org.gradle.api.internal.plugins.DefaultPluginManager.apply(Ljava/lang/String;)V+52
j  org.gradle.plugin.use.resolve.internal.ArtifactRepositoriesPluginResolver$ExternalPluginResolution.applyTo(Lorg/gradle/api/internal/plugins/PluginManagerInternal;)V+55
j  org.gradle.plugin.use.internal.DefaultPluginRequestApplicator$ApplyAction.apply(Lorg/gradle/api/internal/plugins/PluginManagerInternal;)V+21
j  org.gradle.plugin.use.internal.DefaultPluginRequestApplicator.lambda$applyPlugins$1(Lorg/gradle/api/internal/plugins/PluginManagerInternal;Lorg/gradle/plugin/use/internal/DefaultPluginRequestApplicator$ApplyAction;)V+2
j  org.gradle.plugin.use.internal.DefaultPluginRequestApplicator$$Lambda+0x0000000100969af8.accept(Ljava/lang/Object;)V+8
j  java.util.ArrayList.forEach(Ljava/util/function/Consumer;)V+46 java.base@21.0.8
j  org.gradle.plugin.use.internal.DefaultPluginRequestApplicator.applyPlugins(Lorg/gradle/plugin/management/internal/PluginRequests;Lorg/gradle/api/internal/initialization/ScriptHandlerInternal;Lorg/gradle/api/internal/plugins/PluginManagerInternal;Lorg/gradle/api/internal/initialization/ClassLoaderScope;)V+375
j  org.gradle.kotlin.dsl.provider.PluginRequestsHandler.handle(Lorg/gradle/plugin/management/internal/PluginRequests;Lorg/gradle/api/internal/initialization/ScriptHandlerInternal;Lorg/gradle/api/internal/plugins/PluginAwareInternal;Lorg/gradle/api/internal/initialization/ClassLoaderScope;)V+65
j  org.gradle.kotlin.dsl.provider.StandardKotlinScriptEvaluator$InterpreterHost.applyPluginsTo(Lorg/gradle/kotlin/dsl/support/KotlinScriptHost;Lorg/gradle/plugin/management/internal/PluginRequests;)V+53
j  org.gradle.kotlin.dsl.execution.Interpreter$ProgramHost.applyPluginsTo(Lorg/gradle/kotlin/dsl/support/KotlinScriptHost;Lorg/gradle/plugin/management/internal/PluginRequests;)V+21
j  Program.execute(Lorg/gradle/kotlin/dsl/execution/ExecutableProgram$Host;Lorg/gradle/kotlin/dsl/support/KotlinScriptHost;)V+38
j  org.gradle.kotlin.dsl.execution.Interpreter$ProgramHost.eval(Lorg/gradle/kotlin/dsl/execution/CompiledScript;Lorg/gradle/kotlin/dsl/support/KotlinScriptHost;)V+88
j  org.gradle.kotlin.dsl.execution.Interpreter.eval(Ljava/lang/Object;Lorg/gradle/groovy/scripts/ScriptSource;Lorg/gradle/internal/hash/HashCode;Lorg/gradle/api/initialization/dsl/ScriptHandler;Lorg/gradle/api/internal/initialization/ClassLoaderScope;Lorg/gradle/api/internal/initialization/ClassLoaderScope;ZLjava/util/EnumSet;)V+213
j  org.gradle.kotlin.dsl.provider.StandardKotlinScriptEvaluator.evaluate(Ljava/lang/Object;Lorg/gradle/groovy/scripts/ScriptSource;Lorg/gradle/api/initialization/dsl/ScriptHandler;Lorg/gradle/api/internal/initialization/ClassLoaderScope;Lorg/gradle/api/internal/initialization/ClassLoaderScope;ZLjava/util/EnumSet;)V+163
j  org.gradle.kotlin.dsl.provider.KotlinScriptPluginFactory$create$1.invoke(Ljava/lang/Object;)V+72
j  org.gradle.kotlin.dsl.provider.KotlinScriptPluginFactory$create$1.invoke(Ljava/lang/Object;)Ljava/lang/Object;+2
j  org.gradle.kotlin.dsl.provider.KotlinScriptPlugin.apply(Ljava/lang/Object;)V+22
j  org.gradle.configuration.BuildOperationScriptPlugin$1.run(Lorg/gradle/internal/operations/BuildOperationContext;)V+11
j  org.gradle.internal.operations.DefaultBuildOperationRunner$1.execute(Lorg/gradle/internal/operations/RunnableBuildOperation;Lorg/gradle/internal/operations/BuildOperationContext;)V+2
j  org.gradle.internal.operations.DefaultBuildOperationRunner$1.execute(Lorg/gradle/internal/operations/BuildOperation;Lorg/gradle/internal/operations/BuildOperationContext;)V+6
j  org.gradle.internal.operations.DefaultBuildOperationRunner$2.execute(Lorg/gradle/internal/operations/BuildOperationDescriptor;Lorg/gradle/internal/operations/BuildOperationState;Lorg/gradle/internal/operations/BuildOperationState;Lorg/gradle/internal/operations/DefaultBuildOperationRunner$ReadableBuildOperationContext;Lorg/gradle/internal/operations/DefaultBuildOperationRunner$BuildOperationExecutionListener;)Lorg/gradle/internal/operations/BuildOperation;+22
j  org.gradle.internal.operations.DefaultBuildOperationRunner$2.execute(Lorg/gradle/internal/operations/BuildOperationDescriptor;Lorg/gradle/internal/operations/BuildOperationState;Lorg/gradle/internal/operations/BuildOperationState;Lorg/gradle/internal/operations/DefaultBuildOperationRunner$ReadableBuildOperationContext;Lorg/gradle/internal/operations/DefaultBuildOperationRunner$BuildOperationExecutionListener;)Ljava/lang/Object;+8
j  org.gradle.internal.operations.DefaultBuildOperationRunner.execute(Lorg/gradle/internal/operations/BuildOperationDescriptor$Builder;Lorg/gradle/internal/operations/BuildOperationState;Lorg/gradle/internal/operations/DefaultBuildOperationRunner$BuildOperationExecution;)Ljava/lang/Object;+141
j  org.gradle.internal.operations.DefaultBuildOperationRunner.execute(Lorg/gradle/internal/operations/BuildOperation;Lorg/gradle/internal/operations/BuildOperationWorker;Lorg/gradle/internal/operations/BuildOperationState;)V+18
j  org.gradle.internal.operations.DefaultBuildOperationRunner.run(Lorg/gradle/internal/operations/RunnableBuildOperation;)V+9
j  org.gradle.configuration.BuildOperationScriptPlugin.lambda$apply$0(Ljava/lang/Object;Lorg/gradle/internal/code/UserCodeApplicationId;)V+14
j  org.gradle.configuration.BuildOperationScriptPlugin$$Lambda+0x000000010060c500.execute(Ljava/lang/Object;)V+12
j  org.gradle.internal.code.DefaultUserCodeApplicationContext.apply(Lorg/gradle/internal/code/UserCodeSource;Lorg/gradle/api/Action;)V+37
j  org.gradle.configuration.BuildOperationScriptPlugin.apply(Ljava/lang/Object;)V+71
j  org.gradle.configuration.project.BuildScriptProcessor$$Lambda+0x0000000100870000.accept(Ljava/lang/Object;)V+8
j  org.gradle.api.internal.project.DefaultProjectStateRegistry$ProjectStateImpl.lambda$applyToMutableState$1(Ljava/util/function/Consumer;Lorg/gradle/api/internal/project/ProjectInternal;)Ljava/lang/Object;+2
j  org.gradle.api.internal.project.DefaultProjectStateRegistry$ProjectStateImpl$$Lambda+0x0000000100808e68.apply(Ljava/lang/Object;)Ljava/lang/Object;+8
j  org.gradle.api.internal.project.DefaultProjectStateRegistry$ProjectStateImpl.fromMutableState(Ljava/util/function/Function;)Ljava/lang/Object;+97
j  org.gradle.api.internal.project.DefaultProjectStateRegistry$ProjectStateImpl.applyToMutableState(Ljava/util/function/Consumer;)V+7
j  org.gradle.configuration.project.BuildScriptProcessor.execute(Lorg/gradle/api/internal/project/ProjectInternal;)V+88
j  org.gradle.configuration.project.BuildScriptProcessor.execute(Ljava/lang/Object;)V+5
j  org.gradle.configuration.project.ConfigureActionsProjectEvaluator.evaluate(Lorg/gradle/api/internal/project/ProjectInternal;Lorg/gradle/api/internal/project/ProjectStateInternal;)V+33
j  org.gradle.configuration.project.LifecycleProjectEvaluator$EvaluateProject.lambda$run$0(Lorg/gradle/internal/operations/BuildOperationContext;Lorg/gradle/api/internal/project/ProjectInternal;)V+67
j  org.gradle.configuration.project.LifecycleProjectEvaluator$EvaluateProject$$Lambda+0x0000000100808c00.accept(Ljava/lang/Object;)V+12
j  org.gradle.api.internal.project.DefaultProjectStateRegistry$ProjectStateImpl.lambda$applyToMutableState$1(Ljava/util/function/Consumer;Lorg/gradle/api/internal/project/ProjectInternal;)Ljava/lang/Object;+2
j  org.gradle.api.internal.project.DefaultProjectStateRegistry$ProjectStateImpl$$Lambda+0x0000000100808e68.apply(Ljava/lang/Object;)Ljava/lang/Object;+8
j  org.gradle.api.internal.project.DefaultProjectStateRegistry$ProjectStateImpl.lambda$fromMutableState$2(Ljava/util/function/Function;)Ljava/lang/Object;+5
j  org.gradle.api.internal.project.DefaultProjectStateRegistry$ProjectStateImpl$$Lambda+0x00000001008090e0.create()Ljava/lang/Object;+8
j  org.gradle.internal.work.DefaultWorkerLeaseService.withReplacedLocks(Ljava/util/Collection;Lorg/gradle/internal/resources/ResourceLock;Lorg/gradle/internal/Factory;)Ljava/lang/Object;+40
j  org.gradle.api.internal.project.DefaultProjectStateRegistry$ProjectStateImpl.fromMutableState(Ljava/util/function/Function;)Ljava/lang/Object;+133
j  org.gradle.api.internal.project.DefaultProjectStateRegistry$ProjectStateImpl.applyToMutableState(Ljava/util/function/Consumer;)V+7
j  org.gradle.configuration.project.LifecycleProjectEvaluator$EvaluateProject.run(Lorg/gradle/internal/operations/BuildOperationContext;)V+16
j  org.gradle.internal.operations.DefaultBuildOperationRunner$1.execute(Lorg/gradle/internal/operations/RunnableBuildOperation;Lorg/gradle/internal/operations/BuildOperationContext;)V+2
j  org.gradle.internal.operations.DefaultBuildOperationRunner$1.execute(Lorg/gradle/internal/operations/BuildOperation;Lorg/gradle/internal/operations/BuildOperationContext;)V+6
j  org.gradle.internal.operations.DefaultBuildOperationRunner$2.execute(Lorg/gradle/internal/operations/BuildOperationDescriptor;Lorg/gradle/internal/operations/BuildOperationState;Lorg/gradle/internal/operations/BuildOperationState;Lorg/gradle/internal/operations/DefaultBuildOperationRunner$ReadableBuildOperationContext;Lorg/gradle/internal/operations/DefaultBuildOperationRunner$BuildOperationExecutionListener;)Lorg/gradle/internal/operations/BuildOperation;+22
j  org.gradle.internal.operations.DefaultBuildOperationRunner$2.execute(Lorg/gradle/internal/operations/BuildOperationDescriptor;Lorg/gradle/internal/operations/BuildOperationState;Lorg/gradle/internal/operations/BuildOperationState;Lorg/gradle/internal/operations/DefaultBuildOperationRunner$ReadableBuildOperationContext;Lorg/gradle/internal/operations/DefaultBuildOperationRunner$BuildOperationExecutionListener;)Ljava/lang/Object;+8
j  org.gradle.internal.operations.DefaultBuildOperationRunner.execute(Lorg/gradle/internal/operations/BuildOperationDescriptor$Builder;Lorg/gradle/internal/operations/BuildOperationState;Lorg/gradle/internal/operations/DefaultBuildOperationRunner$BuildOperationExecution;)Ljava/lang/Object;+141
j  org.gradle.internal.operations.DefaultBuildOperationRunner.execute(Lorg/gradle/internal/operations/BuildOperation;Lorg/gradle/internal/operations/BuildOperationWorker;Lorg/gradle/internal/operations/BuildOperationState;)V+18
j  org.gradle.internal.operations.DefaultBuildOperationRunner.run(Lorg/gradle/internal/operations/RunnableBuildOperation;)V+9
j  org.gradle.configuration.project.LifecycleProjectEvaluator.evaluate(Lorg/gradle/api/internal/project/ProjectInternal;Lorg/gradle/api/internal/project/ProjectStateInternal;)V+42
j  org.gradle.api.internal.project.DefaultProject.evaluateUnchecked()Lorg/gradle/api/internal/project/ProjectInternal;+20
j  org.gradle.api.internal.project.ProjectLifecycleController.lambda$ensureSelfConfigured$2()V+4
j  org.gradle.api.internal.project.ProjectLifecycleController$$Lambda+0x0000000100807868.run()V+4
j  org.gradle.internal.model.StateTransitionController.lambda$doTransition$14(Ljava/lang/Runnable;)Lorg/gradle/internal/build/ExecutionResult;+1
j  org.gradle.internal.model.StateTransitionController$$Lambda+0x00000001004eedf0.get()Ljava/lang/Object;+4
j  org.gradle.internal.model.StateTransitionController.doTransition(Lorg/gradle/internal/model/StateTransitionController$State;Lorg/gradle/internal/model/StateTransitionController$State;Ljava/util/function/Supplier;)Lorg/gradle/internal/build/ExecutionResult;+24
j  org.gradle.internal.model.StateTransitionController.doTransition(Lorg/gradle/internal/model/StateTransitionController$State;Lorg/gradle/internal/model/StateTransitionController$State;Ljava/lang/Runnable;)V+9
j  org.gradle.internal.model.StateTransitionController.lambda$maybeTransitionIfNotCurrentlyTransitioning$10(Lorg/gradle/internal/model/StateTransitionController$State;Lorg/gradle/internal/model/StateTransitionController$State;Ljava/lang/Runnable;)V+16
j  org.gradle.internal.model.StateTransitionController$$Lambda+0x0000000100807ac0.run()V+16
j  org.gradle.internal.work.DefaultSynchronizer.withLock(Ljava/lang/Runnable;)V+6
j  org.gradle.internal.model.StateTransitionController.maybeTransitionIfNotCurrentlyTransitioning(Lorg/gradle/internal/model/StateTransitionController$State;Lorg/gradle/internal/model/StateTransitionController$State;Ljava/lang/Runnable;)V+13
j  org.gradle.api.internal.project.ProjectLifecycleController.ensureSelfConfigured()V+16
j  org.gradle.api.internal.project.DefaultProjectStateRegistry$ProjectStateImpl.ensureConfigured()V+19
j  org.gradle.execution.TaskPathProjectEvaluator.configure(Lorg/gradle/api/internal/project/ProjectInternal;)V+6
j  org.gradle.execution.TaskPathProjectEvaluator.configureHierarchy(Lorg/gradle/api/internal/project/ProjectInternal;)V+2
j  org.gradle.configuration.DefaultProjectsPreparer.prepareProjects(Lorg/gradle/api/internal/GradleInternal;)V+52
j  org.gradle.configuration.BuildTreePreparingProjectsPreparer.prepareProjects(Lorg/gradle/api/internal/GradleInternal;)V+114
j  org.gradle.configuration.BuildOperationFiringProjectsPreparer$ConfigureBuild.run(Lorg/gradle/internal/operations/BuildOperationContext;)V+11
j  org.gradle.internal.operations.DefaultBuildOperationRunner$1.execute(Lorg/gradle/internal/operations/RunnableBuildOperation;Lorg/gradle/internal/operations/BuildOperationContext;)V+2
j  org.gradle.internal.operations.DefaultBuildOperationRunner$1.execute(Lorg/gradle/internal/operations/BuildOperation;Lorg/gradle/internal/operations/BuildOperationContext;)V+6
j  org.gradle.internal.operations.DefaultBuildOperationRunner$2.execute(Lorg/gradle/internal/operations/BuildOperationDescriptor;Lorg/gradle/internal/operations/BuildOperationState;Lorg/gradle/internal/operations/BuildOperationState;Lorg/gradle/internal/operations/DefaultBuildOperationRunner$ReadableBuildOperationContext;Lorg/gradle/internal/operations/DefaultBuildOperationRunner$BuildOperationExecutionListener;)Lorg/gradle/internal/operations/BuildOperation;+22
j  org.gradle.internal.operations.DefaultBuildOperationRunner$2.execute(Lorg/gradle/internal/operations/BuildOperationDescriptor;Lorg/gradle/internal/operations/BuildOperationState;Lorg/gradle/internal/operations/BuildOperationState;Lorg/gradle/internal/operations/DefaultBuildOperationRunner$ReadableBuildOperationContext;Lorg/gradle/internal/operations/DefaultBuildOperationRunner$BuildOperationExecutionListener;)Ljava/lang/Object;+8
j  org.gradle.internal.operations.DefaultBuildOperationRunner.execute(Lorg/gradle/internal/operations/BuildOperationDescriptor$Builder;Lorg/gradle/internal/operations/BuildOperationState;Lorg/gradle/internal/operations/DefaultBuildOperationRunner$BuildOperationExecution;)Ljava/lang/Object;+141
j  org.gradle.internal.operations.DefaultBuildOperationRunner.execute(Lorg/gradle/internal/operations/BuildOperation;Lorg/gradle/internal/operations/BuildOperationWorker;Lorg/gradle/internal/operations/BuildOperationState;)V+18
j  org.gradle.internal.operations.DefaultBuildOperationRunner.run(Lorg/gradle/internal/operations/RunnableBuildOperation;)V+9
j  org.gradle.configuration.BuildOperationFiringProjectsPreparer.prepareProjects(Lorg/gradle/api/internal/GradleInternal;)V+13
j  org.gradle.initialization.VintageBuildModelController.lambda$prepareProjects$2()V+8
j  org.gradle.initialization.VintageBuildModelController$$Lambda+0x00000001007d2fe8.run()V+4
j  org.gradle.internal.model.StateTransitionController.lambda$doTransition$14(Ljava/lang/Runnable;)Lorg/gradle/internal/build/ExecutionResult;+1
j  org.gradle.internal.model.StateTransitionController$$Lambda+0x00000001004eedf0.get()Ljava/lang/Object;+4
j  org.gradle.internal.model.StateTransitionController.doTransition(Lorg/gradle/internal/model/StateTransitionController$State;Lorg/gradle/internal/model/StateTransitionController$State;Ljava/util/function/Supplier;)Lorg/gradle/internal/build/ExecutionResult;+24
j  org.gradle.internal.model.StateTransitionController.doTransition(Lorg/gradle/internal/model/StateTransitionController$State;Lorg/gradle/internal/model/StateTransitionController$State;Ljava/lang/Runnable;)V+9
j  org.gradle.internal.model.StateTransitionController.lambda$transitionIfNotPreviously$11(Lorg/gradle/internal/model/StateTransitionController$State;Lorg/gradle/internal/model/StateTransitionController$State;Ljava/lang/Runnable;)V+16
j  org.gradle.internal.model.StateTransitionController$$Lambda+0x00000001004ef2a0.run()V+16
j  org.gradle.internal.work.DefaultSynchronizer.withLock(Ljava/lang/Runnable;)V+6
j  org.gradle.internal.model.StateTransitionController.transitionIfNotPreviously(Lorg/gradle/internal/model/StateTransitionController$State;Lorg/gradle/internal/model/StateTransitionController$State;Ljava/lang/Runnable;)V+13
j  org.gradle.initialization.VintageBuildModelController.prepareProjects()V+16
j  org.gradle.initialization.VintageBuildModelController.getConfiguredModel()Lorg/gradle/api/internal/GradleInternal;+5
j  org.gradle.internal.build.DefaultBuildLifecycleController$$Lambda+0x00000001007d2d90.get()Ljava/lang/Object;+4
j  org.gradle.internal.model.StateTransitionController.lambda$notInState$3(Lorg/gradle/internal/model/StateTransitionController$State;Ljava/util/function/Supplier;)Ljava/lang/Object;+11
j  org.gradle.internal.model.StateTransitionController$$Lambda+0x000000010077fb10.create()Ljava/lang/Object;+12
j  org.gradle.internal.work.DefaultSynchronizer.withLock(Lorg/gradle/internal/Factory;)Ljava/lang/Object;+6
j  org.gradle.internal.model.StateTransitionController.notInState(Lorg/gradle/internal/model/StateTransitionController$State;Ljava/util/function/Supplier;)Ljava/lang/Object;+12
j  org.gradle.internal.build.DefaultBuildLifecycleController.configureProjects()V+21
j  org.gradle.internal.build.AbstractBuildState.ensureProjectsConfigured()V+4
j  org.gradle.internal.buildtree.BuildInclusionCoordinator$$Lambda+0x00000001007d2420.run()V+4
j  org.gradle.internal.buildtree.BuildInclusionCoordinator$BuildSynchronizer.lambda$withLock$0(Ljava/lang/Runnable;)V+14
j  org.gradle.internal.buildtree.BuildInclusionCoordinator$BuildSynchronizer$$Lambda+0x00000001007d2b38.run()V+8
j  org.gradle.internal.work.DefaultSynchronizer.withLock(Ljava/lang/Runnable;)V+6
j  org.gradle.internal.buildtree.BuildInclusionCoordinator$BuildSynchronizer.withLock(Ljava/lang/Runnable;)V+11
j  org.gradle.internal.buildtree.BuildInclusionCoordinator.withLockForBuild(Lorg/gradle/internal/build/BuildState;Ljava/lang/Runnable;)V+20
j  org.gradle.internal.buildtree.BuildInclusionCoordinator.prepareForPluginResolution(Lorg/gradle/internal/build/IncludedBuildState;)V+13
j  org.gradle.internal.composite.DefaultBuildIncluder.prepareForPluginResolution(Lorg/gradle/internal/build/IncludedBuildState;)V+5
j  org.gradle.composite.internal.plugins.CompositeBuildPluginResolverContributor$CompositeBuildPluginResolver.resolveFromIncludedPluginBuilds(Lorg/gradle/plugin/use/PluginId;)Lorg/gradle/plugin/use/resolve/internal/PluginResolution;+39
j  org.gradle.composite.internal.plugins.CompositeBuildPluginResolverContributor$CompositeBuildPluginResolver.doResolve(Lorg/gradle/plugin/use/PluginId;)Lorg/gradle/composite/internal/plugins/CompositeBuildPluginResolverContributor$PluginResult;+2
j  org.gradle.composite.internal.plugins.CompositeBuildPluginResolverContributor$CompositeBuildPluginResolver$$Lambda+0x0000000100779240.apply(Ljava/lang/Object;)Ljava/lang/Object;+8
J 4323 c2 java.util.concurrent.ConcurrentHashMap.computeIfAbsent(Ljava/lang/Object;Ljava/util/function/Function;)Ljava/lang/Object; java.base@21.0.8 (576 bytes) @ 0x0000025f87cdf0c0 [0x0000025f87cde840+0x0000000000000880]
j  org.gradle.composite.internal.plugins.CompositeBuildPluginResolverContributor$CompositeBuildPluginResolver.resolve(Lorg/gradle/plugin/management/internal/PluginRequestInternal;)Lorg/gradle/plugin/use/resolve/internal/PluginResolutionResult;+16
j  org.gradle.plugin.use.resolve.internal.CompositePluginResolver.resolve(Lorg/gradle/plugin/management/internal/PluginRequestInternal;)Lorg/gradle/plugin/use/resolve/internal/PluginResolutionResult;+37
j  org.gradle.plugin.use.resolve.internal.AlreadyOnClasspathPluginResolver.resolve(Lorg/gradle/plugin/management/internal/PluginRequestInternal;)Lorg/gradle/plugin/use/resolve/internal/PluginResolutionResult;+28
j  org.gradle.plugin.use.internal.DefaultPluginRequestApplicator.resolvePluginRequest(Lorg/gradle/plugin/use/resolve/internal/PluginResolver;Lorg/gradle/plugin/management/internal/PluginRequestInternal;)Lorg/gradle/plugin/use/resolve/internal/PluginResolution;+2
j  org.gradle.plugin.use.internal.DefaultPluginRequestApplicator.applyPlugins(Lorg/gradle/plugin/management/internal/PluginRequests;Lorg/gradle/api/internal/initialization/ScriptHandlerInternal;Lorg/gradle/api/internal/plugins/PluginManagerInternal;Lorg/gradle/api/internal/initialization/ClassLoaderScope;)V+136
j  org.gradle.configuration.DefaultScriptPluginFactory$ScriptPluginImpl.apply(Ljava/lang/Object;)V+174
j  org.gradle.configuration.BuildOperationScriptPlugin$1.run(Lorg/gradle/internal/operations/BuildOperationContext;)V+11
j  org.gradle.internal.operations.DefaultBuildOperationRunner$1.execute(Lorg/gradle/internal/operations/RunnableBuildOperation;Lorg/gradle/internal/operations/BuildOperationContext;)V+2
j  org.gradle.internal.operations.DefaultBuildOperationRunner$1.execute(Lorg/gradle/internal/operations/BuildOperation;Lorg/gradle/internal/operations/BuildOperationContext;)V+6
j  org.gradle.internal.operations.DefaultBuildOperationRunner$2.execute(Lorg/gradle/internal/operations/BuildOperationDescriptor;Lorg/gradle/internal/operations/BuildOperationState;Lorg/gradle/internal/operations/BuildOperationState;Lorg/gradle/internal/operations/DefaultBuildOperationRunner$ReadableBuildOperationContext;Lorg/gradle/internal/operations/DefaultBuildOperationRunner$BuildOperationExecutionListener;)Lorg/gradle/internal/operations/BuildOperation;+22
j  org.gradle.internal.operations.DefaultBuildOperationRunner$2.execute(Lorg/gradle/internal/operations/BuildOperationDescriptor;Lorg/gradle/internal/operations/BuildOperationState;Lorg/gradle/internal/operations/BuildOperationState;Lorg/gradle/internal/operations/DefaultBuildOperationRunner$ReadableBuildOperationContext;Lorg/gradle/internal/operations/DefaultBuildOperationRunner$BuildOperationExecutionListener;)Ljava/lang/Object;+8
j  org.gradle.internal.operations.DefaultBuildOperationRunner.execute(Lorg/gradle/internal/operations/BuildOperationDescriptor$Builder;Lorg/gradle/internal/operations/BuildOperationState;Lorg/gradle/internal/operations/DefaultBuildOperationRunner$BuildOperationExecution;)Ljava/lang/Object;+141
j  org.gradle.internal.operations.DefaultBuildOperationRunner.execute(Lorg/gradle/internal/operations/BuildOperation;Lorg/gradle/internal/operations/BuildOperationWorker;Lorg/gradle/internal/operations/BuildOperationState;)V+18
j  org.gradle.internal.operations.DefaultBuildOperationRunner.run(Lorg/gradle/internal/operations/RunnableBuildOperation;)V+9
j  org.gradle.configuration.BuildOperationScriptPlugin.lambda$apply$0(Ljava/lang/Object;Lorg/gradle/internal/code/UserCodeApplicationId;)V+14
j  org.gradle.configuration.BuildOperationScriptPlugin$$Lambda+0x000000010060c500.execute(Ljava/lang/Object;)V+12
j  org.gradle.internal.code.DefaultUserCodeApplicationContext.apply(Lorg/gradle/internal/code/UserCodeSource;Lorg/gradle/api/Action;)V+37
j  org.gradle.configuration.BuildOperationScriptPlugin.apply(Ljava/lang/Object;)V+71
j  org.gradle.initialization.ScriptEvaluatingSettingsProcessor.applySettingsScript(Lorg/gradle/groovy/scripts/TextResourceScriptSource;Lorg/gradle/api/internal/SettingsInternal;)V+32
j  org.gradle.initialization.ScriptEvaluatingSettingsProcessor.process(Lorg/gradle/api/internal/GradleInternal;Lorg/gradle/initialization/SettingsLocation;Lorg/gradle/api/internal/initialization/ClassLoaderScope;Lorg/gradle/StartParameter;)Lorg/gradle/initialization/SettingsState;+90
j  org.gradle.initialization.SettingsEvaluatedCallbackFiringSettingsProcessor.process(Lorg/gradle/api/internal/GradleInternal;Lorg/gradle/initialization/SettingsLocation;Lorg/gradle/api/internal/initialization/ClassLoaderScope;Lorg/gradle/StartParameter;)Lorg/gradle/initialization/SettingsState;+9
j  org.gradle.initialization.RootBuildCacheControllerSettingsProcessor.process(Lorg/gradle/api/internal/GradleInternal;Lorg/gradle/initialization/SettingsLocation;Lorg/gradle/api/internal/initialization/ClassLoaderScope;Lorg/gradle/StartParameter;)Lorg/gradle/initialization/SettingsState;+9
j  org.gradle.initialization.BuildOperationSettingsProcessor$2.call(Lorg/gradle/internal/operations/BuildOperationContext;)Lorg/gradle/initialization/SettingsState;+23
j  org.gradle.initialization.BuildOperationSettingsProcessor$2.call(Lorg/gradle/internal/operations/BuildOperationContext;)Ljava/lang/Object;+2
j  org.gradle.internal.operations.DefaultBuildOperationRunner$CallableBuildOperationWorker.execute(Lorg/gradle/internal/operations/CallableBuildOperation;Lorg/gradle/internal/operations/BuildOperationContext;)V+3
j  org.gradle.internal.operations.DefaultBuildOperationRunner$CallableBuildOperationWorker.execute(Lorg/gradle/internal/operations/BuildOperation;Lorg/gradle/internal/operations/BuildOperationContext;)V+6
j  org.gradle.internal.operations.DefaultBuildOperationRunner$2.execute(Lorg/gradle/internal/operations/BuildOperationDescriptor;Lorg/gradle/internal/operations/BuildOperationState;Lorg/gradle/internal/operations/BuildOperationState;Lorg/gradle/internal/operations/DefaultBuildOperationRunner$ReadableBuildOperationContext;Lorg/gradle/internal/operations/DefaultBuildOperationRunner$BuildOperationExecutionListener;)Lorg/gradle/internal/operations/BuildOperation;+22
j  org.gradle.internal.operations.DefaultBuildOperationRunner$2.execute(Lorg/gradle/internal/operations/BuildOperationDescriptor;Lorg/gradle/internal/operations/BuildOperationState;Lorg/gradle/internal/operations/BuildOperationState;Lorg/gradle/internal/operations/DefaultBuildOperationRunner$ReadableBuildOperationContext;Lorg/gradle/internal/operations/DefaultBuildOperationRunner$BuildOperationExecutionListener;)Ljava/lang/Object;+8
j  org.gradle.internal.operations.DefaultBuildOperationRunner.execute(Lorg/gradle/internal/operations/BuildOperationDescriptor$Builder;Lorg/gradle/internal/operations/BuildOperationState;Lorg/gradle/internal/operations/DefaultBuildOperationRunner$BuildOperationExecution;)Ljava/lang/Object;+141
j  org.gradle.internal.operations.DefaultBuildOperationRunner.execute(Lorg/gradle/internal/operations/BuildOperation;Lorg/gradle/internal/operations/BuildOperationWorker;Lorg/gradle/internal/operations/BuildOperationState;)V+18
j  org.gradle.internal.operations.DefaultBuildOperationRunner.call(Lorg/gradle/internal/operations/CallableBuildOperation;)Ljava/lang/Object;+16
j  org.gradle.initialization.BuildOperationSettingsProcessor.process(Lorg/gradle/api/internal/GradleInternal;Lorg/gradle/initialization/SettingsLocation;Lorg/gradle/api/internal/initialization/ClassLoaderScope;Lorg/gradle/StartParameter;)Lorg/gradle/initialization/SettingsState;+17
j  org.gradle.initialization.DefaultSettingsLoader.findSettingsAndLoadIfAppropriate(Lorg/gradle/api/internal/GradleInternal;Lorg/gradle/StartParameter;Lorg/gradle/initialization/SettingsLocation;Lorg/gradle/api/internal/initialization/ClassLoaderScope;)Lorg/gradle/initialization/SettingsState;+9
j  org.gradle.initialization.DefaultSettingsLoader.findAndLoadSettings(Lorg/gradle/api/internal/GradleInternal;)Lorg/gradle/initialization/SettingsState;+103
j  org.gradle.initialization.SettingsAttachingSettingsLoader.findAndLoadSettings(Lorg/gradle/api/internal/GradleInternal;)Lorg/gradle/initialization/SettingsState;+5
j  org.gradle.internal.composite.CommandLineIncludedBuildSettingsLoader.findAndLoadSettings(Lorg/gradle/api/internal/GradleInternal;)Lorg/gradle/initialization/SettingsState;+5
j  org.gradle.internal.composite.ChildBuildRegisteringSettingsLoader.findAndLoadSettings(Lorg/gradle/api/internal/GradleInternal;)Lorg/gradle/initialization/SettingsState;+5
j  org.gradle.internal.composite.CompositeBuildSettingsLoader.findAndLoadSettings(Lorg/gradle/api/internal/GradleInternal;)Lorg/gradle/initialization/SettingsState;+5
j  org.gradle.initialization.InitScriptHandlingSettingsLoader.findAndLoadSettings(Lorg/gradle/api/internal/GradleInternal;)Lorg/gradle/initialization/SettingsState;+13
j  org.gradle.api.internal.initialization.CacheConfigurationsHandlingSettingsLoader.findAndLoadSettings(Lorg/gradle/api/internal/GradleInternal;)Lorg/gradle/initialization/SettingsState;+15
j  org.gradle.initialization.GradlePropertiesHandlingSettingsLoader.findAndLoadSettings(Lorg/gradle/api/internal/GradleInternal;)Lorg/gradle/initialization/SettingsState;+40
j  org.gradle.initialization.DefaultSettingsPreparer.prepareSettings(Lorg/gradle/api/internal/GradleInternal;)V+33
j  org.gradle.initialization.BuildOperationFiringSettingsPreparer$LoadBuild.doLoadBuild()V+11
j  org.gradle.initialization.BuildOperationFiringSettingsPreparer$LoadBuild.run(Lorg/gradle/internal/operations/BuildOperationContext;)V+1
j  org.gradle.internal.operations.DefaultBuildOperationRunner$1.execute(Lorg/gradle/internal/operations/RunnableBuildOperation;Lorg/gradle/internal/operations/BuildOperationContext;)V+2
j  org.gradle.internal.operations.DefaultBuildOperationRunner$1.execute(Lorg/gradle/internal/operations/BuildOperation;Lorg/gradle/internal/operations/BuildOperationContext;)V+6
j  org.gradle.internal.operations.DefaultBuildOperationRunner$2.execute(Lorg/gradle/internal/operations/BuildOperationDescriptor;Lorg/gradle/internal/operations/BuildOperationState;Lorg/gradle/internal/operations/BuildOperationState;Lorg/gradle/internal/operations/DefaultBuildOperationRunner$ReadableBuildOperationContext;Lorg/gradle/internal/operations/DefaultBuildOperationRunner$BuildOperationExecutionListener;)Lorg/gradle/internal/operations/BuildOperation;+22
j  org.gradle.internal.operations.DefaultBuildOperationRunner$2.execute(Lorg/gradle/internal/operations/BuildOperationDescriptor;Lorg/gradle/internal/operations/BuildOperationState;Lorg/gradle/internal/operations/BuildOperationState;Lorg/gradle/internal/operations/DefaultBuildOperationRunner$ReadableBuildOperationContext;Lorg/gradle/internal/operations/DefaultBuildOperationRunner$BuildOperationExecutionListener;)Ljava/lang/Object;+8
j  org.gradle.internal.operations.DefaultBuildOperationRunner.execute(Lorg/gradle/internal/operations/BuildOperationDescriptor$Builder;Lorg/gradle/internal/operations/BuildOperationState;Lorg/gradle/internal/operations/DefaultBuildOperationRunner$BuildOperationExecution;)Ljava/lang/Object;+141
j  org.gradle.internal.operations.DefaultBuildOperationRunner.execute(Lorg/gradle/internal/operations/BuildOperation;Lorg/gradle/internal/operations/BuildOperationWorker;Lorg/gradle/internal/operations/BuildOperationState;)V+18
j  org.gradle.internal.operations.DefaultBuildOperationRunner.run(Lorg/gradle/internal/operations/RunnableBuildOperation;)V+9
j  org.gradle.initialization.BuildOperationFiringSettingsPreparer.prepareSettings(Lorg/gradle/api/internal/GradleInternal;)V+31
j  org.gradle.initialization.VintageBuildModelController.lambda$prepareSettings$1()V+8
j  org.gradle.initialization.VintageBuildModelController$$Lambda+0x00000001004ef048.run()V+4
j  org.gradle.internal.model.StateTransitionController.lambda$doTransition$14(Ljava/lang/Runnable;)Lorg/gradle/internal/build/ExecutionResult;+1
j  org.gradle.internal.model.StateTransitionController$$Lambda+0x00000001004eedf0.get()Ljava/lang/Object;+4
j  org.gradle.internal.model.StateTransitionController.doTransition(Lorg/gradle/internal/model/StateTransitionController$State;Lorg/gradle/internal/model/StateTransitionController$State;Ljava/util/function/Supplier;)Lorg/gradle/internal/build/ExecutionResult;+24
j  org.gradle.internal.model.StateTransitionController.doTransition(Lorg/gradle/internal/model/StateTransitionController$State;Lorg/gradle/internal/model/StateTransitionController$State;Ljava/lang/Runnable;)V+9
j  org.gradle.internal.model.StateTransitionController.lambda$transitionIfNotPreviously$11(Lorg/gradle/internal/model/StateTransitionController$State;Lorg/gradle/internal/model/StateTransitionController$State;Ljava/lang/Runnable;)V+16
j  org.gradle.internal.model.StateTransitionController$$Lambda+0x00000001004ef2a0.run()V+16
j  org.gradle.internal.work.DefaultSynchronizer.withLock(Ljava/lang/Runnable;)V+6
j  org.gradle.internal.model.StateTransitionController.transitionIfNotPreviously(Lorg/gradle/internal/model/StateTransitionController$State;Lorg/gradle/internal/model/StateTransitionController$State;Ljava/lang/Runnable;)V+13
j  org.gradle.initialization.VintageBuildModelController.prepareSettings()V+16
j  org.gradle.initialization.VintageBuildModelController.prepareToScheduleTasks()V+1
j  org.gradle.internal.build.DefaultBuildLifecycleController.lambda$prepareToScheduleTasks$6()V+9
j  org.gradle.internal.build.DefaultBuildLifecycleController$$Lambda+0x00000001004ee940.run()V+4
j  org.gradle.internal.model.StateTransitionController.lambda$doTransition$14(Ljava/lang/Runnable;)Lorg/gradle/internal/build/ExecutionResult;+1
j  org.gradle.internal.model.StateTransitionController$$Lambda+0x00000001004eedf0.get()Ljava/lang/Object;+4
j  org.gradle.internal.model.StateTransitionController.doTransition(Lorg/gradle/internal/model/StateTransitionController$State;Lorg/gradle/internal/model/StateTransitionController$State;Ljava/util/function/Supplier;)Lorg/gradle/internal/build/ExecutionResult;+24
j  org.gradle.internal.model.StateTransitionController.doTransition(Lorg/gradle/internal/model/StateTransitionController$State;Lorg/gradle/internal/model/StateTransitionController$State;Ljava/lang/Runnable;)V+9
j  org.gradle.internal.model.StateTransitionController.lambda$maybeTransition$9(Lorg/gradle/internal/model/StateTransitionController$State;Lorg/gradle/internal/model/StateTransitionController$State;Ljava/lang/Runnable;)V+16
j  org.gradle.internal.model.StateTransitionController$$Lambda+0x00000001004eeb98.run()V+16
j  org.gradle.internal.work.DefaultSynchronizer.withLock(Ljava/lang/Runnable;)V+6
j  org.gradle.internal.model.StateTransitionController.maybeTransition(Lorg/gradle/internal/model/StateTransitionController$State;Lorg/gradle/internal/model/StateTransitionController$State;Ljava/lang/Runnable;)V+13
j  org.gradle.internal.build.DefaultBuildLifecycleController.prepareToScheduleTasks()V+16
j  org.gradle.internal.buildtree.DefaultBuildTreeWorkPreparer.scheduleRequestedTasks(Lorg/gradle/internal/buildtree/BuildTreeWorkGraph;Lorg/gradle/execution/EntryTaskSelector;)Lorg/gradle/internal/buildtree/BuildTreeWorkGraph$FinalizedGraph;+4
j  org.gradle.internal.cc.impl.VintageBuildTreeWorkController$scheduleAndRunRequestedTasks$1.apply(Lorg/gradle/internal/buildtree/BuildTreeWorkGraph;)Lorg/gradle/internal/build/ExecutionResult;+18
j  org.gradle.internal.cc.impl.VintageBuildTreeWorkController$scheduleAndRunRequestedTasks$1.apply(Ljava/lang/Object;)Ljava/lang/Object;+5
j  org.gradle.composite.internal.DefaultIncludedBuildTaskGraph.withNewWorkGraph(Ljava/util/function/Function;)Ljava/lang/Object;+30
j  org.gradle.internal.cc.impl.VintageBuildTreeWorkController.scheduleAndRunRequestedTasks(Lorg/gradle/execution/EntryTaskSelector;)Lorg/gradle/internal/build/ExecutionResult;+16
j  org.gradle.internal.buildtree.DefaultBuildTreeLifecycleController.lambda$scheduleAndRunTasks$1(Lorg/gradle/execution/EntryTaskSelector;)Lorg/gradle/internal/build/ExecutionResult;+5
j  org.gradle.internal.buildtree.DefaultBuildTreeLifecycleController$$Lambda+0x00000001004ed950.get()Ljava/lang/Object;+8
j  org.gradle.internal.buildtree.DefaultBuildTreeLifecycleController.lambda$runBuild$4(Ljava/util/function/Supplier;)Ljava/lang/Object;+1
j  org.gradle.internal.buildtree.DefaultBuildTreeLifecycleController$$Lambda+0x00000001004edba8.get()Ljava/lang/Object;+8
j  org.gradle.internal.model.StateTransitionController.lambda$transition$6(Ljava/util/function/Supplier;)Lorg/gradle/internal/build/ExecutionResult;+1
j  org.gradle.internal.model.StateTransitionController$$Lambda+0x00000001004ee058.get()Ljava/lang/Object;+4
j  org.gradle.internal.model.StateTransitionController.doTransition(Lorg/gradle/internal/model/StateTransitionController$State;Lorg/gradle/internal/model/StateTransitionController$State;Ljava/util/function/Supplier;)Lorg/gradle/internal/build/ExecutionResult;+24
j  org.gradle.internal.model.StateTransitionController.lambda$transition$7(Lorg/gradle/internal/model/StateTransitionController$State;Lorg/gradle/internal/model/StateTransitionController$State;Ljava/util/function/Supplier;)Ljava/lang/Object;+9
j  org.gradle.internal.model.StateTransitionController$$Lambda+0x00000001004ede00.create()Ljava/lang/Object;+16
j  org.gradle.internal.work.DefaultSynchronizer.withLock(Lorg/gradle/internal/Factory;)Ljava/lang/Object;+6
j  org.gradle.internal.model.StateTransitionController.transition(Lorg/gradle/internal/model/StateTransitionController$State;Lorg/gradle/internal/model/StateTransitionController$State;Ljava/util/function/Supplier;)Ljava/lang/Object;+13
j  org.gradle.internal.buildtree.DefaultBuildTreeLifecycleController.runBuild(Ljava/util/function/Supplier;)Ljava/lang/Object;+17
j  org.gradle.internal.buildtree.DefaultBuildTreeLifecycleController.scheduleAndRunTasks(Lorg/gradle/execution/EntryTaskSelector;)V+8
j  org.gradle.internal.buildtree.DefaultBuildTreeLifecycleController.scheduleAndRunTasks()V+2
j  org.gradle.tooling.internal.provider.ExecuteBuildActionRunner.run(Lorg/gradle/internal/invocation/BuildAction;Lorg/gradle/internal/buildtree/BuildTreeLifecycleController;)Lorg/gradle/internal/buildtree/BuildActionRunner$Result;+12
j  org.gradle.launcher.exec.ChainingBuildActionRunner.run(Lorg/gradle/internal/invocation/BuildAction;Lorg/gradle/internal/buildtree/BuildTreeLifecycleController;)Lorg/gradle/internal/buildtree/BuildActionRunner$Result;+34
j  org.gradle.internal.buildtree.ProblemReportingBuildActionRunner.run(Lorg/gradle/internal/invocation/BuildAction;Lorg/gradle/internal/buildtree/BuildTreeLifecycleController;)Lorg/gradle/internal/buildtree/BuildActionRunner$Result;+12
j  org.gradle.launcher.exec.BuildOutcomeReportingBuildActionRunner.run(Lorg/gradle/internal/invocation/BuildAction;Lorg/gradle/internal/buildtree/BuildTreeLifecycleController;)Lorg/gradle/internal/buildtree/BuildActionRunner$Result;+69
j  org.gradle.tooling.internal.provider.FileSystemWatchingBuildActionRunner.run(Lorg/gradle/internal/invocation/BuildAction;Lorg/gradle/internal/buildtree/BuildTreeLifecycleController;)Lorg/gradle/internal/buildtree/BuildActionRunner$Result;+317
j  org.gradle.launcher.exec.BuildCompletionNotifyingBuildActionRunner.run(Lorg/gradle/internal/invocation/BuildAction;Lorg/gradle/internal/buildtree/BuildTreeLifecycleController;)Lorg/gradle/internal/buildtree/BuildActionRunner$Result;+6
j  org.gradle.launcher.exec.RootBuildLifecycleBuildActionExecutor.lambda$execute$0(Lorg/gradle/internal/invocation/BuildAction;Lorg/gradle/internal/buildtree/BuildTreeLifecycleController;)Lorg/gradle/internal/buildtree/BuildActionRunner$Result;+6
j  org.gradle.launcher.exec.RootBuildLifecycleBuildActionExecutor$$Lambda+0x00000001004d7768.apply(Ljava/lang/Object;)Ljava/lang/Object;+12
j  org.gradle.composite.internal.DefaultRootBuildState.run(Ljava/util/function/Function;)Ljava/lang/Object;+87
j  org.gradle.launcher.exec.RootBuildLifecycleBuildActionExecutor.execute(Lorg/gradle/internal/invocation/BuildAction;Lorg/gradle/internal/buildtree/BuildTreeContext;)Lorg/gradle/internal/buildtree/BuildActionRunner$Result;+75
j  org.gradle.internal.buildtree.InitDeprecationLoggingActionExecutor.execute(Lorg/gradle/internal/invocation/BuildAction;Lorg/gradle/internal/buildtree/BuildTreeContext;)Lorg/gradle/internal/buildtree/BuildActionRunner$Result;+83
j  org.gradle.internal.buildtree.InitProblems.execute(Lorg/gradle/internal/invocation/BuildAction;Lorg/gradle/internal/buildtree/BuildTreeContext;)Lorg/gradle/internal/buildtree/BuildActionRunner$Result;+13
j  org.gradle.internal.buildtree.DefaultBuildTreeContext.execute(Lorg/gradle/internal/invocation/BuildAction;)Lorg/gradle/internal/buildtree/BuildActionRunner$Result;+64
j  org.gradle.launcher.exec.BuildTreeLifecycleBuildActionExecutor.lambda$execute$0(Lorg/gradle/internal/invocation/BuildAction;Lorg/gradle/internal/buildtree/BuildTreeContext;)Lorg/gradle/internal/buildtree/BuildActionRunner$Result;+2
j  org.gradle.launcher.exec.BuildTreeLifecycleBuildActionExecutor$$Lambda+0x00000001003c0940.apply(Ljava/lang/Object;)Ljava/lang/Object;+8
j  org.gradle.internal.buildtree.BuildTreeState.run(Ljava/util/function/Function;)Ljava/lang/Object;+47
j  org.gradle.launcher.exec.BuildTreeLifecycleBuildActionExecutor.execute(Lorg/gradle/internal/invocation/BuildAction;Lorg/gradle/internal/session/BuildSessionContext;)Lorg/gradle/internal/buildtree/BuildActionRunner$Result;+74
j  org.gradle.launcher.exec.RunAsBuildOperationBuildActionExecutor$2.call(Lorg/gradle/internal/operations/BuildOperationContext;)Lorg/gradle/internal/buildtree/BuildActionRunner$Result;+25
j  org.gradle.launcher.exec.RunAsBuildOperationBuildActionExecutor$2.call(Lorg/gradle/internal/operations/BuildOperationContext;)Ljava/lang/Object;+2
j  org.gradle.internal.operations.DefaultBuildOperationRunner$CallableBuildOperationWorker.execute(Lorg/gradle/internal/operations/CallableBuildOperation;Lorg/gradle/internal/operations/BuildOperationContext;)V+3
j  org.gradle.internal.operations.DefaultBuildOperationRunner$CallableBuildOperationWorker.execute(Lorg/gradle/internal/operations/BuildOperation;Lorg/gradle/internal/operations/BuildOperationContext;)V+6
j  org.gradle.internal.operations.DefaultBuildOperationRunner$2.execute(Lorg/gradle/internal/operations/BuildOperationDescriptor;Lorg/gradle/internal/operations/BuildOperationState;Lorg/gradle/internal/operations/BuildOperationState;Lorg/gradle/internal/operations/DefaultBuildOperationRunner$ReadableBuildOperationContext;Lorg/gradle/internal/operations/DefaultBuildOperationRunner$BuildOperationExecutionListener;)Lorg/gradle/internal/operations/BuildOperation;+22
j  org.gradle.internal.operations.DefaultBuildOperationRunner$2.execute(Lorg/gradle/internal/operations/BuildOperationDescriptor;Lorg/gradle/internal/operations/BuildOperationState;Lorg/gradle/internal/operations/BuildOperationState;Lorg/gradle/internal/operations/DefaultBuildOperationRunner$ReadableBuildOperationContext;Lorg/gradle/internal/operations/DefaultBuildOperationRunner$BuildOperationExecutionListener;)Ljava/lang/Object;+8
j  org.gradle.internal.operations.DefaultBuildOperationRunner.execute(Lorg/gradle/internal/operations/BuildOperationDescriptor$Builder;Lorg/gradle/internal/operations/BuildOperationState;Lorg/gradle/internal/operations/DefaultBuildOperationRunner$BuildOperationExecution;)Ljava/lang/Object;+141
j  org.gradle.internal.operations.DefaultBuildOperationRunner.execute(Lorg/gradle/internal/operations/BuildOperation;Lorg/gradle/internal/operations/BuildOperationWorker;Lorg/gradle/internal/operations/BuildOperationState;)V+18
j  org.gradle.internal.operations.DefaultBuildOperationRunner.call(Lorg/gradle/internal/operations/CallableBuildOperation;)Ljava/lang/Object;+16
j  org.gradle.launcher.exec.RunAsBuildOperationBuildActionExecutor.execute(Lorg/gradle/internal/invocation/BuildAction;Lorg/gradle/internal/session/BuildSessionContext;)Lorg/gradle/internal/buildtree/BuildActionRunner$Result;+23
j  org.gradle.launcher.exec.RunAsWorkerThreadBuildActionExecutor.lambda$execute$0(Lorg/gradle/internal/invocation/BuildAction;Lorg/gradle/internal/session/BuildSessionContext;)Lorg/gradle/internal/buildtree/BuildActionRunner$Result;+6
j  org.gradle.launcher.exec.RunAsWorkerThreadBuildActionExecutor$$Lambda+0x0000000100382e10.create()Ljava/lang/Object;+12
j  org.gradle.internal.work.DefaultWorkerLeaseService.withLocks(Ljava/util/Collection;Lorg/gradle/internal/Factory;)Ljava/lang/Object;+28
j  org.gradle.internal.work.DefaultWorkerLeaseService.runAsWorkerThread(Lorg/gradle/internal/Factory;)Ljava/lang/Object;+33
j  org.gradle.launcher.exec.RunAsWorkerThreadBuildActionExecutor.execute(Lorg/gradle/internal/invocation/BuildAction;Lorg/gradle/internal/session/BuildSessionContext;)Lorg/gradle/internal/buildtree/BuildActionRunner$Result;+12
j  org.gradle.tooling.internal.provider.continuous.ContinuousBuildActionExecutor.execute(Lorg/gradle/internal/invocation/BuildAction;Lorg/gradle/internal/session/BuildSessionContext;)Lorg/gradle/internal/buildtree/BuildActionRunner$Result;+58
j  org.gradle.tooling.internal.provider.SubscribableBuildActionExecutor.execute(Lorg/gradle/internal/invocation/BuildAction;Lorg/gradle/internal/session/BuildSessionContext;)Lorg/gradle/internal/buildtree/BuildActionRunner$Result;+30
j  org.gradle.internal.session.DefaultBuildSessionContext.execute(Lorg/gradle/internal/invocation/BuildAction;)Lorg/gradle/internal/buildtree/BuildActionRunner$Result;+64
j  org.gradle.internal.buildprocess.execution.BuildSessionLifecycleBuildActionExecutor$ActionImpl.apply(Lorg/gradle/internal/session/BuildSessionContext;)Lorg/gradle/launcher/exec/BuildActionResult;+6
j  org.gradle.internal.buildprocess.execution.BuildSessionLifecycleBuildActionExecutor$ActionImpl.apply(Ljava/lang/Object;)Ljava/lang/Object;+5
j  org.gradle.internal.session.BuildSessionState.run(Ljava/util/function/Function;)Ljava/lang/Object;+5
j  org.gradle.internal.buildprocess.execution.BuildSessionLifecycleBuildActionExecutor.execute(Lorg/gradle/internal/invocation/BuildAction;Lorg/gradle/launcher/exec/BuildActionParameters;Lorg/gradle/initialization/BuildRequestContext;)Lorg/gradle/launcher/exec/BuildActionResult;+95
j  org.gradle.internal.buildprocess.execution.BuildSessionLifecycleBuildActionExecutor.execute(Lorg/gradle/internal/invocation/BuildAction;Ljava/lang/Object;Ljava/lang/Object;)Lorg/gradle/launcher/exec/BuildActionResult;+10
j  org.gradle.internal.buildprocess.execution.StartParamsValidatingActionExecutor.execute(Lorg/gradle/internal/invocation/BuildAction;Lorg/gradle/launcher/exec/BuildActionParameters;Lorg/gradle/initialization/BuildRequestContext;)Lorg/gradle/launcher/exec/BuildActionResult;+203
j  org.gradle.internal.buildprocess.execution.StartParamsValidatingActionExecutor.execute(Lorg/gradle/internal/invocation/BuildAction;Ljava/lang/Object;Ljava/lang/Object;)Lorg/gradle/launcher/exec/BuildActionResult;+10
j  org.gradle.internal.buildprocess.execution.SessionFailureReportingActionExecutor.execute(Lorg/gradle/internal/invocation/BuildAction;Lorg/gradle/launcher/exec/BuildActionParameters;Lorg/gradle/initialization/BuildRequestContext;)Lorg/gradle/launcher/exec/BuildActionResult;+7
j  org.gradle.internal.buildprocess.execution.SessionFailureReportingActionExecutor.execute(Lorg/gradle/internal/invocation/BuildAction;Ljava/lang/Object;Ljava/lang/Object;)Lorg/gradle/launcher/exec/BuildActionResult;+10
j  org.gradle.internal.buildprocess.execution.SetupLoggingActionExecutor.execute(Lorg/gradle/internal/invocation/BuildAction;Lorg/gradle/launcher/exec/BuildActionParameters;Lorg/gradle/initialization/BuildRequestContext;)Lorg/gradle/launcher/exec/BuildActionResult;+50
j  org.gradle.internal.buildprocess.execution.SetupLoggingActionExecutor.execute(Lorg/gradle/internal/invocation/BuildAction;Ljava/lang/Object;Ljava/lang/Object;)Lorg/gradle/launcher/exec/BuildActionResult;+10
j  org.gradle.launcher.daemon.server.exec.ExecuteBuild.doBuild(Lorg/gradle/launcher/daemon/server/api/DaemonCommandExecution;Lorg/gradle/launcher/daemon/protocol/Build;)V+147
j  org.gradle.launcher.daemon.server.exec.BuildCommandOnly.execute(Lorg/gradle/launcher/daemon/server/api/DaemonCommandExecution;)V+49
j  org.gradle.launcher.daemon.server.api.DaemonCommandExecution.proceed()Z+23
j  org.gradle.launcher.daemon.server.exec.WatchForDisconnection.execute(Lorg/gradle/launcher/daemon/server/api/DaemonCommandExecution;)V+19
j  org.gradle.launcher.daemon.server.api.DaemonCommandExecution.proceed()Z+23
j  org.gradle.launcher.daemon.server.exec.ResetDeprecationLogger.execute(Lorg/gradle/launcher/daemon/server/api/DaemonCommandExecution;)V+7
j  org.gradle.launcher.daemon.server.api.DaemonCommandExecution.proceed()Z+23
j  org.gradle.launcher.daemon.server.exec.RequestStopIfSingleUsedDaemon.execute(Lorg/gradle/launcher/daemon/server/api/DaemonCommandExecution;)V+33
j  org.gradle.launcher.daemon.server.api.DaemonCommandExecution.proceed()Z+23
j  org.gradle.launcher.daemon.server.exec.ForwardClientInput.lambda$execute$0(Lorg/gradle/launcher/daemon/server/api/DaemonCommandExecution;Lorg/gradle/internal/daemon/clientinput/StdinHandler;)Ljava/lang/Object;+11
j  org.gradle.launcher.daemon.server.exec.ForwardClientInput$$Lambda+0x000000010028afe0.apply(Ljava/lang/Object;)Ljava/lang/Object;+8
j  org.gradle.internal.daemon.clientinput.ClientInputForwarder.forwardInput(Ljava/util/function/Function;)Ljava/lang/Object;+46
j  org.gradle.launcher.daemon.server.exec.ForwardClientInput.execute(Lorg/gradle/launcher/daemon/server/api/DaemonCommandExecution;)V+10
j  org.gradle.launcher.daemon.server.api.DaemonCommandExecution.proceed()Z+23
j  org.gradle.launcher.daemon.server.exec.LogAndCheckHealth.execute(Lorg/gradle/launcher/daemon/server/api/DaemonCommandExecution;)V+51
j  org.gradle.launcher.daemon.server.api.DaemonCommandExecution.proceed()Z+23
j  org.gradle.launcher.daemon.server.exec.LogToClient.doBuild(Lorg/gradle/launcher/daemon/server/api/DaemonCommandExecution;Lorg/gradle/launcher/daemon/protocol/Build;)V+87
j  org.gradle.launcher.daemon.server.exec.BuildCommandOnly.execute(Lorg/gradle/launcher/daemon/server/api/DaemonCommandExecution;)V+49
j  org.gradle.launcher.daemon.server.api.DaemonCommandExecution.proceed()Z+23
j  org.gradle.launcher.daemon.server.exec.EstablishBuildEnvironment.doBuild(Lorg/gradle/launcher/daemon/server/api/DaemonCommandExecution;Lorg/gradle/launcher/daemon/protocol/Build;)V+356
j  org.gradle.launcher.daemon.server.exec.BuildCommandOnly.execute(Lorg/gradle/launcher/daemon/server/api/DaemonCommandExecution;)V+49
j  org.gradle.launcher.daemon.server.api.DaemonCommandExecution.proceed()Z+23
j  org.gradle.launcher.daemon.server.exec.StartBuildOrRespondWithBusy$1.run()V+44
j  org.gradle.launcher.daemon.server.DaemonStateCoordinator.lambda$runCommand$0(Ljava/lang/Runnable;)V+1
j  org.gradle.launcher.daemon.server.DaemonStateCoordinator$$Lambda+0x0000000100289788.run()V+8
j  org.gradle.internal.concurrent.ExecutorPolicy$CatchAndRecordFailures.onExecute(Ljava/lang/Runnable;)V+1
j  org.gradle.internal.concurrent.AbstractManagedExecutor$1.run()V+25
j  java.util.concurrent.ThreadPoolExecutor.runWorker(Ljava/util/concurrent/ThreadPoolExecutor$Worker;)V+92 java.base@21.0.8
j  java.util.concurrent.ThreadPoolExecutor$Worker.run()V+5 java.base@21.0.8
j  java.lang.Thread.runWith(Ljava/lang/Object;Ljava/lang/Runnable;)V+5 java.base@21.0.8
j  java.lang.Thread.run()V+19 java.base@21.0.8
v  ~StubRoutines::call_stub 0x0000025f875310e7

Compiled method (n/a) 22942  860     n 0       java.lang.ClassLoader::defineClass1 (native)
 total in heap  [0x0000025f87b30390,0x0000025f87b30ae8] = 1880
 relocation     [0x0000025f87b304f0,0x0000025f87b30530] = 64
 main code      [0x0000025f87b30540,0x0000025f87b30ae7] = 1447
 stub code      [0x0000025f87b30ae7,0x0000025f87b30ae8] = 1

[Constant Pool (empty)]

[MachCode]
[Entry Point]
  # {method} {0x0000025f8f025088} 'defineClass1' '(Ljava/lang/ClassLoader;Ljava/lang/String;[BIILjava/security/ProtectionDomain;Ljava/lang/String;)Ljava/lang/Class;' in 'java/lang/ClassLoader'
  # parm0:    rdx:rdx   = 'java/lang/ClassLoader'
  # parm1:    r8:r8     = 'java/lang/String'
  # parm2:    r9:r9     = '[B'
  # parm3:    rdi       = int
  # parm4:    rsi       = int
  # parm5:    rcx:rcx   = 'java/security/ProtectionDomain'
  # parm6:    [sp+0xa0]   = 'java/lang/String'  (sp of caller)
  0x0000025f87b30540: 448b 5208 | 49c1 e203 | 493b c20f | 8407 0000 

  0x0000025f87b30550: ;   {runtime_call ic_miss_stub}
  0x0000025f87b30550: 00e9 2ae4 | a4ff 6690 
[Verified Entry Point]
  0x0000025f87b30558: 8984 2400 | 80ff ff55 | 488b ec48 | 81ec 9000 | 0000 6690 | 4181 7f20 | 1000 0000 

  0x0000025f87b30574: ;   {runtime_call StubRoutines (final stubs)}
  0x0000025f87b30574: 7405 e885 | aaa3 ff48 | 837d 1000 | 488d 4510 | 480f 4445 | 1048 8944 | 2440 4889 | 4c24 7048 
  0x0000025f87b30594: 83f9 0048 | 8d44 2470 | 480f 4444 | 2470 4889 | 4424 3848 | 8974 2430 | 4889 7c24 | 284c 894c 
  0x0000025f87b305b4: 2458 4983 | f900 488d | 4424 5848 | 0f44 4424 | 5848 8944 | 2420 4c89 | 4424 5049 | 83f8 004c 
  0x0000025f87b305d4: 8d4c 2450 | 4c0f 444c | 2450 4889 | 5424 4848 | 83fa 004c | 8d44 2448 | 4c0f 4444 

  0x0000025f87b305f0: ;   {oop(a 'java/lang/Class'{0x00000000a047ca60} = 'java/lang/ClassLoader')}
  0x0000025f87b305f0: 2448 49be | 60ca 47a0 | 0000 0000 | 4c89 7424 | 784c 8d74 | 2478 498b | d6c5 f877 

  0x0000025f87b3060c: ;   {internal_word}
  0x0000025f87b3060c: 49ba 0906 | b387 5f02 | 0000 4d89 | 97a0 0300 | 0049 89a7 | 9803 0000 

  0x0000025f87b30624: ;   {external_word}
  0x0000025f87b30624: 49ba 18fa | e7bf f97f | 0000 4180 | 3a00 0f84 | 4e00 0000 | 5241 5041 

  0x0000025f87b3063c: ;   {metadata({method} {0x0000025f8f025088} 'defineClass1' '(Ljava/lang/ClassLoader;Ljava/lang/String;[BIILjava/security/ProtectionDomain;Ljava/lang/String;)Ljava/lang/Class;' in 'java/lang/ClassLoader')}
  0x0000025f87b3063c: 5148 ba80 | 5002 8f5f | 0200 0049 | 8bcf 4883 | ec20 40f6 | c40f 0f84 | 1900 0000 | 4883 ec08 
  0x0000025f87b3065c: ;   {runtime_call}
  0x0000025f87b3065c: 48b8 90d7 | a1bf f97f | 0000 ffd0 | 4883 c408 | e90c 0000 

  0x0000025f87b30670: ;   {runtime_call}
  0x0000025f87b30670: 0048 b890 | d7a1 bff9 | 7f00 00ff | d048 83c4 | 2041 5941 | 585a 498d | 8fb8 0300 | 0041 c787 
  0x0000025f87b30690: 4404 0000 | 0400 0000 

  0x0000025f87b30698: ;   {runtime_call}
  0x0000025f87b30698: 48b8 ac16 | 5317 fa7f | 0000 ffd0 | c5f8 7741 | c787 4404 | 0000 0500 | 0000 f083 | 4424 c000 
  0x0000025f87b306b8: 493b af48 | 0400 000f | 870e 0000 | 0041 83bf | 4004 0000 | 000f 842b | 0000 00c5 | f877 4889 
  0x0000025f87b306d8: 45f8 498b | cf4c 8be4 | 4883 ec20 | 4883 e4f0 

  0x0000025f87b306e8: ;   {runtime_call}
  0x0000025f87b306e8: 48b8 2014 | 6dbf f97f | 0000 ffd0 | 498b e44d | 33e4 488b | 45f8 41c7 | 8744 0400 | 0008 0000 
  0x0000025f87b30708: 0041 83bf | c004 0000 | 020f 84a3 

  0x0000025f87b30714: ;   {external_word}
  0x0000025f87b30714: 0300 0049 | ba18 fae7 | bff9 7f00 | 0041 803a | 000f 844c | 0000 0048 

  0x0000025f87b3072c: ;   {metadata({method} {0x0000025f8f025088} 'defineClass1' '(Ljava/lang/ClassLoader;Ljava/lang/String;[BIILjava/security/ProtectionDomain;Ljava/lang/String;)Ljava/lang/Class;' in 'java/lang/ClassLoader')}
  0x0000025f87b3072c: 8945 f848 | ba80 5002 | 8f5f 0200 | 0049 8bcf | 4883 ec20 | 40f6 c40f | 0f84 1900 | 0000 4883 
  0x0000025f87b3074c: ;   {runtime_call}
  0x0000025f87b3074c: ec08 48b8 | 90d7 a1bf | f97f 0000 | ffd0 4883 | c408 e90c 

  0x0000025f87b30760: ;   {runtime_call}
  0x0000025f87b30760: 0000 0048 | b890 d7a1 | bff9 7f00 | 00ff d048 | 83c4 2048 | 8b45 f849 | c787 9803 | 0000 0000 
  0x0000025f87b30780: 0000 49c7 | 87a0 0300 | 0000 0000 | 00c5 f877 | 4885 c00f | 84fe 0200 | 00a8 030f | 8508 0000 
  0x0000025f87b307a0: 0048 8b00 | e9ee 0200 | 00a8 010f | 8509 0000 | 0048 8b40 | fee9 dd02 | 0000 488b | 40ff 4180 
  0x0000025f87b307c0: 7f40 000f | 84ce 0200 | 0048 83f8 | 000f 84c4 | 0200 0049 | 8b4f 2848 | 83f9 000f | 8414 0000 
  0x0000025f87b307e0: 0048 83e9 | 0849 894f | 2849 034f | 3848 8901 | e9a2 0200 | 0048 81ec | 5001 0000 | 4889 0424 
  0x0000025f87b30800: 4889 4c24 | 0848 8954 | 2410 4889 | 7424 1848 | 897c 2420 | 4c89 4424 | 284c 894c | 2430 4c89 
  0x0000025f87b30820: 5424 384c | 895c 2440 | c5fb 1144 | 2450 c5fb | 114c 2458 | c5fb 1154 | 2460 c5fb | 115c 2468 
  0x0000025f87b30840: c5fb 1164 | 2470 c5fb | 116c 2478 | c5fb 11b4 | 2480 0000 | 00c5 fb11 | bc24 8800 | 0000 c57b 
  0x0000025f87b30860: ;   {no_reloc}
  0x0000025f87b30860: 1184 2490 | 0000 00c5 | 7b11 8c24 | 9800 0000 | c57b 1194 | 24a0 0000 | 00c5 7b11 | 9c24 a800 
  0x0000025f87b30880: 0000 c57b | 11a4 24b0 | 0000 00c5 | 7b11 ac24 | b800 0000 | c57b 11b4 | 24c0 0000 | 00c5 7b11 
  0x0000025f87b308a0: bc24 c800 | 0000 62e1 | ff08 1144 | 241a 62e1 | ff08 114c | 241b 62e1 | ff08 1154 | 241c 62e1 
  0x0000025f87b308c0: ff08 115c | 241d 62e1 | ff08 1164 | 241e 62e1 | ff08 116c | 241f 62e1 | ff08 1174 | 2420 62e1 
  0x0000025f87b308e0: ff08 117c | 2421 6261 | ff08 1144 | 2422 6261 | ff08 114c | 2423 6261 | ff08 1154 | 2424 6261 
  0x0000025f87b30900: ff08 115c | 2425 6261 | ff08 1164 | 2426 6261 | ff08 116c | 2427 6261 | ff08 1174 | 2428 6261 
  0x0000025f87b30920: ff08 117c | 2429 498b | d748 8bc8 | 4883 ec20 | 40f6 c40f | 0f84 1900 | 0000 4883 

  0x0000025f87b3093c: ;   {runtime_call}
  0x0000025f87b3093c: ec08 48b8 | 1022 60bf | f97f 0000 | ffd0 4883 | c408 e90c 

  0x0000025f87b30950: ;   {runtime_call}
  0x0000025f87b30950: 0000 0048 | b810 2260 | bff9 7f00 | 00ff d048 | 83c4 2062 | 61ff 0810 | 7c24 2962 | 61ff 0810 
  0x0000025f87b30970: 7424 2862 | 61ff 0810 | 6c24 2762 | 61ff 0810 | 6424 2662 | 61ff 0810 | 5c24 2562 | 61ff 0810 
  0x0000025f87b30990: 5424 2462 | 61ff 0810 | 4c24 2362 | 61ff 0810 | 4424 2262 | e1ff 0810 | 7c24 2162 | e1ff 0810 
  0x0000025f87b309b0: 7424 2062 | e1ff 0810 | 6c24 1f62 | e1ff 0810 | 6424 1e62 | e1ff 0810 | 5c24 1d62 | e1ff 0810 
  0x0000025f87b309d0: 5424 1c62 | e1ff 0810 | 4c24 1b62 | e1ff 0810 | 4424 1ac5 | 7b10 bc24 | c800 0000 | c57b 10b4 
  0x0000025f87b309f0: 24c0 0000 | 00c5 7b10 | ac24 b800 | 0000 c57b | 10a4 24b0 | 0000 00c5 | 7b10 9c24 | a800 0000 
  0x0000025f87b30a10: c57b 1094 | 24a0 0000 | 00c5 7b10 | 8c24 9800 | 0000 c57b | 1084 2490 | 0000 00c5 | fb10 bc24 
  0x0000025f87b30a30: 8800 0000 | c5fb 10b4 | 2480 0000 | 00c5 fb10 | 6c24 78c5 | fb10 6424 | 70c5 fb10 | 5c24 68c5 
  0x0000025f87b30a50: ;   {no_reloc}
  0x0000025f87b30a50: fb10 5424 | 60c5 fb10 | 4c24 58c5 | fb10 4424 | 504c 8b5c | 2440 4c8b | 5424 384c | 8b4c 2430 
  0x0000025f87b30a70: 4c8b 4424 | 2848 8b7c | 2420 488b | 7424 1848 | 8b54 2410 | 488b 4c24 | 0848 8b04 | 2448 81c4 
  0x0000025f87b30a90: 5001 0000 | c5f8 7749 | 8b8f 2804 | 0000 c781 | 0001 0000 | 0000 0000 | c949 837f | 0800 0f85 
  0x0000025f87b30ab0: 0100 0000 

  0x0000025f87b30ab4: ;   {runtime_call StubRoutines (initial stubs)}
  0x0000025f87b30ab4: c3e9 4604 | a0ff c5f8 | 7748 8945 | f84c 8be4 | 4883 ec20 | 4883 e4f0 

  0x0000025f87b30acc: ;   {runtime_call}
  0x0000025f87b30acc: 48b8 e00e | a2bf f97f | 0000 ffd0 | 498b e44d | 33e4 488b | 45f8 e930 | fcff fff4 
[/MachCode]


Compiled method (c2) 22957 5068       4       java.security.SecureClassLoader::defineClass (16 bytes)
 total in heap  [0x0000025f87d6de10,0x0000025f87d6fdf8] = 8168
 relocation     [0x0000025f87d6df70,0x0000025f87d6e090] = 288
 main code      [0x0000025f87d6e0a0,0x0000025f87d6f0e8] = 4168
 stub code      [0x0000025f87d6f0e8,0x0000025f87d6f148] = 96
 oops           [0x0000025f87d6f148,0x0000025f87d6f160] = 24
 metadata       [0x0000025f87d6f160,0x0000025f87d6f330] = 464
 scopes data    [0x0000025f87d6f330,0x0000025f87d6f9e8] = 1720
 scopes pcs     [0x0000025f87d6f9e8,0x0000025f87d6fc68] = 640
 dependencies   [0x0000025f87d6fc68,0x0000025f87d6fcd8] = 112
 handler table  [0x0000025f87d6fcd8,0x0000025f87d6fdc8] = 240
 nul chk table  [0x0000025f87d6fdc8,0x0000025f87d6fdf8] = 48

[Constant Pool (empty)]

[MachCode]
[Entry Point]
  # {method} {0x0000025f8f03d7f8} 'defineClass' '(Ljava/lang/String;[BIILjava/security/CodeSource;)Ljava/lang/Class;' in 'java/security/SecureClassLoader'
  # this:     rdx:rdx   = 'java/security/SecureClassLoader'
  # parm0:    r8:r8     = 'java/lang/String'
  # parm1:    r9:r9     = '[B'
  # parm2:    rdi       = int
  # parm3:    rsi       = int
  # parm4:    rcx:rcx   = 'java/security/CodeSource'
  #           [sp+0xc0]  (sp of caller)
  0x0000025f87d6e0a0: 448b 5208 | 49c1 e203 

  0x0000025f87d6e0a8: ;   {runtime_call ic_miss_stub}
  0x0000025f87d6e0a8: 493b c20f | 85cf 0881 | ff66 6690 | 0f1f 8400 | 0000 0000 | 6666 6690 
[Verified Entry Point]
  0x0000025f87d6e0c0: 8984 2400 | 80ff ff55 | 4881 ecb0 | 0000 0090 | 4181 7f20 | 1000 0000 | 0f85 fa0f | 0000 8974 
  0x0000025f87d6e0e0: 2444 897c | 2440 4c89 | 4c24 384c | 8944 2430 | 4889 5424 | 2848 8be9 | 4885 c90f | 8417 0c00 
  0x0000025f87d6e100: 004d 8b87 | b801 0000 | 4d8b d049 | 83c2 104d | 3b97 c801 | 0000 0f83 | 3608 0000 | 4d89 97b8 
  0x0000025f87d6e120: 0100 0041 | 0f0d 8ac0 | 0000 0049 | c700 0100 

  0x0000025f87d6e130: ;   {metadata('java/security/SecureClassLoader$CodeSourceKey')}
  0x0000025f87d6e130: 0000 41c7 | 4008 fd30 | 0120 4c8b | dd45 8958 | 0c4d 8b8f | b801 0000 | 4c8b 5424 | 2841 8b6a 
  0x0000025f87d6e150: 504d 8bd1 | 4983 c210 | 4d3b 97c8 | 0100 000f | 831b 0800 | 004d 8997 | b801 0000 | 410f 0d8a 
  0x0000025f87d6e170: c000 0000 | 49c7 0101 

  0x0000025f87d6e178: ;   {metadata('java/security/SecureClassLoader$1')}
  0x0000025f87d6e178: 0000 0041 | c741 0845 | 3101 204c | 8b54 2428 | 4d8b da45 | 8959 0c44 

  0x0000025f87d6e190: ;   {metadata('java/util/concurrent/ConcurrentHashMap')}
  0x0000025f87d6e190: 8b5d 0841 | 81fb 29ad | 0020 0f85 | 3c0a 0000 | 488b d590 

  0x0000025f87d6e1a4: ;   {optimized virtual_call}
  0x0000025f87d6e1a4: c5f8 77e8 

  0x0000025f87d6e1a8: ; ImmutableOopMap {[40]=Oop [48]=Oop [56]=Oop }
                      ;*invokeinterface computeIfAbsent {reexecute=0 rethrow=0 return_oop=1}
                      ; - java.security.SecureClassLoader::getProtectionDomain@28
                      ; - java.security.SecureClassLoader::defineClass@9
  0x0000025f87d6e1a8: d4ed d1f8 

  0x0000025f87d6e1ac: ;   {other}
  0x0000025f87d6e1ac: 0f1f 8400 | 9c03 0000 

  0x0000025f87d6e1b4: ; implicit exception: dispatches to 0x0000025f87d6efb0
  0x0000025f87d6e1b4: 448b 5008 

  0x0000025f87d6e1b8: ;   {metadata('java/security/ProtectionDomain')}
  0x0000025f87d6e1b8: 4181 facf | 8800 200f | 854f 0d00 | 0048 8984 | 2488 0000 | 004c 8b54 | 2430 458b | 5214 458b 
  0x0000025f87d6e1d8: 5a0c 4585 | db0f 8655 | 0a00 004c | 8b44 2430 | 450f be48 | 1045 85c9 | 0f85 aa0a | 0000 c4c2 
  0x0000025f87d6e1f8: 32f7 f341 | 3bf3 448b | c645 0f4f | c34d 8bea | 4d8d 4a10 | 4585 c00f | 8ed0 0000 | 0045 3bd8 
  0x0000025f87d6e218: 0f82 5a0a | 0000 b82f | 0000 0049 | 8bf9 418b | d048 8bdf | 83fa 100f | 8c79 0000 | 0083 fa20 
  0x0000025f87d6e238: 0f8c 3600 | 0000 c5f9 | 6ed0 c4e2 | 7d78 d2c5 | fdef c08b | ca83 e1e0 | 83e2 1fc5 | fe6f 0bc5 
  0x0000025f87d6e258: f574 cac4 | e27d 17c1 | 0f83 6900 | 0000 4883 | c320 83e9 | 2075 e4e9 | 0d00 0000 | c5f9 6ed0 
  0x0000025f87d6e278: c5f9 efc0 | c4e2 6900 | d083 fa10 | 0f8c 2400 | 0000 8bca | 83e1 f083 | e20f c5fa | 6f0b c5f1 
  0x0000025f87d6e298: 74ca c4e2 | 7917 c10f | 832a 0000 | 0048 83c3 | 1083 e910 | 75e4 85d2 | 0f84 1200 

  0x0000025f87d6e2b4: ;   {no_reloc}
  0x0000025f87d6e2b4: 0000 0fb6 | 0b3b c174 | 1c48 83c3 | 0183 ea01 | 7402 ebee | bbff ffff | ffeb 0dc5 | fdd7 c90f 
  0x0000025f87d6e2d4: bcc1 4803 | d848 2bdf | 83fb ff0f | 8513 0a00 | 0041 0fb6 | 2983 fd5b | 0f84 5a0a | 0000 448d 
  0x0000025f87d6e2f4: 46fb 4585 | c07c 0d41 | 0fbe 0983 | f96a 0f84 | 6e04 0000 | 48ff 7424 | 2848 8f44 | 2450 4c8b 
  0x0000025f87d6e314: 8424 8800 | 0000 458b | 7010 418d | 4bff 8d5e | ff3b d90f | 4fd9 85db | 0f8c c800 | 0000 413b 
  0x0000025f87d6e334: db0f 837d | 0800 0085 | db0f 8e11 | 0900 0044 | 8d43 ff33 | d241 0fbe | 4c1a 1083 | f92e 0f84 
  0x0000025f87d6e354: 7604 0000 | ffcb 413b | d87f ea83 | fb02 7e78 | bda0 0f00 | 0044 8d43 | fe83 fb02 | 440f 4cc2 
  0x0000025f87d6e374: 4181 f8a0 | 0f00 0044 | 0f47 c58b | fb41 2bf8 | 0f1f 8400 | 0000 0000 | 6666 6690 | 4c63 c343 
  0x0000025f87d6e394: 0fbe 4c02 | 1083 f92e | 7464 430f | be4c 020f | 83f9 2e74 | 5e44 8d43 | fe43 0fbe | 4c02 1083 
  0x0000025f87d6e3b4: ;   {no_reloc}
  0x0000025f87d6e3b4: f92e 7453 | 448d 43fd | 430f be4c | 0210 83f9 | 2e74 4483 | c3fc 3bdf | 7fc2 498b | 8750 0400 
  0x0000025f87d6e3d4: ; ImmutableOopMap {r10=NarrowOop r13=Oop r9=Derived_oop_r13 r14=NarrowOop [40]=Oop [48]=Oop [56]=Oop [80]=Oop [136]=Oop }
                      ;*goto {reexecute=1 rethrow=0 return_oop=0}
                      ; - (reexecute) java.lang.StringLatin1::lastIndexOf@35
                      ; - java.lang.String::lastIndexOf@13
                      ; - java.lang.String::lastIndexOf@8
                      ; - java.lang.ClassLoader::checkCerts@3
                      ; - java.lang.ClassLoader::preDefineClass@113
                      ; - java.lang.ClassLoader::defineClass@4
                      ; - java.security.SecureClassLoader::defineClass@12
                      ;   {poll}
  0x0000025f87d6e3d4: 0085 0083 | fb02 7f8d | 83fb ff7e | 1966 6690 | 410f be4c | 1a10 83f9 | 2e0f 84a5 | 0800 00ff 
  0x0000025f87d6e3f4: cb83 fbff | 7fea 41b8 | ffff ffff | eb09 448b | c3eb 0444 | 8d43 ff41 | 83f8 ff0f | 84c1 0300 
  0x0000025f87d6e414: 0045 85c0 | 0f8c b208 | 0000 443b | c60f 8fb5 | 0900 0044 | 3bc6 0f84 | 3c03 0000 | 4585 c00f 
  0x0000025f87d6e434: 840a 0500 | 0049 8b9f | b801 0000 | 488b cb48 | 83c1 1849 | 3b8f c801 | 0000 0f83 | 5905 0000 
  0x0000025f87d6e454: 4989 8fb8 | 0100 000f | 0d89 c000 | 0000 48c7 | 0301 0000 | 0048 8bcb | 4883 c110 

  0x0000025f87d6e470: ;   {metadata('java/lang/String')}
  0x0000025f87d6e470: c743 0812 | 8400 2044 | 8963 0cc5 | fdef c0c5 | f9d6 0145 | 3bc3 0f84 | e100 0000 | 4181 f800 
  0x0000025f87d6e490: 0010 000f | 878f 0900 | 0049 63c0 | 453b d841 | 8beb 410f | 4fe8 443b | dd0f 82f4 | 0900 0044 
  0x0000025f87d6e4b0: 3bc5 0f82 | eb09 0000 | 4883 c017 | 4c8b d849 | 83e3 f841 | 81f8 0000 | 1000 0f87 | 0906 0000 
  0x0000025f87d6e4d0: 498b b7b8 | 0100 004c | 8bd6 4d03 | d34d 3b97 | c801 0000 | 0f83 ef05 | 0000 4d89 | 97b8 0100 
  0x0000025f87d6e4f0: 0041 0f0d | 8ac0 0000 | 0048 c706 | 0100 0000 | 410f 0d8a | 0001 0000 

  0x0000025f87d6e508: ;   {metadata({type array byte})}
  0x0000025f87d6e508: c746 0859 | 8100 2044 | 8946 0c41 | 0f0d 8a40 | 0100 0041 | 0f0d 8a80 | 0100 004c | 8bd6 4983 
  0x0000025f87d6e528: c210 48c1 | e803 85ed | 0f84 fa08 | 0000 413b | e80f 8c2a | 0300 0049 | 83c3 f049 | c1eb 0349 
  0x0000025f87d6e548: 8bc9 498b | d24d 8bc3 | c5f8 7749 | ba80 7056 | 875f 0200 | 0041 ffd2 

  0x0000025f87d6e560: ;   {other}
  0x0000025f87d6e560: 0f1f 8400 | 0000 0000 | e994 0000 | 0049 63fb | 4181 fb00 | 0010 000f | 87c2 0400 | 0049 8bb7 
  0x0000025f87d6e580: b801 0000 | 4c8d 4717 | 4983 e0f8 | 488b ce49 | 03c8 493b | 8fc8 0100 | 000f 83a0 | 0400 0049 
  0x0000025f87d6e5a0: 898f b801 | 0000 0f0d | 89c0 0000 | 0048 c706 | 0100 0000 | 0f0d 8900 

  0x0000025f87d6e5b8: ;   {metadata({type array byte})}
  0x0000025f87d6e5b8: 0100 00c7 | 4608 5981 | 0020 4489 | 5e0c 0f0d | 8940 0100 | 000f 0d89 | 8001 0000 | 488b d648 
  0x0000025f87d6e5d8: 83c2 1048 | 83c7 0748 | c1ef 0349 | 8bc9 4c8b | c7c5 f877 | 49ba 8070 | 5687 5f02 | 0000 41ff 
  0x0000025f87d6e5f8: ;   {other}
  0x0000025f87d6e5f8: d20f 1f84 | 0000 0000 | 0041 807f | 4000 0f85 | d901 0000 | 4c8b d34c | 8bc6 4489 | 4314 4c8b 
  0x0000025f87d6e618: de4d 33da | 49c1 eb14 | 4d85 db74 | 1a49 c1ea | 0948 b900 | 00e6 f95f | 0200 0049 | 03ca 8039 
  0x0000025f87d6e638: 020f 85d9 | 0100 0044 | 8863 1045 | 85f6 7418 | 418b 6e14 | 85ed 0f85 | 1007 0000 | 418b 6e10 
  0x0000025f87d6e658: 85ed 0f85 | 3007 0000 | 4c8b 5424 | 5045 8b52 | 2c45 85d2 | 0f84 1405 | 0000 498b | d2bf 0100 
  0x0000025f87d6e678: ;   {oop(a 'java/security/cert/Certificate'[0] {0x00000000a0583960})}
  0x0000025f87d6e678: 0000 49b9 | 6039 58a0 | 0000 0000 | 4c8b c390 

  0x0000025f87d6e688: ;   {optimized virtual_call}
  0x0000025f87d6e688: c5f8 77e8 

  0x0000025f87d6e68c: ; ImmutableOopMap {[40]=Oop [48]=Oop [56]=Oop [80]=Oop [136]=Oop }
                      ;*invokevirtual putVal {reexecute=0 rethrow=0 return_oop=1}
                      ; - java.util.concurrent.ConcurrentHashMap::putIfAbsent@4
                      ; - java.lang.ClassLoader::checkCerts@62
                      ; - java.lang.ClassLoader::preDefineClass@113
                      ; - java.lang.ClassLoader::defineClass@4
                      ; - java.security.SecureClassLoader::defineClass@12
  0x0000025f87d6e68c: b066 dcf8 

  0x0000025f87d6e690: ;   {other}
  0x0000025f87d6e690: 0f1f 8400 | 8008 0002 | 4885 c074 | 1c44 8b58 

  0x0000025f87d6e6a0: ;   {metadata('java/security/cert/Certificate'[])}
  0x0000025f87d6e6a0: 0841 81fb | 9e61 0020 | 0f85 9a08 | 0000 8b68 | 0c85 ed0f | 8703 0700 | 004c 8b94 | 2488 0000 
  0x0000025f87d6e6c0: 0045 8b5a | 1045 85db | 0f84 6e02 | 0000 418b | 6b0c 448b | 5d38 4585 | db0f 84c1 | 0400 0049 
  0x0000025f87d6e6e0: 8bd3 4c8b | c566 6690 

  0x0000025f87d6e6e8: ;   {optimized virtual_call}
  0x0000025f87d6e6e8: c5f8 77e8 

  0x0000025f87d6e6ec: ; ImmutableOopMap {[40]=Oop [48]=Oop [56]=Oop [136]=Oop }
                      ;*invokevirtual toExternalForm {reexecute=0 rethrow=0 return_oop=1}
                      ; - java.net.URL::toExternalForm@5
                      ; - java.net.URL::toString@1
                      ; - java.lang.ClassLoader::defineClassSourceLocation@22
                      ; - java.lang.ClassLoader::defineClass@12
                      ; - java.security.SecureClassLoader::defineClass@12
  0x0000025f87d6e6ec: 90e3 e0ff 

  0x0000025f87d6e6f0: ;   {other}
  0x0000025f87d6e6f0: 0f1f 8400 | e008 0003 | 488b 5424 | 284c 8b44 | 2430 4c8b | 4c24 388b | 7c24 408b | 7424 4448 
  0x0000025f87d6e710: 8b8c 2488 | 0000 0048 | 8904 2490 

  0x0000025f87d6e71c: ;   {static_call}
  0x0000025f87d6e71c: c5f8 77e8 

  0x0000025f87d6e720: ; ImmutableOopMap {[40]=Oop [136]=Oop }
                      ;*invokestatic defineClass1 {reexecute=0 rethrow=0 return_oop=1}
                      ; - java.lang.ClassLoader::defineClass@27
                      ; - java.security.SecureClassLoader::defineClass@12
  0x0000025f87d6e720: 341e dcff 

  0x0000025f87d6e724: ;   {other}
  0x0000025f87d6e724: 0f1f 8400 | 1409 0004 | 488b e848 | 8b54 2428 | 4c8b c04c | 8b8c 2488 | 0000 0090 

  0x0000025f87d6e740: ;   {optimized virtual_call}
  0x0000025f87d6e740: c5f8 77e8 

  0x0000025f87d6e744: ; ImmutableOopMap {rbp=Oop }
                      ;*invokevirtual postDefineClass {reexecute=0 rethrow=0 return_oop=0}
                      ; - java.lang.ClassLoader::defineClass@37
                      ; - java.security.SecureClassLoader::defineClass@12
  0x0000025f87d6e744: 386d f9ff 

  0x0000025f87d6e748: ;   {other}
  0x0000025f87d6e748: 0f1f 8400 | 3809 0005 | 488b c5c5 | f877 4881 | c4b0 0000 

  0x0000025f87d6e75c: ;   {poll_return}
  0x0000025f87d6e75c: 005d 493b | a748 0400 | 000f 8757 | 0900 00c3 | 488b 5c24 | 30e9 cdfe | ffff 4183 | fb04 0f86 
  0x0000025f87d6e77c: 4c07 0000 | 4180 7a11 | 610f 857d | fbff ff41 | 807a 1276 | 0f85 72fb | ffff 4180 | 7a13 610f 
  0x0000025f87d6e79c: 8567 fbff | ff41 807a | 142e 0f85 | 5cfb ffff 

  0x0000025f87d6e7ac: ;   {oop(a 'jdk/internal/loader/ClassLoaders$PlatformClassLoader'{0x00000000a05c2748})}
  0x0000025f87d6e7ac: 49b8 4827 | 5ca0 0000 | 0000 488b | 4c24 2849 | 3bc8 0f85 | 2c07 0000 | 4c89 4424 | 50e9 44fb 
  0x0000025f87d6e7cc: ffff 448b | c3e9 35fc 

  0x0000025f87d6e7d4: ;   {oop(""{0x00000000a059cdc0})}
  0x0000025f87d6e7d4: ffff 48bb | c0cd 59a0 | 0000 0000 | e95e feff | ff44 8b53 | 1445 85d2 | 0f84 1afe | ffff 4d8b 
  0x0000025f87d6e7f4: 5f28 498b | ca4d 85db | 0f84 0606 | 0000 4d8b | 5738 4b89 | 4c1a f849 | 83c3 f84d | 895f 28e9 
  0x0000025f87d6e814: f4fd ffff | 4d8b 5748 | 4d8b 5f58 | f083 4424 | c000 8039 | 000f 8410 | feff ff44 | 8821 4d85 
  0x0000025f87d6e834: d275 2049 | 8bd7 c5f8 | 7749 baf0 | 2160 bff9 | 7f00 0041 

  0x0000025f87d6e848: ;   {other}
  0x0000025f87d6e848: ffd2 0f1f | 8400 0000 | 0000 e9e8 | fdff ff4b | 894c 13f8 | 4983 c2f8 | 4d89 5748 | e9d6 fdff 
  0x0000025f87d6e868: ff4c 63c5 | 4d8d 5810 | 498b cb48 | 83e1 f848 | 8bfe 4803 | f949 c1eb | 0349 2bc3 | 488b c848 
  0x0000025f87d6e888: 33c0 4883 | f908 7f10 | 48ff c978 | 5648 8904 | cf48 ffc9 | 7df7 eb4b | c5fd efc0 | e90d 0000 
  0x0000025f87d6e8a8: 00c5 fe7f | 07c5 fe7f | 4720 4883 | c740 4883 | e908 7ded | 4883 c104 | 7c0c c5fe | 7f07 4883 
  0x0000025f87d6e8c8: c720 4883 | e904 4883 | c104 7e17 | 48c7 c0ff | ffff ffc4 | e2f0 f5c0 | c4e1 fb92 | f862 f1fe 
  0x0000025f87d6e8e8: 2f7f 0749 | 83f8 2077 | 284c 63dd | 49b8 ffff | ffff ffff | ffff c442 | a0f5 c0c4 | c1fb 92f8 
  0x0000025f87d6e908: 62d1 7faf | 6f01 62d1 | 7f2f 7f02 | e94f fcff | ff49 8bc9 | 498b d2c5 | f877 49ba | c04d 5687 
  0x0000025f87d6e928: 5f02 0000 

  0x0000025f87d6e92c: ;   {other}
  0x0000025f87d6e92c: 41ff d20f | 1f84 0000 | 0000 00e9 | 2cfc ffff | 33c0 e9b5 

  0x0000025f87d6e940: ;   {oop(""{0x00000000a059cdc0})}
  0x0000025f87d6e940: fdff ff48 | bbc0 cd59 | a000 0000 | 00e9 f1fc 

  0x0000025f87d6e950: ;   {metadata('java/security/SecureClassLoader$CodeSourceKey')}
  0x0000025f87d6e950: ffff 48ba | e887 0900 | 0100 0000 | 48ff 7424 | 2848 8f44 | 2420 6690 

  0x0000025f87d6e968: ;   {runtime_call _new_instance_Java}
  0x0000025f87d6e968: c5f8 77e8 

  0x0000025f87d6e96c: ; ImmutableOopMap {rbp=Oop [32]=Oop [40]=Oop [48]=Oop [56]=Oop }
                      ;*new {reexecute=0 rethrow=0 return_oop=1}
                      ; - java.security.SecureClassLoader::getProtectionDomain@6
                      ; - java.security.SecureClassLoader::defineClass@9
  0x0000025f87d6e96c: 90fb 84ff 

  0x0000025f87d6e970: ;   {other}
  0x0000025f87d6e970: 0f1f 8400 | 600b 0006 | 4c8b c0e9 | baf7 ffff 

  0x0000025f87d6e980: ;   {metadata('java/security/SecureClassLoader$1')}
  0x0000025f87d6e980: 48ba 288a | 0900 0100 | 0000 4c89 | 4424 5090 

  0x0000025f87d6e990: ;   {runtime_call _new_instance_Java}
  0x0000025f87d6e990: c5f8 77e8 

  0x0000025f87d6e994: ; ImmutableOopMap {rbp=NarrowOop [40]=Oop [48]=Oop [56]=Oop [80]=Oop }
                      ;*new {reexecute=0 rethrow=0 return_oop=1}
                      ; - java.security.SecureClassLoader::getProtectionDomain@20
                      ; - java.security.SecureClassLoader::defineClass@9
  0x0000025f87d6e994: 68fb 84ff 

  0x0000025f87d6e998: ;   {other}
  0x0000025f87d6e998: 0f1f 8400 | 880b 0007 | 4c8b c84c | 8b44 2450 | e9d6 f7ff | ff44 8944 | 2474 4489 | 7424 7048 
  0x0000025f87d6e9b8: ff74 2450 | 488f 4424 | 684c 894c | 2460 4c89 | 6c24 5844 | 895c 2454 | 4489 5424 | 5048 ff74 
  0x0000025f87d6e9d8: 2430 488f | 4424 2048 | 8b6c 2428 

  0x0000025f87d6e9e4: ;   {metadata('java/lang/String')}
  0x0000025f87d6e9e4: 48ba 9020 | 0400 0100 | 0000 6690 

  0x0000025f87d6e9f0: ;   {runtime_call _new_instance_Java}
  0x0000025f87d6e9f0: c5f8 77e8 

  0x0000025f87d6e9f4: ; ImmutableOopMap {rbp=Oop [32]=Oop [56]=Oop [80]=NarrowOop [88]=Oop [96]=Derived_oop_[88] [104]=Oop [112]=NarrowOop [136]=Oop }
                      ;*new {reexecute=0 rethrow=0 return_oop=1}
                      ; - java.lang.StringLatin1::newString@7
                      ; - java.lang.String::substring@41
                      ; - java.lang.ClassLoader::checkCerts@21
                      ; - java.lang.ClassLoader::preDefineClass@113
                      ; - java.lang.ClassLoader::defineClass@4
                      ; - java.security.SecureClassLoader::defineClass@12
  0x0000025f87d6e9f4: 08fb 84ff 

  0x0000025f87d6e9f8: ;   {other}
  0x0000025f87d6e9f8: 0f1f 8400 | e80b 0008 | 4889 6c24 | 2848 ff74 | 2420 488f | 4424 3044 | 8b54 2450 | 448b 5c24 
  0x0000025f87d6ea18: 544c 8b6c | 2458 4c8b | 4c24 6048 | ff74 2468 | 488f 4424 | 5044 8b74 | 2470 448b | 4424 7448 
  0x0000025f87d6ea38: 8bd8 e944 | faff ff48 | 897c 2478 | 4889 5c24 | 7044 8974 | 2468 48ff | 7424 5048 | 8f44 2460 
  0x0000025f87d6ea58: 4c89 4c24 | 584c 896c | 2450 418b | ea48 ffb4 | 2488 0000 | 0048 8f44 | 2448 48ff | 7424 2848 
  0x0000025f87d6ea78: 8f44 2420 

  0x0000025f87d6ea7c: ;   {metadata({type array byte})}
  0x0000025f87d6ea7c: 48ba c80a | 0400 0100 | 0000 458b | c366 6690 

  0x0000025f87d6ea8c: ;   {runtime_call _new_array_nozero_Java}
  0x0000025f87d6ea8c: c5f8 77e8 

  0x0000025f87d6ea90: ; ImmutableOopMap {rbp=NarrowOop [32]=Oop [48]=Oop [56]=Oop [72]=Oop [80]=Oop [88]=Derived_oop_[80] [96]=Oop [104]=NarrowOop [112]=Oop }
                      ;*invokevirtual clone {reexecute=1 rethrow=0 return_oop=1}
                      ; - (reexecute) java.util.Arrays::copyOfRange@18
                      ; - java.lang.StringLatin1::newString@16
                      ; - java.lang.String::substring@41
                      ; - java.lang.ClassLoader::checkCerts@21
                      ; - java.lang.ClassLoader::preDefineClass@113
                      ; - java.lang.ClassLoader::defineClass@4
                      ; - java.security.SecureClassLoader::defineClass@12
  0x0000025f87d6ea90: ec45 85ff 

  0x0000025f87d6ea94: ;   {other}
  0x0000025f87d6ea94: 0f1f 8400 | 840c 0009 | 48ff 7424 | 2048 8f44 | 2428 48ff | 7424 4848 | 8f84 2488 | 0000 004c 
  0x0000025f87d6eab4: 8b4c 2458 | 48ff 7424 | 6048 8f44 | 2450 448b | 7424 6848 | 8b5c 2470 | 488b 7c24 | 7848 8bf0 
  0x0000025f87d6ead4: e9fb faff | ff4c 899c | 2480 0000 | 0048 8944 | 2478 4889 | 5c24 7044 | 8944 246c | 4489 7424 
  0x0000025f87d6eaf4: 6848 ff74 | 2450 488f | 4424 604c | 894c 2458 | 4c89 6c24 | 5048 ffb4 | 2488 0000 | 0048 8f44 
  0x0000025f87d6eb14: 2448 48ff | 7424 2848 | 8f44 2420 

  0x0000025f87d6eb20: ;   {metadata({type array byte})}
  0x0000025f87d6eb20: 48ba c80a | 0400 0100 | 0000 6690 

  0x0000025f87d6eb2c: ;   {runtime_call _new_array_nozero_Java}
  0x0000025f87d6eb2c: c5f8 77e8 

  0x0000025f87d6eb30: ; ImmutableOopMap {[32]=Oop [48]=Oop [56]=Oop [72]=Oop [80]=Oop [88]=Derived_oop_[80] [96]=Oop [104]=NarrowOop [112]=Oop }
                      ;*newarray {reexecute=0 rethrow=0 return_oop=1}
                      ; - java.util.Arrays::copyOfRangeByte@10
                      ; - java.util.Arrays::copyOfRange@13
                      ; - java.lang.StringLatin1::newString@16
                      ; - java.lang.String::substring@41
                      ; - java.lang.ClassLoader::checkCerts@21
                      ; - java.lang.ClassLoader::preDefineClass@113
                      ; - java.lang.ClassLoader::defineClass@4
                      ; - java.security.SecureClassLoader::defineClass@12
  0x0000025f87d6eb30: 4c45 85ff 

  0x0000025f87d6eb34: ;   {other}
  0x0000025f87d6eb34: 0f1f 8400 | 240d 000a | 48ff 7424 | 2048 8f44 | 2428 48ff | 7424 4848 | 8f84 2488 | 0000 004c 
  0x0000025f87d6eb54: 8b4c 2458 | 48ff 7424 | 6048 8f44 | 2450 448b | 7424 6844 | 8b44 246c | 488b 5c24 | 7048 8bf0 
  0x0000025f87d6eb74: 488b 4424 | 784c 8b9c | 2480 0000 | 00e9 9df9 | ffff baf6 | ffff ff48 | 8beb 6690 

  0x0000025f87d6eb90: ;   {runtime_call UncommonTrapBlob}
  0x0000025f87d6eb90: c5f8 77e8 

  0x0000025f87d6eb94: ; ImmutableOopMap {rbp=Oop }
                      ;*invokevirtual putIfAbsent {reexecute=0 rethrow=0 return_oop=0}
                      ; - java.lang.ClassLoader::checkCerts@62
                      ; - java.lang.ClassLoader::preDefineClass@113
                      ; - java.lang.ClassLoader::defineClass@4
                      ; - java.security.SecureClassLoader::defineClass@12
  0x0000025f87d6eb94: 6891 81ff 

  0x0000025f87d6eb98: ;   {other}
  0x0000025f87d6eb98: 0f1f 8400 | 880d 000b | baf6 ffff | ff66 6690 

  0x0000025f87d6eba8: ;   {runtime_call UncommonTrapBlob}
  0x0000025f87d6eba8: c5f8 77e8 

  0x0000025f87d6ebac: ; ImmutableOopMap {rbp=NarrowOop }
                      ;*invokevirtual toExternalForm {reexecute=0 rethrow=0 return_oop=0}
                      ; - java.net.URL::toExternalForm@5
                      ; - java.net.URL::toString@1
                      ; - java.lang.ClassLoader::defineClassSourceLocation@22
                      ; - java.lang.ClassLoader::defineClass@12
                      ; - java.security.SecureClassLoader::defineClass@12
  0x0000025f87d6ebac: 5091 81ff 

  0x0000025f87d6ebb0: ;   {other}
  0x0000025f87d6ebb0: 0f1f 8400 | a00d 000c | ba76 ffff | ff41 8bea | 895c 2424 | 4489 7424 | 6066 6690 

  0x0000025f87d6ebcc: ;   {runtime_call UncommonTrapBlob}
  0x0000025f87d6ebcc: c5f8 77e8 

  0x0000025f87d6ebd0: ; ImmutableOopMap {rbp=NarrowOop [40]=Oop [48]=Oop [56]=Oop [80]=Oop [96]=NarrowOop [136]=Oop }
                      ;*iflt {reexecute=1 rethrow=0 return_oop=0}
                      ; - (reexecute) java.lang.StringLatin1::lastIndexOf@19
                      ; - java.lang.String::lastIndexOf@13
                      ; - java.lang.String::lastIndexOf@8
                      ; - java.lang.ClassLoader::checkCerts@3
                      ; - java.lang.ClassLoader::preDefineClass@113
                      ; - java.lang.ClassLoader::defineClass@4
                      ; - java.security.SecureClassLoader::defineClass@12
  0x0000025f87d6ebd0: 2c91 81ff 

  0x0000025f87d6ebd4: ;   {other}
  0x0000025f87d6ebd4: 0f1f 8400 | c40d 000d | bade ffff | ff4c 8954 | 2420 48ff | 7424 3048 | 8f44 2428 | 48ff 7424 
  0x0000025f87d6ebf4: 3848 8f44 | 2430 4889 | 4424 f88b | 4424 4089 | 4424 3848 | 8b44 24f8 | 4889 4424 | f88b 4424 
  0x0000025f87d6ec14: 4489 4424 | 3c48 8b44 | 24f8 4c89 | 4424 404c | 894c 2448 

  0x0000025f87d6ec28: ;   {runtime_call UncommonTrapBlob}
  0x0000025f87d6ec28: c5f8 77e8 

  0x0000025f87d6ec2c: ; ImmutableOopMap {rbp=NarrowOop [32]=Oop [40]=Oop [48]=Oop [64]=Oop [72]=Oop }
                      ;*invokeinterface computeIfAbsent {reexecute=0 rethrow=0 return_oop=0}
                      ; - java.security.SecureClassLoader::getProtectionDomain@28
                      ; - java.security.SecureClassLoader::defineClass@9
  0x0000025f87d6ec2c: d090 81ff 

  0x0000025f87d6ec30: ;   {other}
  0x0000025f87d6ec30: 0f1f 8400 | 200e 000e | ba45 ffff | ff48 8b6c | 2428 6690 

  0x0000025f87d6ec44: ;   {runtime_call UncommonTrapBlob}
  0x0000025f87d6ec44: c5f8 77e8 

  0x0000025f87d6ec48: ; ImmutableOopMap {rbp=Oop [48]=Oop [56]=Oop [136]=Oop }
                      ;*ifeq {reexecute=1 rethrow=0 return_oop=0}
                      ; - (reexecute) java.lang.ClassLoader::checkName@8
                      ; - java.lang.ClassLoader::preDefineClass@1
                      ; - java.lang.ClassLoader::defineClass@4
                      ; - java.security.SecureClassLoader::defineClass@12
  0x0000025f87d6ec48: b490 81ff 

  0x0000025f87d6ec4c: ;   {other}
  0x0000025f87d6ec4c: 0f1f 8400 | 3c0e 000f | ba6e ffff | ff41 8bea | 895c 2424 | 4489 7424 | 6066 6690 

  0x0000025f87d6ec68: ;   {runtime_call UncommonTrapBlob}
  0x0000025f87d6ec68: c5f8 77e8 

  0x0000025f87d6ec6c: ; ImmutableOopMap {rbp=NarrowOop [40]=Oop [48]=Oop [56]=Oop [80]=Oop [96]=NarrowOop [136]=Oop }
                      ;*iflt {reexecute=1 rethrow=0 return_oop=0}
                      ; - (reexecute) java.lang.StringLatin1::lastIndexOf@19
                      ; - java.lang.String::lastIndexOf@13
                      ; - java.lang.String::lastIndexOf@8
                      ; - java.lang.ClassLoader::checkCerts@3
                      ; - java.lang.ClassLoader::preDefineClass@113
                      ; - java.lang.ClassLoader::defineClass@4
                      ; - java.security.SecureClassLoader::defineClass@12
  0x0000025f87d6ec6c: 9090 81ff 

  0x0000025f87d6ec70: ;   {other}
  0x0000025f87d6ec70: 0f1f 8400 | 600e 0010 | bace ffff | ff41 8bea | 4489 4424 | 6066 6690 

  0x0000025f87d6ec88: ;   {runtime_call UncommonTrapBlob}
  0x0000025f87d6ec88: c5f8 77e8 

  0x0000025f87d6ec8c: ; ImmutableOopMap {rbp=NarrowOop [40]=Oop [48]=Oop [56]=Oop [136]=Oop }
                      ;*invokestatic indexOfChar {reexecute=0 rethrow=0 return_oop=0}
                      ; - java.lang.StringLatin1::indexOf@33
                      ; - java.lang.String::indexOf@17
                      ; - java.lang.String::indexOf@3
                      ; - java.lang.ClassLoader::checkName@16
                      ; - java.lang.ClassLoader::preDefineClass@1
                      ; - java.lang.ClassLoader::defineClass@4
                      ; - java.security.SecureClassLoader::defineClass@12
  0x0000025f87d6ec8c: 7090 81ff 

  0x0000025f87d6ec90: ;   {other}
  0x0000025f87d6ec90: 0f1f 8400 | 800e 0011 | 448b c3e9 | 6bf7 ffff | 4533 d245 | 85c9 410f | 94c2 ba45 | ffff ff48 
  0x0000025f87d6ecb0: 8b6c 2428 | 4c89 4424 | 2044 8954 | 2460 6690 

  0x0000025f87d6ecc0: ;   {runtime_call UncommonTrapBlob}
  0x0000025f87d6ecc0: c5f8 77e8 

  0x0000025f87d6ecc4: ; ImmutableOopMap {rbp=Oop [32]=Oop [56]=Oop [136]=Oop }
                      ;*ifeq {reexecute=1 rethrow=0 return_oop=0}
                      ; - (reexecute) java.lang.String::indexOf@4
                      ; - java.lang.String::indexOf@3
                      ; - java.lang.ClassLoader::checkName@16
                      ; - java.lang.ClassLoader::preDefineClass@1
                      ; - java.lang.ClassLoader::defineClass@4
                      ; - java.security.SecureClassLoader::defineClass@12
  0x0000025f87d6ecc4: 3890 81ff 

  0x0000025f87d6ecc8: ;   {other}
  0x0000025f87d6ecc8: 0f1f 8400 | b80e 0012 | ba45 ffff | ff44 8944 | 2420 4489 | 4424 2444 | 8974 2460 | 8974 2470 
  0x0000025f87d6ece8: ;   {runtime_call UncommonTrapBlob}
  0x0000025f87d6ece8: c5f8 77e8 

  0x0000025f87d6ecec: ; ImmutableOopMap {[40]=Oop [48]=Oop [56]=Oop [80]=Oop [96]=NarrowOop [136]=Oop }
                      ;*if_icmpgt {reexecute=1 rethrow=0 return_oop=0}
                      ; - (reexecute) jdk.internal.util.Preconditions::checkFromToIndex@6
                      ; - java.lang.String::checkBoundsBeginEnd@6
                      ; - java.lang.String::substring@8
                      ; - java.lang.ClassLoader::checkCerts@21
                      ; - java.lang.ClassLoader::preDefineClass@113
                      ; - java.lang.ClassLoader::defineClass@4
                      ; - java.security.SecureClassLoader::defineClass@12
  0x0000025f87d6ecec: 1090 81ff 

  0x0000025f87d6ecf0: ;   {other}
  0x0000025f87d6ecf0: 0f1f 8400 | e00e 0013 | ba45 ffff | ff48 8b6c | 2428 895c | 2450 6690 

  0x0000025f87d6ed08: ;   {runtime_call UncommonTrapBlob}
  0x0000025f87d6ed08: c5f8 77e8 

  0x0000025f87d6ed0c: ; ImmutableOopMap {rbp=Oop [48]=Oop [56]=Oop [136]=Oop }
                      ;*if_icmpne {reexecute=1 rethrow=0 return_oop=0}
                      ; - (reexecute) java.lang.ClassLoader::checkName@20
                      ; - java.lang.ClassLoader::preDefineClass@1
                      ; - java.lang.ClassLoader::defineClass@4
                      ; - java.security.SecureClassLoader::defineClass@12
  0x0000025f87d6ed0c: f08f 81ff 

  0x0000025f87d6ed10: ;   {other}
  0x0000025f87d6ed10: 0f1f 8400 | 000f 0014 | ba45 ffff | ff48 ff74 | 2428 488f | 4424 204c | 8944 2428 | 4c89 4c24 
  0x0000025f87d6ed30: 3089 7c24 | 3889 7424 | 3c66 6690 

  0x0000025f87d6ed3c: ;   {runtime_call UncommonTrapBlob}
  0x0000025f87d6ed3c: c5f8 77e8 

  0x0000025f87d6ed40: ; ImmutableOopMap {rbp=Oop [32]=Oop [40]=Oop [48]=Oop }
                      ;*ifnonnull {reexecute=1 rethrow=0 return_oop=0}
                      ; - (reexecute) java.security.SecureClassLoader::getProtectionDomain@1
                      ; - java.security.SecureClassLoader::defineClass@9
  0x0000025f87d6ed40: bc8f 81ff 

  0x0000025f87d6ed44: ;   {other}
  0x0000025f87d6ed44: 0f1f 8400 | 340f 0015 | ba45 ffff | ff66 6690 

  0x0000025f87d6ed54: ;   {runtime_call UncommonTrapBlob}
  0x0000025f87d6ed54: c5f8 77e8 

  0x0000025f87d6ed58: ; ImmutableOopMap {[40]=Oop [48]=Oop [56]=Oop [136]=Oop }
                      ;*if_icmpne {reexecute=1 rethrow=0 return_oop=0}
                      ; - (reexecute) java.lang.ClassLoader::checkName@30
                      ; - java.lang.ClassLoader::preDefineClass@1
                      ; - java.lang.ClassLoader::defineClass@4
                      ; - java.security.SecureClassLoader::defineClass@12
  0x0000025f87d6ed58: a48f 81ff 

  0x0000025f87d6ed5c: ;   {other}
  0x0000025f87d6ed5c: 0f1f 8400 | 4c0f 0016 | ba45 ffff | ff48 ff74 | 2428 488f | 4424 2048 | 895c 2458 | 4489 7424 
  0x0000025f87d6ed7c: 6066 6690 

  0x0000025f87d6ed80: ;   {runtime_call UncommonTrapBlob}
  0x0000025f87d6ed80: c5f8 77e8 

  0x0000025f87d6ed84: ; ImmutableOopMap {rbp=NarrowOop [32]=Oop [48]=Oop [56]=Oop [80]=Oop [88]=Oop [96]=NarrowOop [136]=Oop }
                      ;*ifnull {reexecute=1 rethrow=0 return_oop=0}
                      ; - (reexecute) java.security.CodeSource::getCertificates@4
                      ; - java.lang.ClassLoader::checkCerts@34
                      ; - java.lang.ClassLoader::preDefineClass@113
                      ; - java.lang.ClassLoader::defineClass@4
                      ; - java.security.SecureClassLoader::defineClass@12
  0x0000025f87d6ed84: 788f 81ff 

  0x0000025f87d6ed88: ;   {other}
  0x0000025f87d6ed88: 0f1f 8400 | 780f 0017 | ba45 ffff | ff48 ff74 | 2428 488f | 4424 2048 | 895c 2458 | 4489 7424 
  0x0000025f87d6eda8: 6066 6690 

  0x0000025f87d6edac: ;   {runtime_call UncommonTrapBlob}
  0x0000025f87d6edac: c5f8 77e8 

  0x0000025f87d6edb0: ; ImmutableOopMap {rbp=NarrowOop [32]=Oop [48]=Oop [56]=Oop [80]=Oop [88]=Oop [96]=NarrowOop [136]=Oop }
                      ;*ifnull {reexecute=1 rethrow=0 return_oop=0}
                      ; - (reexecute) java.security.CodeSource::getCertificates@22
                      ; - java.lang.ClassLoader::checkCerts@34
                      ; - java.lang.ClassLoader::preDefineClass@113
                      ; - java.lang.ClassLoader::defineClass@4
                      ; - java.security.SecureClassLoader::defineClass@12
  0x0000025f87d6edb0: 4c8f 81ff 

  0x0000025f87d6edb4: ;   {other}
  0x0000025f87d6edb4: 0f1f 8400 | a40f 0018 | ba45 ffff | ff48 ff74 | 2428 488f | 4424 2090 

  0x0000025f87d6edcc: ;   {runtime_call UncommonTrapBlob}
  0x0000025f87d6edcc: c5f8 77e8 

  0x0000025f87d6edd0: ; ImmutableOopMap {[32]=Oop [48]=Oop [56]=Oop [136]=Oop }
                      ;*ifne {reexecute=1 rethrow=0 return_oop=0}
                      ; - (reexecute) java.lang.ClassLoader::compareCerts@7
                      ; - java.lang.ClassLoader::checkCerts@80
                      ; - java.lang.ClassLoader::preDefineClass@113
                      ; - java.lang.ClassLoader::defineClass@4
                      ; - java.security.SecureClassLoader::defineClass@12
  0x0000025f87d6edd0: 2c8f 81ff 

  0x0000025f87d6edd4: ;   {other}
  0x0000025f87d6edd4: 0f1f 8400 | c40f 0019 | ba45 ffff | ff44 8944 | 2420 4489 | 4424 2444 | 8974 2460 | 8974 2470 
  0x0000025f87d6edf4: 8974 2474 

  0x0000025f87d6edf8: ;   {runtime_call UncommonTrapBlob}
  0x0000025f87d6edf8: c5f8 77e8 

  0x0000025f87d6edfc: ; ImmutableOopMap {[40]=Oop [48]=Oop [56]=Oop [80]=Oop [96]=NarrowOop [136]=Oop }
                      ;*if_icmple {reexecute=1 rethrow=0 return_oop=0}
                      ; - (reexecute) jdk.internal.util.Preconditions::checkFromToIndex@11
                      ; - java.lang.String::checkBoundsBeginEnd@6
                      ; - java.lang.String::substring@8
                      ; - java.lang.ClassLoader::checkCerts@21
                      ; - java.lang.ClassLoader::preDefineClass@113
                      ; - java.lang.ClassLoader::defineClass@4
                      ; - java.security.SecureClassLoader::defineClass@12
  0x0000025f87d6edfc: 008f 81ff 

  0x0000025f87d6ee00: ;   {other}
  0x0000025f87d6ee00: 0f1f 8400 | f00f 001a | 498b d7c5 | f877 49ba | 1022 60bf | f97f 0000 

  0x0000025f87d6ee18: ;   {other}
  0x0000025f87d6ee18: 41ff d20f | 1f84 0000 | 0000 00e9 | e4f7 ffff | 4963 c0e9 | 6cf6 ffff | 4883 c0fe | 488b c849 
  0x0000025f87d6ee38: 8bfa 4833 | c048 83f9 | 087f 1048 | ffc9 7856 | 4889 04cf | 48ff c97d | f7eb 4bc5 | fdef c0e9 
  0x0000025f87d6ee58: 0d00 0000 | c5fe 7f07 | c5fe 7f47 | 2048 83c7 | 4048 83e9 | 087d ed48 | 83c1 047c | 0cc5 fe7f 
  0x0000025f87d6ee78: 0748 83c7 | 2048 83e9 | 0448 83c1 | 047e 1748 | c7c0 ffff | ffff c4e2 | f0f5 c0c4 | e1fb 92f8 
  0x0000025f87d6ee98: 62f1 fe2f | 7f07 e9c5 | f6ff ffba | ccff ffff | 418b ea44 | 8944 2424 | 4489 7424 | 6048 895c 
  0x0000025f87d6eeb8: 2470 6690 

  0x0000025f87d6eebc: ;   {runtime_call UncommonTrapBlob}
  0x0000025f87d6eebc: c5f8 77e8 

  0x0000025f87d6eec0: ; ImmutableOopMap {rbp=NarrowOop [40]=Oop [48]=Oop [56]=Oop [80]=Oop [96]=NarrowOop [112]=Oop [136]=Oop }
                      ;*newarray {reexecute=1 rethrow=0 return_oop=0}
                      ; - (reexecute) java.util.Arrays::copyOfRangeByte@10
                      ; - java.util.Arrays::copyOfRange@13
                      ; - java.lang.StringLatin1::newString@16
                      ; - java.lang.String::substring@41
                      ; - java.lang.ClassLoader::checkCerts@21
                      ; - java.lang.ClassLoader::preDefineClass@113
                      ; - java.lang.ClassLoader::defineClass@4
                      ; - java.security.SecureClassLoader::defineClass@12
  0x0000025f87d6eec0: 3c8e 81ff 

  0x0000025f87d6eec4: ;   {other}
  0x0000025f87d6eec4: 0f1f 8400 | b410 001b | bae4 ffff | ff44 8954 | 2420 448b | 5424 4044 | 8954 2424 

  0x0000025f87d6eee0: ;   {runtime_call UncommonTrapBlob}
  0x0000025f87d6eee0: c5f8 77e8 

  0x0000025f87d6eee4: ; ImmutableOopMap {[32]=NarrowOop [40]=Oop [48]=Oop [56]=Oop [136]=Oop }
                      ;*baload {reexecute=0 rethrow=0 return_oop=0}
                      ; - jdk.internal.util.ArraysSupport::mismatch@82
                      ; - java.lang.String::startsWith@70
                      ; - java.lang.String::startsWith@3
                      ; - java.lang.ClassLoader::preDefineClass@43
                      ; - java.lang.ClassLoader::defineClass@4
                      ; - java.security.SecureClassLoader::defineClass@12
  0x0000025f87d6eee4: 188e 81ff 

  0x0000025f87d6eee8: ;   {other}
  0x0000025f87d6eee8: 0f1f 8400 | d810 001c | ba37 0100 | 0048 8be9 | 4c8b 5424 | 384c 8954 | 2428 6690 

  0x0000025f87d6ef04: ;   {runtime_call UncommonTrapBlob}
  0x0000025f87d6ef04: c5f8 77e8 

  0x0000025f87d6ef08: ; ImmutableOopMap {rbp=Oop [40]=Oop [48]=Oop }
                      ;*new {reexecute=0 rethrow=0 return_oop=0}
                      ; - java.lang.ClassLoader::preDefineClass@56
                      ; - java.lang.ClassLoader::defineClass@4
                      ; - java.security.SecureClassLoader::defineClass@12
  0x0000025f87d6ef08: f48d 81ff 

  0x0000025f87d6ef0c: ;   {other}
  0x0000025f87d6ef0c: 0f1f 8400 | fc10 001d | bade ffff | ff48 8b6c | 2428 4c8b | 5424 304c | 8954 2420 | 4c8b 5424 
  0x0000025f87d6ef2c: 384c 8954 | 2428 4889 | 4424 3890 

  0x0000025f87d6ef38: ;   {runtime_call UncommonTrapBlob}
  0x0000025f87d6ef38: c5f8 77e8 

  0x0000025f87d6ef3c: ; ImmutableOopMap {rbp=Oop [32]=Oop [40]=Oop [56]=Oop }
                      ;*checkcast {reexecute=0 rethrow=0 return_oop=0}
                      ; - java.security.SecureClassLoader::getProtectionDomain@33
                      ; - java.security.SecureClassLoader::defineClass@9
  0x0000025f87d6ef3c: c08d 81ff 

  0x0000025f87d6ef40: ;   {other}
  0x0000025f87d6ef40: 0f1f 8400 | 3011 001e | bade ffff | ff48 8b6c | 2428 4c8b | 5424 384c | 8954 2428 | 448b 5c24 
  0x0000025f87d6ef60: 4044 895c | 2438 448b | 5424 4444 | 8954 243c | 48ff 7424 | 5048 8f44 | 2448 4889 | 4424 5090 
  0x0000025f87d6ef80: ;   {runtime_call UncommonTrapBlob}
  0x0000025f87d6ef80: c5f8 77e8 

  0x0000025f87d6ef84: ; ImmutableOopMap {rbp=Oop [40]=Oop [48]=Oop [72]=Oop [80]=Oop [136]=Oop }
                      ;*checkcast {reexecute=0 rethrow=0 return_oop=0}
                      ; - java.lang.ClassLoader::checkCerts@65
                      ; - java.lang.ClassLoader::preDefineClass@113
                      ; - java.lang.ClassLoader::defineClass@4
                      ; - java.security.SecureClassLoader::defineClass@12
  0x0000025f87d6ef84: 788d 81ff 

  0x0000025f87d6ef88: ;   {other}
  0x0000025f87d6ef88: 0f1f 8400 | 7811 001f | baf6 ffff | ff49 8be8 | 4c89 4c24 | 2066 6690 

  0x0000025f87d6efa0: ;   {runtime_call UncommonTrapBlob}
  0x0000025f87d6efa0: c5f8 77e8 

  0x0000025f87d6efa4: ; ImmutableOopMap {rbp=Oop [32]=Oop }
                      ;*invokeinterface computeIfAbsent {reexecute=0 rethrow=0 return_oop=0}
                      ; - java.security.SecureClassLoader::getProtectionDomain@28
                      ; - java.security.SecureClassLoader::defineClass@9
  0x0000025f87d6efa4: 588d 81ff 

  0x0000025f87d6efa8: ;   {other}
  0x0000025f87d6efa8: 0f1f 8400 | 9811 0020 | baf4 ffff | ff48 8b6c | 2428 4c8b | 5424 304c | 8954 2420 

  0x0000025f87d6efc4: ;   {runtime_call UncommonTrapBlob}
  0x0000025f87d6efc4: c5f8 77e8 

  0x0000025f87d6efc8: ; ImmutableOopMap {rbp=Oop [32]=Oop [56]=Oop }
                      ;*checkcast {reexecute=0 rethrow=0 return_oop=0}
                      ; - java.security.SecureClassLoader::getProtectionDomain@33
                      ; - java.security.SecureClassLoader::defineClass@9
  0x0000025f87d6efc8: 348d 81ff 

  0x0000025f87d6efcc: ;   {other}
  0x0000025f87d6efcc: 0f1f 8400 | bc11 0021 | baf6 ffff | ff66 6690 

  0x0000025f87d6efdc: ;   {runtime_call UncommonTrapBlob}
  0x0000025f87d6efdc: c5f8 77e8 

  0x0000025f87d6efe0: ; ImmutableOopMap {}
                      ;*arraylength {reexecute=0 rethrow=0 return_oop=0}
                      ; - java.lang.String::isEmpty@4
                      ; - java.lang.ClassLoader::checkName@5
                      ; - java.lang.ClassLoader::preDefineClass@1
                      ; - java.lang.ClassLoader::defineClass@4
                      ; - java.security.SecureClassLoader::defineClass@12
  0x0000025f87d6efe0: 1c8d 81ff 

  0x0000025f87d6efe4: ;   {other}
  0x0000025f87d6efe4: 0f1f 8400 | d411 0022 | ba45 ffff | ff48 8b6c | 2428 48ff | 7424 3048 | 8f44 2420 

  0x0000025f87d6f000: ;   {runtime_call UncommonTrapBlob}
  0x0000025f87d6f000: c5f8 77e8 

  0x0000025f87d6f004: ; ImmutableOopMap {rbp=Oop [32]=Oop [56]=Oop [136]=Oop }
                      ;*ifnull {reexecute=1 rethrow=0 return_oop=0}
                      ; - (reexecute) java.lang.ClassLoader::checkName@1
                      ; - java.lang.ClassLoader::preDefineClass@1
                      ; - java.lang.ClassLoader::defineClass@4
                      ; - java.security.SecureClassLoader::defineClass@12
  0x0000025f87d6f004: f88c 81ff 

  0x0000025f87d6f008: ;   {other}
  0x0000025f87d6f008: 0f1f 8400 | f811 0023 | ba45 ffff | ff48 ff74 | 2428 488f | 4424 2048 | ff74 2430 | 488f 4424 
  0x0000025f87d6f028: 2848 ff74 | 2438 488f | 4424 3048 | 8944 24f8 | 8b44 2440 | 8944 2438 | 488b 4424 | f848 8944 
  0x0000025f87d6f048: 24f8 8b44 | 2444 8944 | 243c 488b | 4424 f890 

  0x0000025f87d6f058: ;   {runtime_call UncommonTrapBlob}
  0x0000025f87d6f058: c5f8 77e8 

  0x0000025f87d6f05c: ; ImmutableOopMap {rbp=NarrowOop [32]=Oop [40]=Oop [48]=Oop [136]=Oop }
                      ;*ifnull {reexecute=1 rethrow=0 return_oop=0}
                      ; - (reexecute) java.lang.ClassLoader::defineClassSourceLocation@15
                      ; - java.lang.ClassLoader::defineClass@12
                      ; - java.security.SecureClassLoader::defineClass@12
  0x0000025f87d6f05c: a08c 81ff 

  0x0000025f87d6f060: ;   {other}
  0x0000025f87d6f060: 0f1f 8400 | 5012 0024 | ba97 ffff | ff4c 8b54 | 2460 4c89 | 5424 5044 | 8b5c 2468 | 4489 5c24 
  0x0000025f87d6f080: 584c 8b54 | 2470 4c89 | 5424 6890 

  0x0000025f87d6f08c: ;   {runtime_call UncommonTrapBlob}
  0x0000025f87d6f08c: c5f8 77e8 

  0x0000025f87d6f090: ; ImmutableOopMap {rbp=NarrowOop [32]=Oop [48]=Oop [56]=Oop [72]=Oop [80]=Oop [88]=NarrowOop [104]=Oop [112]=Oop }
                      ;*invokevirtual clone {reexecute=1 rethrow=0 return_oop=0}
                      ; - (reexecute) java.util.Arrays::copyOfRange@18
                      ; - java.lang.StringLatin1::newString@16
                      ; - java.lang.String::substring@41
                      ; - java.lang.ClassLoader::checkCerts@21
                      ; - java.lang.ClassLoader::preDefineClass@113
                      ; - java.lang.ClassLoader::defineClass@4
                      ; - java.security.SecureClassLoader::defineClass@12
  0x0000025f87d6f090: 6c8c 81ff 

  0x0000025f87d6f094: ;   {other}
  0x0000025f87d6f094: 0f1f 8400 | 8412 0025 | eb0c eb0a | eb0d eb0b | eb04 eb02 | eb00 488b | d0eb 0348 | 8bd0 c5f8 
  0x0000025f87d6f0b4: 7748 81c4 | b000 0000 

  0x0000025f87d6f0bc: ;   {runtime_call _rethrow_Java}
  0x0000025f87d6f0bc: 5de9 3ed4 

  0x0000025f87d6f0c0: ;   {internal_word}
  0x0000025f87d6f0c0: 8eff 49ba | 5ee7 d687 | 5f02 0000 | 4d89 9760 

  0x0000025f87d6f0d0: ;   {runtime_call SafepointBlob}
  0x0000025f87d6f0d0: 0400 00e9 | a87a 81ff 

  0x0000025f87d6f0d8: ;   {runtime_call StubRoutines (final stubs)}
  0x0000025f87d6f0d8: e823 bf7f | ffe9 fcef | ffff f4f4 | f4f4 f4f4 
[Stub Code]
  0x0000025f87d6f0e8: ;   {no_reloc}
  0x0000025f87d6f0e8: 48bb 0000 | 0000 0000 

  0x0000025f87d6f0f0: ;   {runtime_call nmethod}
  0x0000025f87d6f0f0: 0000 e9fb 

  0x0000025f87d6f0f4: ;   {static_stub}
  0x0000025f87d6f0f4: ffff ff48 | bb00 0000 | 0000 0000 

  0x0000025f87d6f100: ;   {runtime_call nmethod}
  0x0000025f87d6f100: 00e9 fbff 

  0x0000025f87d6f104: ;   {static_stub}
  0x0000025f87d6f104: ffff 48bb | 0000 0000 | 0000 0000 

  0x0000025f87d6f110: ;   {runtime_call nmethod}
  0x0000025f87d6f110: e9fb ffff 

  0x0000025f87d6f114: ;   {static_stub}
  0x0000025f87d6f114: ff48 bb00 | 0000 0000 

  0x0000025f87d6f11c: ;   {runtime_call nmethod}
  0x0000025f87d6f11c: 0000 00e9 | fbff ffff 

  0x0000025f87d6f124: ;   {static_stub}
  0x0000025f87d6f124: 48bb f8db | 108f 5f02 

  0x0000025f87d6f12c: ;   {runtime_call I2C/C2I adapters}
  0x0000025f87d6f12c: 0000 e952 

  0x0000025f87d6f130: ;   {runtime_call ExceptionBlob}
  0x0000025f87d6f130: 4c7e ffe9 | 48fd 84ff 
[Deopt Handler Code]
  0x0000025f87d6f138: e800 0000 | 0048 832c 

  0x0000025f87d6f140: ;   {runtime_call DeoptimizationBlob}
  0x0000025f87d6f140: 2405 e9d9 | 8e81 fff4 
[/MachCode]


Compiled method (c2) 23014 4298       4       java.net.URLClassLoader$1::run (5 bytes)
 total in heap  [0x0000025f87ceaa10,0x0000025f87cf83b0] = 55712
 relocation     [0x0000025f87ceab70,0x0000025f87ceb540] = 2512
 constants      [0x0000025f87ceb540,0x0000025f87ceb560] = 32
 main code      [0x0000025f87ceb560,0x0000025f87cf3758] = 33272
 stub code      [0x0000025f87cf3758,0x0000025f87cf3a60] = 776
 oops           [0x0000025f87cf3a60,0x0000025f87cf3a98] = 56
 metadata       [0x0000025f87cf3a98,0x0000025f87cf3fd8] = 1344
 scopes data    [0x0000025f87cf3fd8,0x0000025f87cf6240] = 8808
 scopes pcs     [0x0000025f87cf6240,0x0000025f87cf7380] = 4416
 dependencies   [0x0000025f87cf7380,0x0000025f87cf74d0] = 336
 handler table  [0x0000025f87cf74d0,0x0000025f87cf8268] = 3480
 nul chk table  [0x0000025f87cf8268,0x0000025f87cf83b0] = 328


[Constant Pool]
             Address          hex4                    hex8      
  0x0000025f87ceb540:   0x3f400000      0xf4f4f4f43f400000      
  0x0000025f87ceb544:   0xf4f4f4f4                              
  0x0000025f87ceb548:   0xf4f4f4f4      0xf4f4f4f4f4f4f4f4      
  0x0000025f87ceb54c:   0xf4f4f4f4                              
  0x0000025f87ceb550:   0xf4f4f4f4      0xf4f4f4f4f4f4f4f4      
  0x0000025f87ceb554:   0xf4f4f4f4                              
  0x0000025f87ceb558:   0xf4f4f4f4      0xf4f4f4f4f4f4f4f4      
  0x0000025f87ceb55c:   0xf4f4f4f4                              

[MachCode]
[Entry Point]
  # {method} {0x0000025f8f7b62f8} 'run' '()Ljava/lang/Object;' in 'java/net/URLClassLoader$1'
  #           [sp+0xe0]  (sp of caller)
  0x0000025f87ceb560: ;   {no_reloc}
  0x0000025f87ceb560: 448b 5208 | 49c1 e203 

  0x0000025f87ceb568: ;   {runtime_call ic_miss_stub}
  0x0000025f87ceb568: 493b c20f | 850f 3489 | ff66 6690 | 0f1f 8400 | 0000 0000 | 6666 6690 
[Verified Entry Point]
  0x0000025f87ceb580: 8984 2400 | 80ff ff55 | 4881 ecd0 | 0000 0090 | 4181 7f20 | 1000 0000 | 0f85 ae81 | 0000 4c8b 
  0x0000025f87ceb5a0: f28b 5a0c 

  0x0000025f87ceb5a4: ; implicit exception: dispatches to 0x0000025f87cf2830
  0x0000025f87ceb5a4: 440f be5b | 1045 85db | 0f85 fe4f | 0000 8b4b | 148b 790c | 4c8b eb85 | ff0f 86f5 | 0300 0044 
  0x0000025f87ceb5c4: 8d47 ff44 | 3bc7 0f83 | d84d 0000 | 8d57 fd48 | 8bf1 8079 | 102e 0f84 | 0d20 0000 | 83fa 010f 
  0x0000025f87ceb5e4: 8eab 0300 | 00bd 0100 | 0000 448b | d744 2bd5 | 4183 c2fd | 4533 c93b | d545 0f4c | d141 81fa 
  0x0000025f87ceb604: a00f 0000 | 41bb a00f | 0000 450f | 47d3 4403 | d5eb 0c66 | 0f1f 8400 | 0000 0000 | 418b e94c 
  0x0000025f87ceb624: 63cd 460f | be5c 0910 | 4183 fb2e | 7455 460f | be5c 0911 | 4183 fb2e | 7442 460f | be5c 0912 
  0x0000025f87ceb644: 4183 fb2e | 743a 460f | be5c 0913 | 4183 fb2e | 7427 448d | 4d04 453b | ca7c c14d | 8b97 5004 
  0x0000025f87ceb664: 0000 83c5 

  0x0000025f87ceb668: ; ImmutableOopMap {rcx=NarrowOop rbx=NarrowOop rsi=Oop r13=Oop r14=Oop }
                      ;*if_icmpne {reexecute=1 rethrow=0 return_oop=0}
                      ; - (reexecute) java.lang.StringLatin1::replace@28
                      ; - java.lang.String::replace@18
                      ; - java.net.URLClassLoader$1::run@8
                      ; - java.net.URLClassLoader$1::run@1
                      ;   {poll}
  0x0000025f87ceb668: 0341 8502 | 443b ca0f | 8d25 0300 | 0041 8be9 | e971 ffff | ff83 c502 | ffc5 eb03 | 83c5 023b 
  0x0000025f87ceb688: ef0f 8d29 | 0300 0081 | ff00 0010 | 000f 87f9 | 3300 004d | 8b9f b801 | 0000 4c63 | d749 83c2 
  0x0000025f87ceb6a8: 1749 83e2 | f84d 8bcb | 4d03 ca4d | 3b8f c801 | 0000 0f83 | d433 0000 | 4d89 8fb8 | 0100 0041 
  0x0000025f87ceb6c8: 0f0d 89c0 | 0000 0049 | c703 0100 | 0000 410f | 0d89 0001 

  0x0000025f87ceb6dc: ;   {metadata({type array byte})}
  0x0000025f87ceb6dc: 0000 41c7 | 4308 5981 | 0020 4189 | 7b0c 410f | 0d89 4001 | 0000 410f | 0d89 8001 | 0000 85ed 
  0x0000025f87ceb6fc: 0f8e d200 | 0000 448d | 4dff 443b | cf0f 83f5 | 4e00 0085 | ff0f 86ed | 4e00 0044 | 0fbe 5110 
  0x0000025f87ceb71c: 4588 5310 | 4183 f901 | 0f8e 064f | 0000 41ba | d007 0000 | b801 0000 | 00c4 c179 | 6ec8 c5f9 
  0x0000025f87ceb73c: 6ec2 c4e1 | f96e d6c4 | c1f9 6edb | 8bd5 2bd0 | ffca 4533 | db44 3bc8 | 410f 4cd3 | 81fa d007 
  0x0000025f87ceb75c: 0000 410f | 47d2 03d0 | 0f1f 8400 | 0000 0000 | 6666 6690 | 4863 f044 | 0fbe 4431 | 10c4 c1f9 
  0x0000025f87ceb77c: 7edb 4588 | 4433 1044 | 0fbe 4431 | 11c4 c1f9 | 7edb 4588 | 4433 1183 | c002 3bc2 | 7cd6 4d8b 
  0x0000025f87ceb79c: 9f50 0400 

  0x0000025f87ceb7a0: ; ImmutableOopMap {rcx=NarrowOop rbx=NarrowOop r13=Oop r14=Oop xmm2=Oop xmm3=Oop }
                      ;*goto {reexecute=1 rethrow=0 return_oop=0}
                      ; - (reexecute) java.lang.StringLatin1::replace@76
                      ; - java.lang.String::replace@18
                      ; - java.net.URLClassLoader$1::run@8
                      ; - java.net.URLClassLoader$1::run@1
                      ;   {poll}
  0x0000025f87ceb7a0: 0041 8503 | 413b c17c | 9fc4 c179 | 7ec8 c5f9 | 7ec2 c4e1 | f97e d6c4 | c1f9 7edb | 3bc5 7d14 
  0x0000025f87ceb7c0: 4c63 c846 | 0fbe 5409 | 1047 8854 | 0b10 ffc0 | 3bc5 7cec | 3bef 0f8d | 6201 0000 | 3bef 0f83 
  0x0000025f87ceb7e0: 444c 0000 | 443b c70f | 833b 4c00 | 0044 8d45 | 014c 63cd | 460f be54 | 0910 4183 | fa2e 0f84 
  0x0000025f87ceb800: 650d 0000 | 4788 540b | 1044 8d55 | 0145 3bd0 | 7d05 418b | eaeb da44 | 3bd2 0f8d | f700 0000 
  0x0000025f87ceb820: ffc5 e980 | 0000 0041 | ba2f 0000 | 0066 6690 | 4788 5403 | 1146 0fbe | 5401 1241 | 83fa 2e74 
  0x0000025f87ceb840: 5047 8854 | 0312 460f | be54 0113 | 4183 fa2e | 7437 4788 | 5403 1383 | c504 413b | e97d 3a4c 
  0x0000025f87ceb860: 63c5 460f | be54 0110 | 4183 fa2e | 7413 4788 | 5403 1046 | 0fbe 5401 | 1141 83fa | 2e75 b1eb 
  0x0000025f87ceb880: a641 ba2f | 0000 00eb | e541 ba2f | 0000 00eb | c141 ba2f | 0000 00eb | a84d 8b97 

  0x0000025f87ceb89c: ; ImmutableOopMap {r11=Oop rcx=NarrowOop rsi=Oop r13=Oop r14=Oop }
                      ;*goto {reexecute=1 rethrow=0 return_oop=0}
                      ; - (reexecute) java.lang.StringLatin1::replace@113
                      ; - java.lang.String::replace@18
                      ; - java.net.URLClassLoader$1::run@8
                      ; - java.net.URLClassLoader$1::run@1
  0x0000025f87ceb89c: 5004 0000 

  0x0000025f87ceb8a0: ;   {poll}
  0x0000025f87ceb8a0: 4185 023b | ea7d 7344 | 8bcf 442b | cd41 83c1 | fd33 c03b | d544 0f4c | c841 81f9 | a00f 0000 
  0x0000025f87ceb8c0: 41ba a00f | 0000 450f | 47ca 4403 | cdeb 9049 | baff ffff | ffff ffff | ffc4 42b8 | f5d2 c4c1 
  0x0000025f87ceb8e0: fb92 fa62 | d17f af6f | 0362 f17f | 2f7f 02e9 | 0902 0000 | c644 1310 | 2ec6 4413 | 1163 c644 
  0x0000025f87ceb900: 1312 6cc6 | 4413 1361 | c644 1314 | 73c6 4413 | 1573 e99e | 0100 0041 | 8bea 3bef | 7d20 6690 
  0x0000025f87ceb920: 4c63 d546 | 0fbe 4411 | 1041 83f8 | 2e0f 84a1 | 0c00 0047 | 8844 1310 | ffc5 3bef | 7ce2 4d8b 
  0x0000025f87ceb940: 97b8 0100 | 004d 8bc2 | 4983 c018 | 4d3b 87c8 | 0100 000f | 83ab 3100 | 004d 8987 | b801 0000 
  0x0000025f87ceb960: 410f 0d88 | c000 0000 | 49c7 0201 | 0000 004d | 8bc2 4983 

  0x0000025f87ceb974: ;   {metadata('java/lang/String')}
  0x0000025f87ceb974: c010 41c7 | 4208 1284 | 0020 4589 | 620c c5fd | efc0 c4c1 | 79d6 004d | 8bcb 4589 | 4a14 eb2a 
  0x0000025f87ceb994: 41b9 0100 | 0000 443b | cf7d 1990 | 460f be54 | 0910 4183 | fa2e 0f84 | 8844 0000 | 41ff c144 
  0x0000025f87ceb9b4: 3bcf 7ce8 | 4c8b d94d | 8bd5 418b | 4b0c 85c9 | 0f86 330b | 0000 450f | be42 10c4 | 623a f7c9 
  0x0000025f87ceb9d4: 4963 f141 | 83f8 010f | 849f 4e00 | 0045 85c9 | 0f8c 2a4e | 0000 488d | 4606 8be8 | 85ed 0f8c 
  0x0000025f87ceb9f4: 404e 0000 | 488b d848 | c1fb 208b | fbc4 e241 | f7fd 85ff | 0f8c 9a4e | 0000 81ff | 0000 1000 
  0x0000025f87ceba14: 0f87 b249 | 0000 4863 | d781 ff00 | 0010 000f | 87ed 2c00 | 0049 8b9f | b801 0000 | 4883 c217 
  0x0000025f87ceba34: 4883 e2f8 | 488b eb48 | 03ea 493b | afc8 0100 | 000f 83cb | 2c00 0049 | 89af b801 | 0000 0f0d 
  0x0000025f87ceba54: 8dc0 0000 | 0048 c703 | 0100 0000 | 0f0d 8d00 

  0x0000025f87ceba64: ;   {metadata({type array byte})}
  0x0000025f87ceba64: 0100 00c7 | 4308 5981 | 0020 897b | 0c0f 0d8d | 4001 0000 | 0f0d 8d80 | 0100 0041 | 8d51 063b 
  0x0000025f87ceba84: fa0f 8249 | 4900 0049 | 63d1 4585 | c90f 8e5d | feff ffc6 | 4413 1573 | c644 1314 | 73c6 4413 
  0x0000025f87cebaa4: 1361 c644 | 1312 6cc6 | 4413 1163 | c644 1310 | 2e45 85c0 | 0f85 9a4d | 0000 3bf9 | 0f82 3a49 
  0x0000025f87cebac4: 0000 85c9 | 7633 488b | d348 83c2 | 1049 83c3 | 104c 63c1 | 4983 f820 | 0f86 edfd | ffff 498b 
  0x0000025f87cebae4: cbc5 f877 | 49ba c04d | 5687 5f02 | 0000 41ff 

  0x0000025f87cebaf4: ;   {other}
  0x0000025f87cebaf4: d20f 1f84 | 0000 0000 | 0049 8b87 | b801 0000 | 4c8b d049 | 83c2 184d | 3b97 c801 | 0000 0f83 
  0x0000025f87cebb14: 702c 0000 | 4d89 97b8 | 0100 0041 | 0f0d 8ac0 | 0000 0048 | c700 0100 

  0x0000025f87cebb2c: ;   {metadata('java/lang/String')}
  0x0000025f87cebb2c: 0000 c740 | 0812 8400 | 2044 8960 | 0c44 8960 | 104c 8bdb | 4489 5814 | 4889 4424 | 4845 8b56 
  0x0000025f87cebb4c: 1045 8b5a | 5445 85db | 0f84 3548 | 0000 4c89 | 7424 284d | 8bd3 4c89 | 5424 3844 | 895c 2430 
  0x0000025f87cebb6c: 498b d245 | 33c0 6690 

  0x0000025f87cebb74: ;   {optimized virtual_call}
  0x0000025f87cebb74: c5f8 77e8 

  0x0000025f87cebb78: ; ImmutableOopMap {[40]=Oop [48]=NarrowOop [56]=Oop [72]=Oop }
                      ;*invokevirtual getLoader {reexecute=0 rethrow=0 return_oop=1}
                      ; - jdk.internal.loader.URLClassPath::getResource@42
                      ; - java.net.URLClassLoader$1::run@26
                      ; - java.net.URLClassLoader$1::run@1
  0x0000025f87cebb78: 8492 ffff 

  0x0000025f87cebb7c: ;   {other}
  0x0000025f87cebb7c: 0f1f 8400 | 6c11 0003 | 4885 c00f | 8416 0300 | 0049 b900 | 00e6 f95f | 0200 0045 | 33d2 e91e 
  0x0000025f87cebb9c: 0100 0048 | 8944 2460 | 4c89 5c24 | 5044 8954 | 2440 4c89 | 4c24 5848 | 8be9 488b | d566 6690 
  0x0000025f87cebbbc: ;   {static_call}
  0x0000025f87cebbbc: c5f8 77e8 

  0x0000025f87cebbc0: ; ImmutableOopMap {rbp=Oop [40]=Oop [48]=NarrowOop [56]=Oop [72]=Oop [80]=Oop [96]=Oop }
                      ;*invokestatic ensureMaterializedForStackWalk {reexecute=0 rethrow=0 return_oop=0}
                      ; - java.security.AccessController::executePrivileged@5
                      ; - java.security.AccessController::doPrivileged@13
                      ; - jdk.internal.loader.URLClassPath$JarLoader::ensureOpen@19
                      ; - jdk.internal.loader.URLClassPath$JarLoader::getResource@1
                      ; - jdk.internal.loader.URLClassPath::getResource@53
                      ; - java.net.URLClassLoader$1::run@26
                      ; - java.net.URLClassLoader$1::run@1
  0x0000025f87cebbc0: bc3c 89ff 

  0x0000025f87cebbc4: ;   {other}
  0x0000025f87cebbc4: 0f1f 8400 | b411 0004 | 4889 6c24 | 2048 8b54 | 2460 6690 

  0x0000025f87cebbd8: ;   {optimized virtual_call}
  0x0000025f87cebbd8: c5f8 77e8 

  0x0000025f87cebbdc: ; ImmutableOopMap {[32]=Oop [40]=Oop [48]=NarrowOop [56]=Oop [72]=Oop [80]=Oop }
                      ;*invokevirtual run {reexecute=0 rethrow=0 return_oop=1}
                      ; - jdk.internal.loader.URLClassPath$JarLoader$1::run@1
                      ; - java.security.AccessController::executePrivileged@29
                      ; - java.security.AccessController::doPrivileged@13
                      ; - jdk.internal.loader.URLClassPath$JarLoader::ensureOpen@19
                      ; - jdk.internal.loader.URLClassPath$JarLoader::getResource@1
                      ; - jdk.internal.loader.URLClassPath::getResource@53
                      ; - java.net.URLClassLoader$1::run@26
                      ; - java.net.URLClassLoader$1::run@1
  0x0000025f87cebbdc: a032 89ff 

  0x0000025f87cebbe0: ;   {other}
  0x0000025f87cebbe0: 0f1f 8400 | d011 0005 | 4c8b 5c24 | 5045 8b43 | 1845 85c0 | 0f84 5546 | 0000 4c8b | 4c24 5844 
  0x0000025f87cebc00: 8b54 2440 | 418b 5808 

  0x0000025f87cebc08: ;   {metadata('java/util/jar/JarFile')}
  0x0000025f87cebc08: 81fb a607 | 0120 0f85 | 0530 0000 | 4c89 5c24 | 5044 8954 | 2440 4c89 | 4c24 2049 | 8bd0 4c8b 
  0x0000025f87cebc28: 4424 4890 

  0x0000025f87cebc2c: ;   {optimized virtual_call}
  0x0000025f87cebc2c: c5f8 77e8 

  0x0000025f87cebc30: ; ImmutableOopMap {[40]=Oop [48]=NarrowOop [56]=Oop [72]=Oop [80]=Oop }
                      ;*invokevirtual getEntry {reexecute=0 rethrow=0 return_oop=1}
                      ; - java.util.jar.JarFile::getJarEntry@2
                      ; - jdk.internal.loader.URLClassPath$JarLoader::getResource@22
                      ; - jdk.internal.loader.URLClassPath::getResource@53
                      ; - java.net.URLClassLoader$1::run@26
                      ; - java.net.URLClassLoader$1::run@1
  0x0000025f87cebc30: 0c8e 1700 

  0x0000025f87cebc34: ;   {other}
  0x0000025f87cebc34: 0f1f 8400 | 2412 0006 | 4885 c00f | 849a 0900 | 0044 8b58 

  0x0000025f87cebc48: ;   {metadata('java/util/jar/JarFile$JarFileEntry')}
  0x0000025f87cebc48: 0841 81fb | 6728 0120 | 0f85 726b | 0000 488b | f848 8b54 | 2450 4c8b | 4424 4845 | 33c9 6690 
  0x0000025f87cebc68: ;   {optimized virtual_call}
  0x0000025f87cebc68: c5f8 77e8 

  0x0000025f87cebc6c: ; ImmutableOopMap {[40]=Oop [48]=NarrowOop [56]=Oop [72]=Oop }
                      ;*invokevirtual checkResource {reexecute=0 rethrow=0 return_oop=1}
                      ; - jdk.internal.loader.URLClassPath$JarLoader::getResource@34
                      ; - jdk.internal.loader.URLClassPath::getResource@53
                      ; - java.net.URLClassLoader$1::run@26
                      ; - java.net.URLClassLoader$1::run@1
  0x0000025f87cebc6c: 7095 feff 

  0x0000025f87cebc70: ;   {other}
  0x0000025f87cebc70: 0f1f 8400 | 6012 0007 | 4c8b 4424 | 4848 8bf0 | 4885 c00f | 85bf 0000 | 004c 8944 | 2448 8b6c 
  0x0000025f87cebc90: 2440 ffc5 | 488b 5424 | 3844 8bc5 

  0x0000025f87cebc9c: ;   {optimized virtual_call}
  0x0000025f87cebc9c: c5f8 77e8 

  0x0000025f87cebca0: ; ImmutableOopMap {[40]=Oop [48]=NarrowOop [56]=Oop [72]=Oop }
                      ;*invokevirtual getLoader {reexecute=0 rethrow=0 return_oop=1}
                      ; - jdk.internal.loader.URLClassPath::getResource@42
                      ; - java.net.URLClassLoader$1::run@26
                      ; - java.net.URLClassLoader$1::run@1
  0x0000025f87cebca0: 5c91 ffff 

  0x0000025f87cebca4: ;   {other}
  0x0000025f87cebca4: 0f1f 8400 | 9412 0008 | 4885 c00f | 84ee 0100 | 004c 8b4c | 2420 448b | d544 8b58 

  0x0000025f87cebcc0: ;   {metadata('jdk/internal/loader/URLClassPath$JarLoader')}
  0x0000025f87cebcc0: 0841 81fb | 7605 0120 | 0f85 ce19 | 0000 4c8b | d845 8b43 | 1845 85c0 | 0f85 26ff | ffff 498b 
  0x0000025f87cebce0: 87b8 0100 | 004c 8bc0 | 4983 c010 | 4d3b 87c8 | 0100 000f | 83e3 2900 | 004d 8987 | b801 0000 
  0x0000025f87cebd00: 410f 0d88 | c000 0000 | 48c7 0001 

  0x0000025f87cebd0c: ;   {metadata('jdk/internal/loader/URLClassPath$JarLoader$1')}
  0x0000025f87cebd0c: 0000 00c7 | 4008 0f07 | 0120 4489 | 600c 418b | 4b28 4d8b | c344 8940 | 0c85 c90f | 8572 feff 
  0x0000025f87cebd2c: ff33 ed4c | 894c 2458 | 4489 5424 | 404c 895c | 2450 4889 | 4424 60e9 | 84fe ffff | 4c8b 5424 
  0x0000025f87cebd4c: 2845 8b52 | 1044 8954 | 2464 4c8b | 5424 2845 | 8b5a 0c44 | 895c 2470 | 448b 5424 | 6445 85d2 
  0x0000025f87cebd6c: 0f84 eb47 | 0000 c5f8 | 7749 ba50 | 159b bff9 | 7f00 0041 

  0x0000025f87cebd80: ;   {other}
  0x0000025f87cebd80: ffd2 0f1f | 8400 0000 | 0000 4889 | 4424 4044 | 8b5c 2470 

  0x0000025f87cebd94: ; implicit exception: dispatches to 0x0000025f87cf2878
  0x0000025f87cebd94: 458b 5314 

  0x0000025f87cebd98: ; implicit exception: dispatches to 0x0000025f87cf2898
  0x0000025f87cebd98: 458b 4a0c | 450f be43 | 10c4 c23a | f7c9 8d59 | ff45 85c0 | 0f85 2e4b | 0000 458d | 59ff 443b 
  0x0000025f87cebdb8: db44 0f4f | db8b 5c24 | 704c 8bc3 | 498b fa45 | 85db 0f8c | 641c 0000 | 4585 c90f | 86ff 4700 
  0x0000025f87cebdd8: 0045 3bd9 | 0f83 f647 | 0000 4585 | db0f 8efd | 4900 0041 | 8d53 ff43 | 0fbe 5c1a | 1083 fb2e 
  0x0000025f87cebdf8: 0f84 de17 | 0000 41ff | cb44 3bda | 7fe9 4183 | fb02 0f8e | 061c 0000 | 418d 53fe | 33c0 4183 
  0x0000025f87cebe18: fb02 0f4c | d081 faa0 | 0f00 00bb | a00f 0000 | 0f47 d341 | 8bdb 2bda | 418b e949 | 8bd0 6666 
  0x0000025f87cebe38: 0f1f 8400 | 0000 0000 | 4d63 cb47 | 0fbe 440a | 1041 83f8 | 2e74 5b47 | 0fbe 4c0a | 0f41 83f9 
  0x0000025f87cebe58: 2e74 5441 | 8d43 fe45 | 0fbe 4402 | 1041 83f8 | 2e74 4841 | 8d43 fd45 | 0fbe 4c02 | 1041 83f9 
  0x0000025f87cebe78: 2e74 3841 | 83c3 fc44 

  0x0000025f87cebe80: ;   {no_reloc}
  0x0000025f87cebe80: 3bdb 7fbc | 4d8b 8750 

  0x0000025f87cebe88: ; ImmutableOopMap {r10=NarrowOop rdi=Oop rdx=Oop rsi=Oop [40]=Oop [100]=NarrowOop [112]=NarrowOop }
                      ;*goto {reexecute=1 rethrow=0 return_oop=0}
                      ; - (reexecute) java.lang.StringLatin1::lastIndexOf@35
                      ; - java.lang.String::lastIndexOf@13
                      ; - java.lang.String::lastIndexOf@8
                      ; - java.net.URLClassLoader::defineClass@7
                      ; - java.net.URLClassLoader$1::run@43
                      ; - java.net.URLClassLoader$1::run@1
                      ;   {poll}
  0x0000025f87cebe88: 0400 0041 | 8500 4183 | fb02 0f8e | 781b 0000 | 448b cd4c | 8bc2 e96d | ffff ff33 | c0e9 3a06 
  0x0000025f87cebea8: 0000 418b | c3eb 0441 | 8d43 ff44 | 8bcd 4c8b | c28b 5e08 

  0x0000025f87cebebc: ;   {metadata('jdk/internal/loader/URLClassPath$JarLoader$2')}
  0x0000025f87cebebc: 81fb 8a2e | 0120 0f85 | 0e22 0000 | 4c8b de41 | 8b5b 2044 | 8b73 1c4d | 8bde 83f8 | ff0f 8452 
  0x0000025f87cebedc: 2500 0085 | c00f 8c35 | 4a00 003b | c10f 8f95 | 4a00 003b | c10f 847d | 0600 0085 | c00f 8486 
  0x0000025f87cebefc: 2b00 0049 | 8b9f b801 | 0000 488b | cb48 83c1 | 1849 3b8f | c801 0000 | 0f83 322d | 0000 4c89 
  0x0000025f87cebf1c: 5c24 484c | 8944 2450 | 4989 8fb8 | 0100 000f | 0d89 c000 | 0000 48c7 | 0301 0000 | 004c 8bc3 
  0x0000025f87cebf3c: 4983 c010 

  0x0000025f87cebf40: ;   {metadata('java/lang/String')}
  0x0000025f87cebf40: c743 0812 | 8400 2044 | 8963 0cc5 | fdef c0c4 | c179 d600 | 4d8d 5a10 | 413b c10f | 84d9 0000 
  0x0000025f87cebf60: 003d 0000 | 1000 0f87 | 6c4b 0000 | 4863 c844 | 3bc8 418b | e90f 4fe8 | 443b cd0f | 82cf 4b00 
  0x0000025f87cebf80: 003b c50f | 82c7 4b00 | 0048 83c1 | 174c 8bc1 | 4983 e0f8 | 3d00 0010 | 000f 87ad | 3b00 004d 
  0x0000025f87cebfa0: 8baf b801 | 0000 4d8b | d54d 03d0 | 4d3b 97c8 | 0100 000f | 8393 3b00 | 004d 8997 | b801 0000 
  0x0000025f87cebfc0: 410f 0d8a | c000 0000 | 49c7 4500 | 0100 0000 | 410f 0d8a | 0001 0000 

  0x0000025f87cebfd8: ;   {metadata({type array byte})}
  0x0000025f87cebfd8: 41c7 4508 | 5981 0020 | 4189 450c | 410f 0d8a | 4001 0000 | 410f 0d8a | 8001 0000 | 4d8b d549 
  0x0000025f87cebff8: 83c2 1048 | c1e9 0385 | ed0f 84d9 | 4a00 003b | e80f 8cd3 | 1f00 0049 | 83c0 f049 | c1e8 0349 
  0x0000025f87cec018: 8bcb 498b | d2c5 f877 | 49ba 8070 | 5687 5f02 | 0000 41ff 

  0x0000025f87cec02c: ;   {other}
  0x0000025f87cec02c: d20f 1f84 | 0000 0000 | 00e9 c400 | 0000 4963 | c941 81f9 | 0000 1000 | 0f87 fb30 | 0000 498b 
  0x0000025f87cec04c: afb8 0100 | 004c 8d41 | 1749 83e0 | f848 8bd5 | 4903 d049 | 3b97 c801 | 0000 0f83 | d930 0000 
  0x0000025f87cec06c: 4989 97b8 | 0100 000f | 0d8a c000 | 0000 48c7 | 4500 0100 | 0000 0f0d | 8a00 0100 

  0x0000025f87cec088: ;   {metadata({type array byte})}
  0x0000025f87cec088: 00c7 4508 | 5981 0020 | 4489 4d0c | 0f0d 8a40 | 0100 000f | 0d8a 8001 | 0000 4889 | 7424 3044 
  0x0000025f87cec0a8: 8974 243c | 4889 5c24 | 584c 895c | 2468 4889 | 4c24 7848 | 8bd5 4883 | c210 4c8b | 4424 7849 
  0x0000025f87cec0c8: 83c0 0749 | c1e8 0348 | 8b4c 2468 | c5f8 7749 | ba80 7056 | 875f 0200 | 0041 ffd2 

  0x0000025f87cec0e4: ;   {other}
  0x0000025f87cec0e4: 0f1f 8400 | 0000 0000 | 488b 7424 | 3044 8b74 | 243c 488b | 5c24 584c | 8bed 4180 | 7f40 000f 
  0x0000025f87cec104: 8548 1e00 | 004c 8bd3 | 4d8b dd44 | 895b 144d | 8bdd 4d33 | da49 c1eb | 144d 85db | 741a 49c1 
  0x0000025f87cec124: ea09 48b9 | 0000 e6f9 | 5f02 0000 | 4903 ca80 | 3902 0f85 | 481e 0000 | 4488 6310 | 4c8b 4424 
  0x0000025f87cec144: 504c 8b5c | 2448 4889 | 9c24 a800 | 0000 448b 

  0x0000025f87cec154: ;   {metadata('jdk/internal/loader/URLClassPath$JarLoader$2')}
  0x0000025f87cec154: 5608 4181 | fa8a 2e01 | 200f 8515 | 4500 0048 

  0x0000025f87cec164: ;   {oop(a 'java/lang/Class'{0x00000000a05735f0} = 'jdk/internal/access/SharedSecrets')}
  0x0000025f87cec164: 8bfe 49ba | f035 57a0 | 0000 0000 | 458b 8ad4 | 0000 0041 | 8b59 088b | 4f20 448b 

  0x0000025f87cec180: ;   {metadata('java/util/jar/JavaUtilJarAccessImpl')}
  0x0000025f87cec180: 5118 81fb | 4a08 0120 | 0f85 1645 | 0000 4585 | d20f 84e5 | 4300 004d | 8bca 488d | 9c24 c000 
  0x0000025f87cec1a0: 0000 498b | 01a8 020f | 8523 0000 | 0048 83c8 | 0148 8903 | f049 0fb1 | 190f 8437 | 0000 0048 
  0x0000025f87cec1c0: 2bc4 4825 | 07f0 ffff | 4889 03e9 | 2400 0000 | 488b c848 | 33c0 f04c | 0fb1 793e | 48c7 0303 
  0x0000025f87cec1e0: 0000 0074 | 114c 3bf8 | 7515 48ff | 8186 0000 | 0048 33c0 | 7509 49ff | 8748 0500 | 0033 c00f 
  0x0000025f87cec200: 85df 4400 | 0041 8b6a | 3085 ed0f | 85b3 4700 | 0041 0fb6 | 5a12 85db | 0f85 d613 | 0000 488d 
  0x0000025f87cec220: 8424 c000 | 0000 4883 | 3800 0f84 | 7900 0000 | 4d8b 1141 | f6c2 020f | 8462 0000 | 0049 83ba 
  0x0000025f87cec240: 8600 0000 | 0074 0949 | ff8a 8600 | 0000 eb4b | 498b 8296 | 0000 0049 | 0b82 8e00 | 0000 750a 
  0x0000025f87cec260: 49c7 423e | 0000 0000 | eb3d 4983 | ba9e 0000 | 0000 7422 | 4833 c049 | c742 3e00 | 0000 00f0 
  0x0000025f87cec280: ;   {no_reloc}
  0x0000025f87cec280: 8304 2400 | 4983 ba9e | 0000 0000 | 750d f04d | 0fb1 7a3e | 7505 83c8 | 01eb 0ca8 | 00eb 084c 
  0x0000025f87cec2a0: 8b10 f04d | 0fb1 1175 | 0a49 ff8f | 4805 0000 | 4533 d20f | 85c7 4400 | 0044 8b57 | 2041 8b6a 
  0x0000025f87cec2c0: 1844 8b4d 

  0x0000025f87cec2c4: ;   {metadata('java/util/jar/JarFile')}
  0x0000025f87cec2c4: 0841 81f9 | a607 0120 | 0f85 e544 | 0000 4c8b | d545 8b6a | 2845 85ed | 0f84 0403 | 0000 418b 
  0x0000025f87cec2e4: 6d0c 4180 | 7f40 000f | 8526 1c00 | 0044 8b4d | 084c 895c | 2450 4c89 | 4424 484d 

  0x0000025f87cec300: ;   {oop(a 'java/lang/Class'{0x00000000a0523f98} = 'java/lang/ref/SoftReference')}
  0x0000025f87cec300: 8b5d 2049 | b898 3f52 | a000 0000 | 004d 8b40 | 704d 3bd8 | 0f85 ca12 

  0x0000025f87cec318: ;   {metadata('java/util/jar/Manifest')}
  0x0000025f87cec318: 0000 4181 | f93d aa00 | 200f 85d5 | 6400 004c | 8bd5 4c89 | 5424 6848 | 8974 2430 | 4489 7424 
  0x0000025f87cec338: 3c48 897c | 2458 448b | 5424 644c | 8954 2420 | 498b d24c | 8b84 24a8 | 0000 004c | 8b4c 2468 
  0x0000025f87cec358: 488b 7c24 | 5066 6690 

  0x0000025f87cec360: ;   {optimized virtual_call}
  0x0000025f87cec360: c5f8 77e8 

  0x0000025f87cec364: ; ImmutableOopMap {[32]=Oop [40]=Oop [48]=Oop [60]=NarrowOop [72]=Oop [80]=Oop [88]=Oop [100]=NarrowOop [104]=Oop [112]=NarrowOop [168]=Oop }
                      ;*invokevirtual getAndVerifyPackage {reexecute=0 rethrow=0 return_oop=1}
                      ; - java.net.URLClassLoader::defineClass@46
                      ; - java.net.URLClassLoader$1::run@43
                      ; - java.net.URLClassLoader$1::run@1
  0x0000025f87cec364: f8e9 1600 

  0x0000025f87cec368: ;   {other}
  0x0000025f87cec368: 0f1f 8400 | 5819 000a | 4885 c00f | 8408 0200 | 0048 8b74 | 2430 448b | 7424 3c4c | 8b44 2448 
  0x0000025f87cec388: 4489 7424 | 384c 8944 | 2420 4889 | 7424 3048 | 8bd6 488b | ee66 6690 

  0x0000025f87cec3a0: ;   {optimized virtual_call}
  0x0000025f87cec3a0: c5f8 77e8 

  0x0000025f87cec3a4: ; ImmutableOopMap {rbp=Oop [32]=Oop [40]=Oop [48]=Oop [56]=NarrowOop [80]=Oop [100]=NarrowOop [112]=NarrowOop }
                      ;*invokevirtual getByteBuffer {reexecute=0 rethrow=0 return_oop=1}
                      ; - java.net.URLClassLoader::defineClass@132
                      ; - java.net.URLClassLoader$1::run@43
                      ; - java.net.URLClassLoader$1::run@1
  0x0000025f87cec3a4: 588f e8ff 

  0x0000025f87cec3a8: ;   {other}
  0x0000025f87cec3a8: 0f1f 8400 | 9819 000b | 4885 c00f | 859f 4500 | 0048 8bd5 | 448b 5a08 

  0x0000025f87cec3c0: ;   {metadata('jdk/internal/loader/URLClassPath$JarLoader$2')}
  0x0000025f87cec3c0: 4181 fb8a | 2e01 200f | 8525 1d00 | 0048 8bea 

  0x0000025f87cec3d0: ;   {optimized virtual_call}
  0x0000025f87cec3d0: c5f8 77e8 

  0x0000025f87cec3d4: ; ImmutableOopMap {rbp=Oop [32]=Oop [40]=Oop [48]=Oop [56]=NarrowOop [80]=Oop [100]=NarrowOop [112]=NarrowOop }
                      ;*invokevirtual getBytes {reexecute=0 rethrow=0 return_oop=1}
                      ; - java.net.URLClassLoader::defineClass@179
                      ; - java.net.URLClassLoader$1::run@43
                      ; - java.net.URLClassLoader$1::run@1
  0x0000025f87cec3d4: 088c faff 

  0x0000025f87cec3d8: ;   {other}
  0x0000025f87cec3d8: 0f1f 8400 | c819 000c | 4889 4424 | 4848 8b54 | 2430 448b 

  0x0000025f87cec3ec: ;   {metadata('jdk/internal/loader/URLClassPath$JarLoader$2')}
  0x0000025f87cec3ec: 5a08 4181 | fb8a 2e01 | 200f 851b | 1d00 0090 

  0x0000025f87cec3fc: ;   {optimized virtual_call}
  0x0000025f87cec3fc: c5f8 77e8 

  0x0000025f87cec400: ; ImmutableOopMap {[32]=Oop [40]=Oop [48]=Oop [56]=NarrowOop [72]=Oop [80]=Oop [100]=NarrowOop [112]=NarrowOop }
                      ;*invokevirtual getCodeSigners {reexecute=0 rethrow=0 return_oop=1}
                      ; - java.net.URLClassLoader::defineClass@185
                      ; - java.net.URLClassLoader$1::run@43
                      ; - java.net.URLClassLoader$1::run@1
  0x0000025f87cec400: dc3e 0800 

  0x0000025f87cec404: ;   {other}
  0x0000025f87cec404: 0f1f 8400 | f419 000d | 4885 c00f | 8525 4200 | 0049 8b87 | b801 0000 | 4c8b d049 | 83c2 284d 
  0x0000025f87cec424: 3b97 c801 | 0000 0f83 | c727 0000 | 4d89 97b8 | 0100 0041 | 0f0d 8ac0 | 0000 0048 | c700 0100 
  0x0000025f87cec444: 0000 4c8b | d049 83c2 

  0x0000025f87cec44c: ;   {metadata('java/security/CodeSource')}
  0x0000025f87cec44c: 10c7 4008 | 1eac 0020 | 4489 600c | c5fd efc0 | 41b8 0700 | 0000 c4c1 | 7892 f862 | d1fe 2f7f 
  0x0000025f87cec46c: 0248 8944 | 2438 488b | d04c 8b44 | 2450 4533 | c966 6690 

  0x0000025f87cec480: ;   {optimized virtual_call}
  0x0000025f87cec480: c5f8 77e8 

  0x0000025f87cec484: ; ImmutableOopMap {[32]=Oop [40]=Oop [48]=Oop [56]=Oop [72]=Oop [100]=NarrowOop [112]=NarrowOop }
                      ;*invokespecial <init> {reexecute=0 rethrow=0 return_oop=0}
                      ; - java.net.URLClassLoader::defineClass@198
                      ; - java.net.URLClassLoader$1::run@43
                      ; - java.net.URLClassLoader$1::run@1
  0x0000025f87cec484: 58c1 0000 

  0x0000025f87cec488: ;   {other}
  0x0000025f87cec488: 0f1f 8400 | 781a 000e 

  0x0000025f87cec490: ;   {oop(a 'jdk/internal/perf/PerfCounter'{0x00000000a04ea610})}
  0x0000025f87cec490: 48ba 10a6 | 4ea0 0000 | 0000 4c8b | 4424 4090 

  0x0000025f87cec4a0: ;   {optimized virtual_call}
  0x0000025f87cec4a0: c5f8 77e8 

  0x0000025f87cec4a4: ; ImmutableOopMap {[32]=Oop [40]=Oop [48]=Oop [56]=Oop [72]=Oop [100]=NarrowOop [112]=NarrowOop }
                      ;*invokevirtual addElapsedTimeFrom {reexecute=0 rethrow=0 return_oop=0}
                      ; - java.net.URLClassLoader::defineClass@207
                      ; - java.net.URLClassLoader$1::run@43
                      ; - java.net.URLClassLoader$1::run@1
  0x0000025f87cec4a4: 986b f6ff 

  0x0000025f87cec4a8: ;   {other}
  0x0000025f87cec4a8: 0f1f 8400 | 981a 000f | 4c8b 5424 | 4841 8b72 | 0c44 8b5c | 2464 498b | d34c 8b44 | 2420 4c8b 
  0x0000025f87cec4c8: 4c24 4833 | ff48 8b4c | 2438 6690 

  0x0000025f87cec4d4: ;   {optimized virtual_call}
  0x0000025f87cec4d4: c5f8 77e8 

  0x0000025f87cec4d8: ; ImmutableOopMap {[40]=Oop [48]=Oop }
                      ;*invokevirtual defineClass {reexecute=0 rethrow=0 return_oop=1}
                      ; - java.net.URLClassLoader::defineClass@220
                      ; - java.net.URLClassLoader$1::run@43
                      ; - java.net.URLClassLoader$1::run@1
  0x0000025f87cec4d8: e41b 0800 

  0x0000025f87cec4dc: ;   {other}
  0x0000025f87cec4dc: 0f1f 8400 | cc1a 0010 | c5f8 7748 | 81c4 d000 

  0x0000025f87cec4ec: ;   {poll_return}
  0x0000025f87cec4ec: 0000 5d49 | 3ba7 4804 | 0000 0f87 | 3a72 0000 | c349 8b87 | b801 0000 | 4c8b d049 | 83c2 184d 
  0x0000025f87cec50c: 3b97 c801 | 0000 0f83 | f038 0000 | 4d89 97b8 | 0100 0041 | 0f0d 8ac0 | 0000 0048 | c700 0100 
  0x0000025f87cec52c: ;   {metadata('java/lang/String')}
  0x0000025f87cec52c: 0000 c740 | 0812 8400 | 2044 8960 | 0c44 8960 

  0x0000025f87cec53c: ;   {oop([B{0x00000000a04d4e20})}
  0x0000025f87cec53c: 10c7 4014 | 204e 4da0 

  0x0000025f87cec544: ;   {oop(".class"{0x00000000a04d4e08})}
  0x0000025f87cec544: 49ba 084e | 4da0 0000 | 0000 458b | 5a0c 4489 | 580c 450f | b65a 1144 | 8858 1148 | 8944 2448 
  0x0000025f87cec564: e9e0 f5ff | ff41 ba2f | 0000 00e9 | 90f2 ffff | 4c89 8424 | a800 0000 | e9d1 fbff 

  0x0000025f87cec580: ;   {metadata('java/lang/IllegalArgumentException')}
  0x0000025f87cec580: ff48 bd00 | 0002 0001 | 0000 004c | 8b54 2468 | 4d85 d20f | 84a2 1e00 | 0048 8b54 | 2420 4c8b 
  0x0000025f87cec5a0: 8424 a800 | 0000 4c8b | 4c24 6848 | 8b7c 2450 

  0x0000025f87cec5b0: ;   {optimized virtual_call}
  0x0000025f87cec5b0: c5f8 77e8 

  0x0000025f87cec5b4: ; ImmutableOopMap {[40]=Oop [48]=Oop [60]=NarrowOop [72]=Oop [80]=Oop [88]=Oop [100]=NarrowOop [104]=Oop [112]=NarrowOop [168]=Oop }
                      ;*invokevirtual definePackage {reexecute=0 rethrow=0 return_oop=1}
                      ; - java.net.URLClassLoader::defineClass@64
                      ; - java.net.URLClassLoader$1::run@43
                      ; - java.net.URLClassLoader$1::run@1
  0x0000025f87cec5b4: e85c 7ef8 

  0x0000025f87cec5b8: ;   {other}
  0x0000025f87cec5b8: 0f1f 8400 | a81b 0011 | 488b 7424 | 3044 8b74 | 243c 4c8b | 4424 48e9 | b4fd ffff | 41b8 2f00 
  0x0000025f87cec5d8: 0000 e954 | f3ff ff33 | c0e9 92f6 | ffff 4c89 | 5424 6848 | 897c 2458 | 4c89 5c24 | 5044 8974 
  0x0000025f87cec5f8: 243c 4c89 | 4424 4844 | 8b54 2464 | 4489 5424 | 3848 8974 | 2430 488b | 5424 6890 

  0x0000025f87cec614: ;   {optimized virtual_call}
  0x0000025f87cec614: c5f8 77e8 

  0x0000025f87cec618: ; ImmutableOopMap {[40]=Oop [48]=Oop [56]=NarrowOop [60]=NarrowOop [72]=Oop [80]=Oop [88]=Oop [100]=NarrowOop [104]=Oop [112]=NarrowOop [168]=Oop }
                      ;*invokevirtual getManEntry {reexecute=0 rethrow=0 return_oop=1}
                      ; - java.util.jar.JarFile::getManifestFromReference@27
                      ; - java.util.jar.JarFile::getManifest@1
                      ; - jdk.internal.loader.URLClassPath$JarLoader$2::getManifest@22
                      ; - java.net.URLClassLoader::defineClass@34
                      ; - java.net.URLClassLoader$1::run@43
                      ; - java.net.URLClassLoader$1::run@1
  0x0000025f87cec618: e498 5cf8 

  0x0000025f87cec61c: ;   {other}
  0x0000025f87cec61c: 0f1f 8400 | 0c1c 0012 | 4885 c00f | 84a8 1900 | 004c 8b44 | 2468 450f | b650 1245 | 85d2 0f85 
  0x0000025f87cec63c: 8102 0000 | 498b e849 | 8bd0 4c8b | c066 6690 

  0x0000025f87cec64c: ;   {optimized virtual_call}
  0x0000025f87cec64c: c5f8 77e8 

  0x0000025f87cec650: ; ImmutableOopMap {rbp=Oop [40]=Oop [48]=Oop [56]=NarrowOop [60]=NarrowOop [72]=Oop [80]=Oop [88]=Oop [112]=NarrowOop [168]=Oop }
                      ;*invokespecial getInputStream {reexecute=0 rethrow=0 return_oop=1}
                      ; - java.util.jar.JarFile::getManifestFromReference@130
                      ; - java.util.jar.JarFile::getManifest@1
                      ; - jdk.internal.loader.URLClassPath$JarLoader$2::getManifest@22
                      ; - java.net.URLClassLoader::defineClass@34
                      ; - java.net.URLClassLoader$1::run@43
                      ; - java.net.URLClassLoader$1::run@1
  0x0000025f87cec650: acb8 e3ff 

  0x0000025f87cec654: ;   {other}
  0x0000025f87cec654: 0f1f 8400 | 441c 0013 | 4889 4424 | 6849 8b87 | b801 0000 | 4c8b d049 | 83c2 184d | 3b97 c801 
  0x0000025f87cec674: 0000 0f83 | 783b 0000 | 4d89 97b8 | 0100 0041 | 0f0d 8ac0 | 0000 0048 | c700 0100 | 0000 4c8b 
  0x0000025f87cec694: d049 83c2 

  0x0000025f87cec698: ;   {metadata('java/util/jar/Manifest')}
  0x0000025f87cec698: 10c7 4008 | 3daa 0020 | 4489 600c | c5fd efc0 | c4c1 79d6 | 024c 8bd8 | 4c8b c545 | 8b48 1449 
  0x0000025f87cec6b8: 8baf b801 | 0000 4c8b | d549 83c2 | 104d 3b97 | c801 0000 | 0f83 f03a | 0000 4d89 | 97b8 0100 
  0x0000025f87cec6d8: 0041 0f0d | 8ac0 0000 | 0048 c745 | 0001 0000 

  0x0000025f87cec6e8: ;   {metadata('java/util/jar/Attributes')}
  0x0000025f87cec6e8: 00c7 4508 | 752c 0120 | 4489 650c | 4c89 4424 | 604c 895c | 2478 4489 | 4c24 74ba | 1000 0000 
  0x0000025f87cec708: ;   {static_call}
  0x0000025f87cec708: c5f8 77e8 

  0x0000025f87cec70c: ; ImmutableOopMap {rbp=Oop [40]=Oop [48]=Oop [56]=NarrowOop [60]=NarrowOop [72]=Oop [80]=Oop [88]=Oop [96]=Oop [104]=Oop [112]=NarrowOop [116]=NarrowOop [120]=Oop [168]=Oop }
                      ;*invokestatic newLinkedHashMap {reexecute=0 rethrow=0 return_oop=1}
                      ; - java.util.jar.Attributes::<init>@6
                      ; - java.util.jar.Attributes::<init>@3
                      ; - java.util.jar.Manifest::<init>@9
                      ; - java.util.jar.Manifest::<init>@4
                      ; - java.util.jar.JarFile::getManifestFromReference@143
                      ; - java.util.jar.JarFile::getManifest@1
                      ; - jdk.internal.loader.URLClassPath$JarLoader$2::getManifest@22
                      ; - java.net.URLClassLoader::defineClass@34
                      ; - java.net.URLClassLoader$1::run@43
                      ; - java.net.URLClassLoader$1::run@1
  0x0000025f87cec70c: 90aa 5df8 

  0x0000025f87cec710: ;   {other}
  0x0000025f87cec710: 0f1f 8400 | 001d 0014 | 488b f841 | 807f 4000 | 0f85 3f35 | 0000 4c8b | df4d 8bd3 | 4489 550c 
  0x0000025f87cec730: 4d8b d344 | 8b44 2474 | 4d8b d84c | 899c 2480 | 0000 0048 | 8bdd 4c8b | dd4d 33d3 | 49c1 ea14 
  0x0000025f87cec750: 4d85 d274 | 1f48 85ff | 741a 49c1 | eb09 48b9 | 0000 e6f9 | 5f02 0000 | 4903 cb80 | 3902 0f85 
  0x0000025f87cec770: 3b36 0000 | 4180 7f40 | 000f 85a6 | 3400 004c | 8b44 2478 | 4189 580c | 4c8b d54d | 8bd8 4d33 
  0x0000025f87cec790: d349 c1ea | 144d 85d2 | 741a 49c1 | eb09 48b9 | 0000 e6f9 | 5f02 0000 | 4903 cb80 | 3902 0f85 
  0x0000025f87cec7b0: 4d35 0000 | 498b 9fb8 | 0100 004c | 8bd3 4983 | c230 4d3b | 97c8 0100 | 000f 8346 | 3a00 004d 
  0x0000025f87cec7d0: 8997 b801 | 0000 410f | 0d8a c000 | 0000 48c7 | 0301 0000 | 004c 8bd3 | 4983 c228 

  0x0000025f87cec7ec: ;   {metadata('java/util/HashMap')}
  0x0000025f87cec7ec: c743 0867 | cd00 204c | 8bdb 4983 | c310 4489 | 630c c5f5 | efc9 62d1 | fe08 7f0b | c5fd efc0 
  0x0000025f87cec80c: c4c1 79d6 | 0248 c743 | 2000 0040 | 3f41 807f | 4000 0f85 | 7434 0000 | 4c8b db45 | 8958 104d 
  0x0000025f87cec82c: 8bd0 4c8b | db4d 33da | 49c1 eb14 | 4d85 db74 | 1a49 c1ea | 0948 b900 | 00e6 f95f | 0200 0049 
  0x0000025f87cec84c: 03ca 8039 | 020f 8501 | 3500 0049 | 8be8 498b | d04c 8b44 | 2468 4c8b | 8c24 8000 | 0000 6690 
  0x0000025f87cec86c: ;   {optimized virtual_call}
  0x0000025f87cec86c: c5f8 77e8 

  0x0000025f87cec870: ; ImmutableOopMap {rbp=Oop [40]=Oop [48]=Oop [56]=NarrowOop [60]=NarrowOop [72]=Oop [80]=Oop [88]=Oop [96]=Oop [104]=Oop [112]=NarrowOop [168]=Oop }
                      ;*invokevirtual read {reexecute=0 rethrow=0 return_oop=0}
                      ; - java.util.jar.Manifest::<init>@29
                      ; - java.util.jar.Manifest::<init>@4
                      ; - java.util.jar.JarFile::getManifestFromReference@143
                      ; - java.util.jar.JarFile::getManifest@1
                      ; - jdk.internal.loader.URLClassPath$JarLoader$2::getManifest@22
                      ; - java.net.URLClassLoader::defineClass@34
                      ; - java.net.URLClassLoader$1::run@43
                      ; - java.net.URLClassLoader$1::run@1
  0x0000025f87cec870: 2c5f 60f8 

  0x0000025f87cec874: ;   {other}
  0x0000025f87cec874: 0f1f 8400 | 641e 0015 | 4180 7f40 | 000f 8544 | 3400 004c | 8bdd 4589 | 6314 4c8b | 4424 6845 
  0x0000025f87cec894: ;   {metadata('java/util/zip/ZipFile$ZipFileInflaterInputStream')}
  0x0000025f87cec894: 8b48 0841 | 81f9 8929 | 0120 0f85 | cc4c 0000 | 498b eb49 | 8bd0 6690 

  0x0000025f87cec8ac: ;   {optimized virtual_call}
  0x0000025f87cec8ac: c5f8 77e8 

  0x0000025f87cec8b0: ; ImmutableOopMap {rbp=Oop [40]=Oop [48]=Oop [56]=NarrowOop [60]=NarrowOop [72]=Oop [80]=Oop [88]=Oop [96]=Oop [112]=NarrowOop [168]=Oop }
                      ;*invokevirtual close {reexecute=0 rethrow=0 return_oop=0}
                      ; - java.util.jar.JarFile::getManifestFromReference@152
                      ; - java.util.jar.JarFile::getManifest@1
                      ; - jdk.internal.loader.URLClassPath$JarLoader$2::getManifest@22
                      ; - java.net.URLClassLoader::defineClass@34
                      ; - java.net.URLClassLoader$1::run@43
                      ; - java.net.URLClassLoader$1::run@1
  0x0000025f87cec8b0: acb7 faff 

  0x0000025f87cec8b4: ;   {other}
  0x0000025f87cec8b4: 0f1f 8400 | a41e 0016 | e90a 0c00 | 0048 8944 | 2460 498b | e849 8bd0 | 4c8b c090 

  0x0000025f87cec8d0: ;   {optimized virtual_call}
  0x0000025f87cec8d0: c5f8 77e8 

  0x0000025f87cec8d4: ; ImmutableOopMap {rbp=Oop [40]=Oop [48]=Oop [56]=NarrowOop [60]=NarrowOop [72]=Oop [80]=Oop [88]=Oop [96]=Oop [112]=NarrowOop [168]=Oop }
                      ;*invokevirtual getBytes {reexecute=0 rethrow=0 return_oop=1}
                      ; - java.util.jar.JarFile::getManifestFromReference@44
                      ; - java.util.jar.JarFile::getManifest@1
                      ; - jdk.internal.loader.URLClassPath$JarLoader$2::getManifest@22
                      ; - java.net.URLClassLoader::defineClass@34
                      ; - java.net.URLClassLoader$1::run@43
                      ; - java.net.URLClassLoader$1::run@1
  0x0000025f87cec8d4: a825 89ff 

  0x0000025f87cec8d8: ;   {other}
  0x0000025f87cec8d8: 0f1f 8400 | c81e 0017 | 4889 4424 | 684c 8bdd | 410f b66b | 1185 ed0f | 85e4 4c00 | 004c 895c 
  0x0000025f87cec8f8: 2478 498b | d366 6690 

  0x0000025f87cec900: ;   {optimized virtual_call}
  0x0000025f87cec900: c5f8 77e8 

  0x0000025f87cec904: ; ImmutableOopMap {[40]=Oop [48]=Oop [56]=NarrowOop [60]=NarrowOop [72]=Oop [80]=Oop [88]=Oop [96]=Oop [104]=Oop [112]=NarrowOop [120]=Oop [168]=Oop }
                      ;*invokevirtual getManifestNum {reexecute=0 rethrow=0 return_oop=0}
                      ; - java.util.zip.ZipFile$1::getManifestNum@1
                      ; - java.util.jar.JarFile::getManifestFromReference@59
                      ; - java.util.jar.JarFile::getManifest@1
                      ; - jdk.internal.loader.URLClassPath$JarLoader$2::getManifest@22
                      ; - java.net.URLClassLoader::defineClass@34
                      ; - java.net.URLClassLoader$1::run@43
                      ; - java.net.URLClassLoader$1::run@1
  0x0000025f87cec904: 7825 89ff 

  0x0000025f87cec908: ;   {other}
  0x0000025f87cec908: 0f1f 8400 | f81e 0018 | 83f8 010f | 8503 4d00 | 004d 8b8f | b801 0000 | 4d8b d149 | 83c2 404d 
  0x0000025f87cec928: 3b97 c801 | 0000 0f83 | 6835 0000 | 4d89 97b8 | 0100 0041 | 0f0d 8ac0 | 0000 0049 | c701 0100 
  0x0000025f87cec948: 0000 4d8b | d149 83c2 

  0x0000025f87cec950: ;   {metadata('java/util/jar/JarVerifier')}
  0x0000025f87cec950: 1041 c741 | 08c7 2b01 | 2045 8961 | 0cc5 fdef | c062 d1fe | 287f 0262 | d1fe 087f | 4202 4c8b 
  0x0000025f87cec970: 5c24 6045 

  0x0000025f87cec974: ;   {metadata('java/util/jar/JarFile$JarFileEntry')}
  0x0000025f87cec974: 8b43 0841 | 81f8 6728 | 0120 0f85 | 094a 0000 | 4d8b d341 | c641 0e01 | 458b 5260 | 4589 5130 
  0x0000025f87cec994: 41c6 410d | 014c 8b44 | 2468 4d8b | d849 8bca | 498b d948 | 33cb 48c1 | e914 4885 | c974 1f45 
  0x0000025f87cec9b4: 85d2 741a | 48c1 eb09 | 48b9 0000 | e6f9 5f02 | 0000 4803 | cb80 3902 | 0f85 2230 | 0000 4180 
  0x0000025f87cec9d4: 7f40 000f | 85af 2700 | 0045 8959 | 2c4d 8bd1 | 498b c849 | 33ca 48c1 | e914 4885 | c974 1f4d 
  0x0000025f87cec9f4: 85c0 741a | 49c1 ea09 | 48b9 0000 | e6f9 5f02 | 0000 4903 | ca80 3902 | 0f85 7f2f | 0000 498b 
  0x0000025f87ceca14: afb8 0100 | 004c 8bd5 | 4983 c230 | 4d3b 97c8 | 0100 000f | 8393 3400 | 0044 895c | 2474 4c89 
  0x0000025f87ceca34: 4c24 684c | 8944 2460 | 4d89 97b8 | 0100 0041 | 0f0d 8ac0 | 0000 0048 | c745 0001 | 0000 004c 
  0x0000025f87ceca54: 8bd5 4983 

  0x0000025f87ceca58: ;   {metadata('java/util/Hashtable')}
  0x0000025f87ceca58: c210 c745 | 086a 9300 | 2044 8965 | 0cc5 fdef | c062 d1fe 

  0x0000025f87ceca6c: ;   {section_word}
  0x0000025f87ceca6c: 287f 02c5 | fa10 05c9 | eaff ff90 

  0x0000025f87ceca78: ;   {static_call}
  0x0000025f87ceca78: c5f8 77e8 

  0x0000025f87ceca7c: ; ImmutableOopMap {rbp=Oop [40]=Oop [48]=Oop [56]=NarrowOop [60]=NarrowOop [72]=Oop [80]=Oop [88]=Oop [96]=Oop [104]=Oop [112]=NarrowOop [116]=NarrowOop [120]=Oop [168]=Oop }
                      ;*invokestatic isNaN {reexecute=0 rethrow=0 return_oop=0}
                      ; - java.util.Hashtable::<init>@47
                      ; - java.util.Hashtable::<init>@5
                      ; - java.util.jar.JarVerifier::<init>@39
                      ; - java.util.jar.JarFile::getManifestFromReference@78
                      ; - java.util.jar.JarFile::getManifest@1
                      ; - jdk.internal.loader.URLClassPath$JarLoader$2::getManifest@22
                      ; - java.net.URLClassLoader::defineClass@34
                      ; - java.net.URLClassLoader$1::run@43
                      ; - java.net.URLClassLoader$1::run@1
  0x0000025f87ceca7c: 002e 89ff 

  0x0000025f87ceca80: ;   {other}
  0x0000025f87ceca80: 0f1f 8400 | 7020 0019 | 85c0 0f85 | 6049 0000 | c745 1400 | 0040 3f4d | 8b97 b801 | 0000 4d8b 
  0x0000025f87cecaa0: da49 83c3 | 404d 3b9f | c801 0000 | 0f83 6a34 | 0000 4d89 | 9fb8 0100 | 0041 0f0d | 8bc0 0000 
  0x0000025f87cecac0: 0049 c702 | 0100 0000 | 410f 0d8b | 0001 0000 

  0x0000025f87cecad0: ;   {metadata('java/util/Hashtable$Entry'[])}
  0x0000025f87cecad0: 41c7 4208 | 6bfa 0020 | 410f 0d8b | 4001 0000 | 41c7 420c | 0b00 0000 | 410f 0d8b | 8001 0000 
  0x0000025f87cecaf0: 4d8b da49 | 83c3 10c5 | fdef c062 | d1fe 287f | 0362 d1fe | 087f 4302 | 4180 7f40 | 000f 85e0 
  0x0000025f87cecb10: 2600 004d | 8bc2 4489 | 451c 4c8b | dd4d 33d3 | 488b dd49 | c1ea 144d | 85d2 741a | 49c1 eb09 
  0x0000025f87cecb30: 48b9 0000 | e6f9 5f02 | 0000 4903 | cb80 3902 | 0f85 2c2a | 0000 4180 | 7f40 000f | 856a 2600 
  0x0000025f87cecb50: 004c 8b44 | 2468 4189 | 5814 c745 | 1008 0000 | 004c 8bd5 | 4d8b d84d | 33d3 49c1 | ea14 4d85 
  0x0000025f87cecb70: d274 1a49 | c1eb 0948 | b900 00e6 | f95f 0200 | 0049 03cb | 8039 020f | 8596 2900 | 0049 8baf 
  0x0000025f87cecb90: b801 0000 | 4c8b d549 | 83c2 304d | 3b97 c801 | 0000 0f83 | 4c33 0000 | 4c89 4424 | 684d 8997 
  0x0000025f87cecbb0: b801 0000 | 410f 0d8a | c000 0000 | 48c7 4500 | 0100 0000 | 4c8b d549 

  0x0000025f87cecbc8: ;   {metadata('java/util/Hashtable')}
  0x0000025f87cecbc8: 83c2 10c7 | 4508 6a93 | 0020 4489 | 650c c5fd | efc0 62d1 | fe28 7f02 

  0x0000025f87cecbe0: ;   {section_word}
  0x0000025f87cecbe0: c5fa 1005 | 58e9 ffff 

  0x0000025f87cecbe8: ;   {static_call}
  0x0000025f87cecbe8: c5f8 77e8 

  0x0000025f87cecbec: ; ImmutableOopMap {rbp=Oop [40]=Oop [48]=Oop [56]=NarrowOop [60]=NarrowOop [72]=Oop [80]=Oop [88]=Oop [96]=Oop [104]=Oop [112]=NarrowOop [116]=NarrowOop [120]=Oop [168]=Oop }
                      ;*invokestatic isNaN {reexecute=0 rethrow=0 return_oop=0}
                      ; - java.util.Hashtable::<init>@47
                      ; - java.util.Hashtable::<init>@5
                      ; - java.util.jar.JarVerifier::<init>@50
                      ; - java.util.jar.JarFile::getManifestFromReference@78
                      ; - java.util.jar.JarFile::getManifest@1
                      ; - jdk.internal.loader.URLClassPath$JarLoader$2::getManifest@22
                      ; - java.net.URLClassLoader::defineClass@34
                      ; - java.net.URLClassLoader$1::run@43
                      ; - java.net.URLClassLoader$1::run@1
  0x0000025f87cecbec: 902c 89ff 

  0x0000025f87cecbf0: ;   {other}
  0x0000025f87cecbf0: 0f1f 8400 | e021 001a | 85c0 0f85 | 4448 0000 | c745 1400 | 0040 3f4d | 8b97 b801 | 0000 4d8b 
  0x0000025f87cecc10: da49 83c3 | 404d 3b9f | c801 0000 | 0f83 4a33 | 0000 4d89 | 9fb8 0100 | 0041 0f0d | 8bc0 0000 
  0x0000025f87cecc30: 0049 c702 | 0100 0000 | 410f 0d8b | 0001 0000 

  0x0000025f87cecc40: ;   {metadata('java/util/Hashtable$Entry'[])}
  0x0000025f87cecc40: 41c7 4208 | 6bfa 0020 | 410f 0d8b | 4001 0000 | 41c7 420c | 0b00 0000 | 410f 0d8b | 8001 0000 
  0x0000025f87cecc60: 4d8b da49 | 83c3 10c5 | fdef c062 | d1fe 287f | 0362 d1fe | 087f 4302 | 4180 7f40 | 000f 85a5 
  0x0000025f87cecc80: 2500 004d | 8bda 4489 | 5d1c 4c8b | dd4d 33d3 | 488b fd49 | c1ea 144d | 85d2 741a | 49c1 eb09 
  0x0000025f87cecca0: 48b9 0000 | e6f9 5f02 | 0000 4903 | cb80 3902 | 0f85 0d29 | 0000 4180 | 7f40 000f | 859c 2500 
  0x0000025f87ceccc0: 004c 8b44 | 2468 4189 | 7810 c745 | 1008 0000 | 004c 8bd5 | 4d8b d84d | 33d3 49c1 | ea14 4d85 
  0x0000025f87cecce0: d274 1a49 | c1eb 0948 | b900 00e6 | f95f 0200 | 0049 03cb | 8039 020f | 8517 2900 | 0049 8baf 
  0x0000025f87cecd00: b801 0000 | 4c8b d549 | 83c2 304d | 3b97 c801 | 0000 0f83 | 2c32 0000 | 4c89 4424 | 684d 8997 
  0x0000025f87cecd20: b801 0000 | 410f 0d8a | c000 0000 | 48c7 4500 | 0100 0000 | 4c8b d549 

  0x0000025f87cecd38: ;   {metadata('java/util/Hashtable')}
  0x0000025f87cecd38: 83c2 10c7 | 4508 6a93 | 0020 4489 | 650c c5fd | efc0 62d1 | fe28 7f02 

  0x0000025f87cecd50: ;   {section_word}
  0x0000025f87cecd50: c5fa 1005 | e8e7 ffff 

  0x0000025f87cecd58: ;   {static_call}
  0x0000025f87cecd58: c5f8 77e8 

  0x0000025f87cecd5c: ; ImmutableOopMap {rbp=Oop [40]=Oop [48]=Oop [56]=NarrowOop [60]=NarrowOop [72]=Oop [80]=Oop [88]=Oop [96]=Oop [104]=Oop [112]=NarrowOop [116]=NarrowOop [120]=Oop [168]=Oop }
                      ;*invokestatic isNaN {reexecute=0 rethrow=0 return_oop=0}
                      ; - java.util.Hashtable::<init>@47
                      ; - java.util.Hashtable::<init>@4
                      ; - java.util.jar.JarVerifier::<init>@63
                      ; - java.util.jar.JarFile::getManifestFromReference@78
                      ; - java.util.jar.JarFile::getManifest@1
                      ; - jdk.internal.loader.URLClassPath$JarLoader$2::getManifest@22
                      ; - java.net.URLClassLoader::defineClass@34
                      ; - java.net.URLClassLoader$1::run@43
                      ; - java.net.URLClassLoader$1::run@1
  0x0000025f87cecd5c: 202b 89ff 

  0x0000025f87cecd60: ;   {other}
  0x0000025f87cecd60: 0f1f 8400 | 5023 001b | 85c0 0f85 | 2847 0000 | c745 1400 | 0040 3f4d | 8b97 b801 | 0000 4d8b 
  0x0000025f87cecd80: da49 83c3 | 404d 3b9f | c801 0000 | 0f83 6332 | 0000 4d89 | 9fb8 0100 | 0041 0f0d | 8bc0 0000 
  0x0000025f87cecda0: 0049 c702 | 0100 0000 | 410f 0d8b | 0001 0000 

  0x0000025f87cecdb0: ;   {metadata('java/util/Hashtable$Entry'[])}
  0x0000025f87cecdb0: 41c7 4208 | 6bfa 0020 | 410f 0d8b | 4001 0000 | 41c7 420c | 0b00 0000 | 410f 0d8b | 8001 0000 
  0x0000025f87cecdd0: 4d8b da49 | 83c3 10c5 | fdef c062 | d1fe 287f | 0362 d1fe | 087f 4302 | 4d8b da41 | 807f 4000 
  0x0000025f87cecdf0: 0f85 9a25 | 0000 4d8b | c34d 8bd3 | 4489 451c | 4c8b 5c24 | 6844 899c | 24b0 0000 | 0048 8bfd 
  0x0000025f87cece10: 4c8b dd4d | 33d3 49c1 | ea14 4d85 | d274 1a49 | c1eb 0948 | b900 00e6 | f95f 0200 | 0049 03cb 
  0x0000025f87cece30: 8039 020f | 8511 2a00 | 0041 807f | 4000 0f85 | 8525 0000 | 4c8b 4424 | 6841 8978 | 18c7 4510 
  0x0000025f87cece50: 0800 0000 | 4c8b d54d | 8bd8 4d33 | d349 c1ea | 144d 85d2 | 741a 49c1 | eb09 48b9 | 0000 e6f9 
  0x0000025f87cece70: 5f02 0000 | 4903 cb80 | 3902 0f85 | 7b29 0000 | 4d8b 8fb8 | 0100 004d | 8bd1 4983 | c218 4d3b 
  0x0000025f87cece90: 97c8 0100 | 000f 83d5 | 3100 004d | 8997 b801 | 0000 410f | 0d8a c000 | 0000 49c7 

  0x0000025f87ceceac: ;   {no_reloc}
  0x0000025f87ceceac: 0101 0000 

  0x0000025f87ceceb0: ;   {metadata('java/util/ArrayList')}
  0x0000025f87ceceb0: 0041 c741 | 087d b000 | 2045 8961 | 0c45 8961 

  0x0000025f87cecec0: ;   {oop(a 'java/lang/Object'[0] {0x00000000a080e038})}
  0x0000025f87cecec0: 1041 c741 | 1438 e080 | a041 807f | 4000 0f85 | 2d25 0000 | 4d8b d145 | 8950 1c4d | 8bd0 4d8b 
  0x0000025f87cecee0: d94d 33da | 49c1 eb14 | 4d85 db74 | 1a49 c1ea | 0948 b900 | 00e6 f95f | 0200 0049 | 03ca 8039 
  0x0000025f87cecf00: 020f 8594 | 2900 004d | 8b8f b801 | 0000 4d8b | d149 83c2 | 184d 3b97 | c801 0000 | 0f83 2631 
  0x0000025f87cecf20: 0000 498b | e84d 8997 | b801 0000 | 410f 0d8a | c000 0000 | 49c7 0101 | 0000 004d | 8bd9 4983 
  0x0000025f87cecf40: ;   {metadata('java/io/ByteArrayOutputStream')}
  0x0000025f87cecf40: c310 41c7 | 4108 172c | 0120 4589 | 610c 4d8b | d1c5 fdef | c0c4 c179 | d603 4d8b | da49 8b87 
  0x0000025f87cecf60: b801 0000 | 4c8b d049 | 83c2 304d | 3b97 c801 | 0000 0f83 | 2331 0000 | 4c89 5c24 | 684d 8997 
  0x0000025f87cecf80: b801 0000 | 410f 0d8a | c000 0000 | 48c7 0001 | 0000 0041 | 0f0d 8a00 

  0x0000025f87cecf98: ;   {metadata({type array byte})}
  0x0000025f87cecf98: 0100 00c7 | 4008 5981 | 0020 410f | 0d8a 4001 | 0000 c740 | 0c20 0000 | 0041 0f0d | 8a80 0100 
  0x0000025f87cecfb8: 004c 8bd0 | 4983 c210 | c5fd efc0 | 62d1 fe28 | 7f02 4c8b | 5424 6849 | 8bda 4c8b | d845 895a 
  0x0000025f87cecfd8: 104c 8bd0 | 4c8b 5c24 | 684d 33d3 | 49c1 ea14 | 4d85 d274 | 1a49 c1eb | 0948 b900 | 00e6 f95f 
  0x0000025f87cecff8: 0200 0049 | 03cb 8039 | 020f 85a3 | 2700 0041 | 807f 4000 | 0f85 8322 | 0000 4c8b | c541 8958 
  0x0000025f87ced018: 244c 8b54 | 2468 4d8b | d84d 33d3 | 49c1 ea14 | 4d85 d274 | 1a49 c1eb | 0948 b900 | 00e6 f95f 
  0x0000025f87ced038: 0200 0049 | 03cb 8039 | 020f 85c3 | 2600 004d | 8b8f b801 | 0000 4d8b | d149 83c2 | 184d 3b97 
  0x0000025f87ced058: c801 0000 | 0f83 6330 | 0000 4d89 | 97b8 0100 | 0041 0f0d | 8ac0 0000 | 0049 c701 | 0100 0000 
  0x0000025f87ced078: ;   {metadata('java/util/ArrayList')}
  0x0000025f87ced078: 41c7 4108 | 7db0 0020 | 4589 610c | 4589 6110 

  0x0000025f87ced088: ;   {oop(a 'java/lang/Object'[0] {0x00000000a080e038})}
  0x0000025f87ced088: 41c7 4114 | 38e0 80a0 | 4180 7f40 | 000f 8533 | 2200 004d | 8bd9 4589 | 5834 4d8b | d04d 8bd9 
  0x0000025f87ced0a8: 4d33 da49 | c1eb 144d | 85db 741a | 49c1 ea09 | 48b9 0000 | e6f9 5f02 | 0000 4903 | ca80 3902 
  0x0000025f87ced0c8: 0f85 8c26 | 0000 4d8b | 8fb8 0100 | 004d 8bd1 | 4983 c230 | 4d3b 97c8 | 0100 000f | 8337 2f00 
  0x0000025f87ced0e8: 0049 8be8 | 4d89 97b8 | 0100 0041 | 0f0d 8ac0 | 0000 0049 | c701 0100 | 0000 4d8b | d949 83c3 
  0x0000025f87ced108: ;   {metadata('java/util/HashMap')}
  0x0000025f87ced108: 2841 c741 | 0867 cd00 | 204d 8bd1 | 4d8b c149 | 83c0 1045 | 8961 0cc5 | fdef c062 | d1fe 087f 
  0x0000025f87ced128: 00c5 fdef | c0c4 c179 | d603 4d8b | c249 c740 | 2000 0040 | 3f41 807f | 4000 0f85 | 0922 0000 
  0x0000025f87ced148: 4c8b cd4d | 8bd8 4589 | 5938 4d8b | d14d 8bd8 | 4d33 da49 | c1eb 144d | 85db 741a | 49c1 ea09 
  0x0000025f87ced168: 48b9 0000 | e6f9 5f02 | 0000 4903 | ca80 3902 | 0f85 3c25 | 0000 4180 | 7f40 000f | 8584 2100 
  0x0000025f87ced188: 004c 8b44 | 2478 448b | 9c24 b000 | 0000 4589 | 5830 4d8b | d14d 8bd8 | 4d33 d349 | c1ea 144d 
  0x0000025f87ced1a8: 85d2 741a | 49c1 eb09 | 48b9 0000 | e6f9 5f02 | 0000 4903 | cb80 3902 | 0f85 9d24 | 0000 498b 
  0x0000025f87ced1c8: 87b8 0100 | 004c 8bd0 | 4983 c218 | 4d3b 97c8 | 0100 000f | 83b3 2d00 | 004d 8997 | b801 0000 
  0x0000025f87ced1e8: 410f 0d8a | c000 0000 | 48c7 0001 | 0000 004c | 8bd0 4983 

  0x0000025f87ced1fc: ;   {metadata('java/util/jar/Manifest')}
  0x0000025f87ced1fc: c210 c740 | 083d aa00 | 2044 8960 | 0cc5 fdef | c0c4 c179 | d602 4c8b | d845 8b48 | 3049 8b87 
  0x0000025f87ced21c: b801 0000 | 4c8b d049 | 83c2 2049 | 8bc9 4d3b | 97c8 0100 | 000f 8385 | 2d00 0048 | 898c 2488 
  0x0000025f87ced23c: 0000 0044 | 898c 2480 | 0000 004c | 895c 2478 | 4c89 4424 | 684d 8997 | b801 0000 | 410f 0d8a 
  0x0000025f87ced25c: c000 0000 | 48c7 0001 | 0000 004c | 8bd0 4983 

  0x0000025f87ced26c: ;   {metadata('java/io/ByteArrayInputStream')}
  0x0000025f87ced26c: c210 c740 | 08da a800 | 2044 8960 | 0cc5 fdef | c062 d1fe | 087f 024c | 8bc0 448b | 5424 7445 
  0x0000025f87ced28c: 8950 184c | 8b54 2460 

  0x0000025f87ced294: ; implicit exception: dispatches to 0x0000025f87cf2a84
  0x0000025f87ced294: 458b 520c | 4589 5014 | 4c8b 5c24 | 6841 8b4b | 1449 8baf | b801 0000 | 4c8b d549 | 83c2 104d 
  0x0000025f87ced2b4: 3b97 c801 | 0000 0f83 | 2f2e 0000 | 4d89 97b8 | 0100 0041 | 0f0d 8ac0 | 0000 0048 | c745 0001 
  0x0000025f87ced2d4: ;   {metadata('java/util/jar/Attributes')}
  0x0000025f87ced2d4: 0000 00c7 | 4508 752c | 0120 4489 | 650c 48ff | 7424 6848 | 8f44 2460 | 4c89 4424 | 6889 4c24 
  0x0000025f87ced2f4: 74ba 1000 | 0000 6690 

  0x0000025f87ced2fc: ;   {static_call}
  0x0000025f87ced2fc: c5f8 77e8 

  0x0000025f87ced300: ; ImmutableOopMap {rbp=Oop [40]=Oop [48]=Oop [56]=NarrowOop [60]=NarrowOop [72]=Oop [80]=Oop [88]=Oop [96]=Oop [104]=Oop [112]=NarrowOop [116]=NarrowOop [120]=Oop [128]=NarrowOop [136]=Oop [168]=Oop }
                      ;*invokestatic newLinkedHashMap {reexecute=0 rethrow=0 return_oop=1}
                      ; - java.util.jar.Attributes::<init>@6
                      ; - java.util.jar.Attributes::<init>@3
                      ; - java.util.jar.Manifest::<init>@9
                      ; - java.util.jar.JarFile::getManifestFromReference@121
                      ; - java.util.jar.JarFile::getManifest@1
                      ; - jdk.internal.loader.URLClassPath$JarLoader$2::getManifest@22
                      ; - java.net.URLClassLoader::defineClass@34
                      ; - java.net.URLClassLoader$1::run@43
                      ; - java.net.URLClassLoader$1::run@1
  0x0000025f87ced300: 7c25 89ff 

  0x0000025f87ced304: ;   {other}
  0x0000025f87ced304: 0f1f 8400 | f428 001c | 488b d841 | 807f 4000 | 0f85 6821 | 0000 4c8b | db44 895d | 0c44 8b5c 
  0x0000025f87ced324: 2474 4d8b | d34c 8994 | 2490 0000 | 0048 8bfd | 4c8b d54c | 8bdb 4d33 | da49 c1eb | 144d 85db 
  0x0000025f87ced344: 741f 4885 | db74 1a49 | c1ea 0948 | b900 00e6 | f95f 0200 | 0049 03ca | 8039 020f | 85f2 2600 
  0x0000025f87ced364: 0041 807f | 4000 0f85 | 4521 0000 | 4c8b 4424 | 7841 8978 | 0c4c 8bd5 | 4d8b d84d | 33d3 49c1 
  0x0000025f87ced384: ea14 4d85 | d274 1a49 | c1eb 0948 | b900 00e6 | f95f 0200 | 0049 03cb | 8039 020f | 8546 2500 
  0x0000025f87ced3a4: 004d 8b8f | b801 0000 | 4d8b d149 | 83c2 304d | 3b97 c801 | 0000 0f83 | 602d 0000 | 498b e84d 
  0x0000025f87ced3c4: 8997 b801 | 0000 410f | 0d8a c000 | 0000 49c7 | 0101 0000 | 004d 8bd9 | 4983 c328 

  0x0000025f87ced3e0: ;   {metadata('java/util/HashMap')}
  0x0000025f87ced3e0: 41c7 4108 | 67cd 0020 | 4d8b c149 | 83c0 1045 | 8961 0c4d | 8bd1 c5f5 | efc9 62d1 | fe08 7f08 
  0x0000025f87ced400: c5fd efc0 | c4c1 79d6 | 034d 8bc2 | 49c7 4020 | 0000 403f | 4180 7f40 | 000f 8521 | 2000 004c 
  0x0000025f87ced420: 8bcd 4d8b | d14d 8bd8 | 4589 5910 | 4d8b d84d | 33da 49c1 | eb14 4d85 | db74 1a49 | c1ea 0948 
  0x0000025f87ced440: b900 00e6 | f95f 0200 | 0049 03ca | 8039 020f | 85e5 2400 | 0049 8be9 | 498b d14c | 8b44 2468 
  0x0000025f87ced460: 4c8b 8c24 | 9000 0000 

  0x0000025f87ced468: ;   {optimized virtual_call}
  0x0000025f87ced468: c5f8 77e8 

  0x0000025f87ced46c: ; ImmutableOopMap {rbp=Oop [40]=Oop [48]=Oop [56]=NarrowOop [60]=NarrowOop [72]=Oop [80]=Oop [88]=Oop [96]=Oop [112]=NarrowOop [128]=NarrowOop [136]=Oop [168]=Oop }
                      ;*invokevirtual read {reexecute=0 rethrow=0 return_oop=0}
                      ; - java.util.jar.Manifest::<init>@29
                      ; - java.util.jar.JarFile::getManifestFromReference@121
                      ; - java.util.jar.JarFile::getManifest@1
                      ; - jdk.internal.loader.URLClassPath$JarLoader$2::getManifest@22
                      ; - java.net.URLClassLoader::defineClass@34
                      ; - java.net.URLClassLoader$1::run@43
                      ; - java.net.URLClassLoader$1::run@1
  0x0000025f87ced46c: 101a 89ff 

  0x0000025f87ced470: ;   {other}
  0x0000025f87ced470: 0f1f 8400 | 602a 001d | 4180 7f40 | 000f 856a | 2000 004c | 8bc5 448b | 8c24 8000 | 0000 4589 
  0x0000025f87ced490: 4814 4c8b | 9424 8800 | 0000 4d8b | d84d 33d3 | 49c1 ea14 | 4d85 d274 | 1f45 85c9 | 741a 49c1 
  0x0000025f87ced4b0: eb09 48b9 | 0000 e6f9 | 5f02 0000 | 4903 cb80 | 3902 0f85 | e025 0000 | 498b e84d | 8b87 b801 
  0x0000025f87ced4d0: 0000 4d8b | d049 83c2 | 284d 3b97 | c801 0000 | 0f83 9229 | 0000 4d89 | 97b8 0100 | 0041 0f0d 
  0x0000025f87ced4f0: 8ac0 0000 | 0049 c700 | 0100 0000 | 4d8b d049 

  0x0000025f87ced500: ;   {metadata('java/lang/ref/SoftReference')}
  0x0000025f87ced500: 83c2 1041 | c740 082b | 8e00 2045 | 8960 0cc5 | fdef c041 | bb07 0000 | 00c4 c178 | 92fb 62d1 
  0x0000025f87ced520: fe2f 7f02 | 4c8b d545 | 8950 0c41 | 807f 4000 | 0f85 a217 

  0x0000025f87ced534: ;   {oop(a 'java/lang/ref/ReferenceQueue$Null'{0x00000000a059cce0})}
  0x0000025f87ced534: 0000 41c7 | 4010 e0cc | 59a0 4d8b | d049 8bf8 

  0x0000025f87ced544: ;   {oop(a 'java/lang/ref/ReferenceQueue$Null'{0x00000000a059cce0})}
  0x0000025f87ced544: 49bb e0cc | 59a0 0000 | 0000 4d33 | da49 c1eb | 144d 85db | 741a 49c1 | ea09 48b9 | 0000 e6f9 
  0x0000025f87ced564: 5f02 0000 | 4903 ca80 | 3902 0f85 | cf17 0000 | f083 4424 | c000 4180 | 7f40 000f | 8586 1700 
  0x0000025f87ced584: 004c 8b4c | 2460 4189 

  0x0000025f87ced58c: ;   {oop(a 'java/lang/Class'{0x00000000a0523f98} = 'java/lang/ref/SoftReference')}
  0x0000025f87ced58c: 7928 49ba | 983f 52a0 | 0000 0000 | 4d8b 5270 | 4d89 5020 | 4d8b d04d | 8bd9 4d33 | d349 c1ea 
  0x0000025f87ced5ac: 144d 85d2 | 7416 49c1 | eb09 4c8b | 4424 204d | 03c3 4180 | 3802 0f85 | d217 0000 | 4889 6c24 
  0x0000025f87ced5cc: 6844 8b54 | 2438 4489 | 5424 64e9 | 62ed ffff | 418b c3e9 | d5e8 ffff | 4d89 4520 | e92d edff 
  0x0000025f87ced5ec: ff33 ede9 | 93e0 ffff | 4c89 4c24 | 7844 8954 | 2454 4889 | 7c24 684c | 895c 2458 | 4489 7424 
  0x0000025f87ced60c: 504c 8944 | 2448 448b | 5c24 7044 | 895c 243c | 448b 5424 | 6444 8954 | 2438 4889 | 7424 3049 
  0x0000025f87ced62c: 8bd1 41b8 | 0100 0000 

  0x0000025f87ced634: ;   {optimized virtual_call}
  0x0000025f87ced634: c5f8 77e8 

  0x0000025f87ced638: ; ImmutableOopMap {[40]=Oop [48]=Oop [56]=NarrowOop [60]=NarrowOop [72]=Oop [80]=NarrowOop [84]=NarrowOop [88]=Oop [104]=Oop [120]=Oop [168]=Oop }
                      ;*invokevirtual getManifestName {reexecute=0 rethrow=0 return_oop=1}
                      ; - java.util.zip.ZipFile$1::getManifestName@2
                      ; - java.util.jar.JarFile::maybeInstantiateVerifier@20
                      ; - java.util.jar.JarFile::ensureInitialization@1
                      ; - java.util.jar.JavaUtilJarAccessImpl::ensureInitialization@1
                      ; - jdk.internal.loader.URLClassPath$JarLoader$2::getManifest@10
                      ; - java.net.URLClassLoader::defineClass@34
                      ; - java.net.URLClassLoader$1::run@43
                      ; - java.net.URLClassLoader$1::run@1
  0x0000025f87ced638: c432 53f8 

  0x0000025f87ced63c: ;   {other}
  0x0000025f87ced63c: 0f1f 8400 | 2c2c 001e | 4885 c00f | 851c 4300 | 0044 8b54 | 2454 4588 | 6212 418b | 6a30 85ed 
  0x0000025f87ced65c: 0f85 6e43 | 0000 488b | 7424 3044 | 8b54 2438 | 4489 5424 | 6444 8b5c | 243c 4489 | 5c24 704c 
  0x0000025f87ced67c: 8b54 2448 | 448b 7424 | 504c 8b5c | 2458 488b | 7c24 684c | 8b4c 2478 | 4d8b c2e9 | 82eb ffff 
  0x0000025f87ced69c: ;   {metadata('jdk/internal/loader/URLClassPath$FileLoader')}
  0x0000025f87ced69c: 4181 fb3b | de0b 200f | 85cf 4600 | 004c 8bc0 | 498b 87b8 | 0100 004c | 8bd8 4983 | c340 4d3b 
  0x0000025f87ced6bc: 9fc8 0100 | 000f 83bd | 3400 004c | 8944 2450 | 4489 5424 | 404c 894c | 2420 4d89 | 9fb8 0100 
  0x0000025f87ced6dc: 0041 0f0d | 8bc0 0000 | 0048 c700 | 0100 0000 

  0x0000025f87ced6ec: ;   {metadata('java/net/URL')}
  0x0000025f87ced6ec: c740 0836 | a900 2044 | 8960 0c4c | 8bd0 4983 | c210 c5fd | efc0 62d1 | fe28 7f02 | 62d1 fe08 
  0x0000025f87ced70c: 7f42 024c | 8bd0 4c89 | 5424 584c | 8b54 2450 | 418b 6a0c | 488b 5424 | 4845 33c0 

  0x0000025f87ced728: ;   {static_call}
  0x0000025f87ced728: c5f8 77e8 

  0x0000025f87ced72c: ; ImmutableOopMap {rbp=NarrowOop [40]=Oop [48]=NarrowOop [56]=Oop [72]=Oop [80]=Oop [88]=Oop }
                      ;*invokestatic encodePath {reexecute=0 rethrow=0 return_oop=1}
                      ; - jdk.internal.loader.URLClassPath$FileLoader::getResource@10
                      ; - jdk.internal.loader.URLClassPath::getResource@53
                      ; - java.net.URLClassLoader$1::run@26
                      ; - java.net.URLClassLoader$1::run@1
  0x0000025f87ced72c: 30bb 4af8 

  0x0000025f87ced730: ;   {other}
  0x0000025f87ced730: 0f1f 8400 | 202d 001f | 4c8b c548 | 8b54 2458 | 4c8b c833 | ff48 8b6c | 2428 6690 

  0x0000025f87ced74c: ;   {optimized virtual_call}
  0x0000025f87ced74c: c5f8 77e8 

  0x0000025f87ced750: ; ImmutableOopMap {rbp=Oop [40]=Oop [48]=NarrowOop [56]=Oop [72]=Oop [80]=Oop [88]=Oop }
                      ;*invokespecial <init> {reexecute=0 rethrow=0 return_oop=0}
                      ; - java.net.URL::<init>@4
                      ; - jdk.internal.loader.URLClassPath$FileLoader::getResource@13
                      ; - jdk.internal.loader.URLClassPath::getResource@53
                      ; - java.net.URLClassLoader$1::run@26
                      ; - java.net.URLClassLoader$1::run@1
  0x0000025f87ced750: 2c17 89ff 

  0x0000025f87ced754: ;   {other}
  0x0000025f87ced754: 0f1f 8400 | 442d 0020 | 4c8b 4424 | 5045 8b58 | 184c 8b4c | 2458 418b | 591c 418b | 6b1c 85db 
  0x0000025f87ced774: 0f84 be45 | 0000 4c8b | c548 8bd3 | 488b 6c24 | 2866 6690 

  0x0000025f87ced788: ;   {optimized virtual_call}
  0x0000025f87ced788: c5f8 77e8 

  0x0000025f87ced78c: ; ImmutableOopMap {rbp=Oop [40]=Oop [48]=NarrowOop [56]=Oop [72]=Oop [80]=Oop [88]=Oop }
                      ;*invokevirtual startsWith {reexecute=0 rethrow=0 return_oop=0}
                      ; - jdk.internal.loader.URLClassPath$FileLoader::getResource@31
                      ; - jdk.internal.loader.URLClassPath::getResource@53
                      ; - java.net.URLClassLoader$1::run@26
                      ; - java.net.URLClassLoader$1::run@1
  0x0000025f87ced78c: 5056 e1ff 

  0x0000025f87ced790: ;   {other}
  0x0000025f87ced790: 0f1f 8400 | 802d 0021 | 85c0 0f84 | 010d 0000 

  0x0000025f87ced7a0: ;   {oop(".."{0x00000000a04c5f18})}
  0x0000025f87ced7a0: 49b8 185f | 4ca0 0000 | 0000 488b | 5424 4890 

  0x0000025f87ced7b0: ;   {optimized virtual_call}
  0x0000025f87ced7b0: c5f8 77e8 

  0x0000025f87ced7b4: ; ImmutableOopMap {rbp=Oop [40]=Oop [48]=NarrowOop [56]=Oop [72]=Oop [80]=Oop [88]=Oop }
                      ;*invokevirtual contains {reexecute=0 rethrow=0 return_oop=0}
                      ; - jdk.internal.loader.URLClassPath$FileLoader::getResource@50
                      ; - jdk.internal.loader.URLClassPath::getResource@53
                      ; - java.net.URLClassLoader$1::run@26
                      ; - java.net.URLClassLoader$1::run@1
  0x0000025f87ced7b4: 4860 9df8 

  0x0000025f87ced7b8: ;   {other}
  0x0000025f87ced7b8: 0f1f 8400 | a82d 0022 | 4c8b 5424 | 5045 8b52 | 1444 8954 | 2444 85c0 | 0f84 d70c | 0000 498b 
  0x0000025f87ced7d8: 87b8 0100 | 004c 8bd0 | 4983 c220 | 4d3b 97c8 | 0100 000f | 83dc 3400 | 004d 8997 | b801 0000 
  0x0000025f87ced7f8: 4c8b d849 | 83c3 1048 | c700 0100 | 0000 410f | 0d8a c000 

  0x0000025f87ced80c: ;   {metadata('java/io/File')}
  0x0000025f87ced80c: 0000 c740 | 0868 4600 | 2044 8960 | 0cc5 fdef | c062 d1fe | 087f 034c | 8bd0 4c89 | 5424 6048 
  0x0000025f87ced82c: 8b54 2448 | 41b8 2f00 | 0000 41b9 | 5c00 0000 

  0x0000025f87ced83c: ;   {optimized virtual_call}
  0x0000025f87ced83c: c5f8 77e8 

  0x0000025f87ced840: ; ImmutableOopMap {rbp=Oop [40]=Oop [48]=NarrowOop [56]=Oop [68]=NarrowOop [72]=Oop [80]=Oop [88]=Oop [96]=Oop }
                      ;*invokevirtual replace {reexecute=0 rethrow=0 return_oop=1}
                      ; - jdk.internal.loader.URLClassPath$FileLoader::getResource@70
                      ; - jdk.internal.loader.URLClassPath::getResource@53
                      ; - java.net.URLClassLoader$1::run@26
                      ; - java.net.URLClassLoader$1::run@1
  0x0000025f87ced840: 3c16 89ff 

  0x0000025f87ced844: ;   {other}
  0x0000025f87ced844: 0f1f 8400 | 342e 0023 | 4889 4424 | 6841 807f | 4000 0f85 | 242a 0000 | 4c8b 5424 | 6045 8962 
  0x0000025f87ced864: 144c 8b54 | 2468 458b | 4214 448b | 5c24 4445 | 8b5b 1044 | 895c 2444 

  0x0000025f87ced87c: ; implicit exception: dispatches to 0x0000025f87cf2e1e
  0x0000025f87ced87c: 458b 5b14 

  0x0000025f87ced880: ; implicit exception: dispatches to 0x0000025f87cf2e54
  0x0000025f87ced880: 458b 530c | 4585 d20f | 8667 4500 | 0045 8b50 | 0c4c 8b5c | 2468 450f 

  0x0000025f87ced898: ;   {oop(a 'java/io/WinNTFileSystem'{0x00000000a05956c8})}
  0x0000025f87ced898: be5b 1049 | b8c8 5659 | a000 0000 | 0045 0fb7 | 400c 4489 | 4424 70c4 | 4222 f7da | 4489 5c24 
  0x0000025f87ced8b8: 7445 85db | 0f8e 7c01 

  0x0000025f87ced8c0: ;   {oop(a 'java/io/WinNTFileSystem'{0x00000000a05956c8})}
  0x0000025f87ced8c0: 0000 49ba | c856 59a0 | 0000 0000 | 450f b752 | 0e44 8954 | 2478 41ba | 0300 0000 | 4533 c045 
  0x0000025f87ced8e0: 33db 4489 | 9424 b000 | 0000 4489 | 8424 9800 | 0000 4489 | 9c24 9c00 | 0000 eb34 | 0f1f 4000 
  0x0000025f87ced900: 4183 fa3a | 0f84 fc04 | 0000 448b | 9c24 9800 | 0000 41ff | c344 899c | 2498 0000 | 0044 3b5c 
  0x0000025f87ced920: 2474 0f8d | 2701 0000 | 4489 9424 | 9c00 0000 | 4c8b 5424 | 6845 8b52 | 1445 8bca | 4c8b 5424 
  0x0000025f87ced940: 6841 807a | 1000 0f85 | 5f31 0000 | 458b d141 | 8b6a 0c44 | 8b9c 2498 | 0000 0044 | 3bdd 0f83 
  0x0000025f87ced960: 5d38 0000 | 470f b65c | 1a10 458b | d344 3b54 | 2478 0f84 | 8721 0000 | 443b 5424 | 700f 857d 
  0x0000025f87ced980: ffff ff44 | 8b84 249c | 0000 0044 | 3b44 2470 | 0f85 6aff | ffff ba45 | ffff ff48 | 8b6c 2428 
  0x0000025f87ced9a0: 448b 4424 | 3044 8944 | 2420 448b | 5c24 4044 | 895c 2424 | 4c8b 5c24 | 484c 895c | 2430 4c8b 
  0x0000025f87ced9c0: ;   {no_reloc}
  0x0000025f87ced9c0: 5c24 504c | 895c 2438 | 4c8b 5c24 | 584c 895c | 2448 4c8b | 5c24 604c | 895c 2458 | 448b 5c24 
  0x0000025f87ced9e0: 4444 895c | 2440 448b | 4424 7444 | 8944 2444 | 448b 5c24 | 7844 895c | 2474 4489 | 5424 7c90 
  0x0000025f87ceda00: ;   {runtime_call UncommonTrapBlob}
  0x0000025f87ceda00: c5f8 77e8 

  0x0000025f87ceda04: ; ImmutableOopMap {rbp=Oop [32]=NarrowOop [48]=Oop [56]=Oop [64]=NarrowOop [72]=Oop [88]=Oop [96]=Oop [104]=Oop }
                      ;*if_icmpne {reexecute=1 rethrow=0 return_oop=0}
                      ; - (reexecute) java.io.WinNTFileSystem::normalize@74
                      ; - java.io.File::<init>@73
                      ; - jdk.internal.loader.URLClassPath$FileLoader::getResource@73
                      ; - jdk.internal.loader.URLClassPath::getResource@53
                      ; - java.net.URLClassLoader$1::run@26
                      ; - java.net.URLClassLoader$1::run@1
  0x0000025f87ceda04: f8a2 89ff 

  0x0000025f87ceda08: ;   {other}
  0x0000025f87ceda08: 0f1f 8400 | f82f 0024 | 448b cd4c | 8bc2 4183 | fbff 7e18 | 430f be5c | 1a10 83fb | 2e0f 84ad 
  0x0000025f87ceda28: 2e00 0041 | ffcb 4183 | fbff 7fe8 | b8ff ffff | ffe9 7be4 | ffff 41bb | 0300 0000 | 4533 d244 
  0x0000025f87ceda48: 899c 24b0 | 0000 0044 | 3b54 2470 | 0f84 e623 | 0000 4c8b | 4c24 68e9 | 9300 0000 | 4c8b 5424 
  0x0000025f87ceda68: 7845 8b5a | 0c41 83fb | 020f 8415 | 2a00 0045 | 85db 0f84 | 552a 0000 | 4183 fb01 | 0f84 6f2a 
  0x0000025f87ceda88: 0000 498b | 87b8 0100 | 004c 8bd0 | 4983 c218 | 4d3b 97c8 | 0100 000f | 83c4 3800 | 004d 8997 
  0x0000025f87cedaa8: b801 0000 | 410f 0d8a | c000 0000 | 48c7 0001 | 0000 004c | 8bd0 4983 

  0x0000025f87cedac0: ;   {metadata('java/lang/String')}
  0x0000025f87cedac0: c210 c740 | 0812 8400 | 2044 8960 | 0cc5 fdef | c0c4 c179 | d602 4c8b | d049 8bea | 498b d24c 
  0x0000025f87cedae0: 8b44 2478 

  0x0000025f87cedae4: ;   {optimized virtual_call}
  0x0000025f87cedae4: c5f8 77e8 

  0x0000025f87cedae8: ; ImmutableOopMap {rbp=Oop [40]=Oop [48]=NarrowOop [56]=Oop [68]=NarrowOop [72]=Oop [80]=Oop [88]=Oop [96]=Oop }
                      ;*invokespecial <init> {reexecute=0 rethrow=0 return_oop=0}
                      ; - java.lang.StringBuilder::toString@5
                      ; - java.io.WinNTFileSystem::normalize@220
                      ; - java.io.WinNTFileSystem::normalize@111
                      ; - java.io.File::<init>@73
                      ; - jdk.internal.loader.URLClassPath$FileLoader::getResource@73
                      ; - jdk.internal.loader.URLClassPath::getResource@53
                      ; - java.net.URLClassLoader$1::run@26
                      ; - java.net.URLClassLoader$1::run@1
  0x0000025f87cedae8: 9413 89ff 

  0x0000025f87cedaec: ;   {other}
  0x0000025f87cedaec: 0f1f 8400 | dc30 0025 | 4c8b cd44 | 8b5c 2444 

  0x0000025f87cedafc: ;   {oop(a 'java/io/WinNTFileSystem'{0x00000000a05956c8})}
  0x0000025f87cedafc: 4d8b c348 | bac8 5659 | a000 0000 | 0048 8b6c | 2428 6690 

  0x0000025f87cedb10: ;   {optimized virtual_call}
  0x0000025f87cedb10: c5f8 77e8 

  0x0000025f87cedb14: ; ImmutableOopMap {rbp=Oop [40]=Oop [48]=NarrowOop [56]=Oop [72]=Oop [80]=Oop [88]=Oop [96]=Oop }
                      ;*invokevirtual resolve {reexecute=0 rethrow=0 return_oop=1}
                      ; - java.io.File::<init>@76
                      ; - jdk.internal.loader.URLClassPath$FileLoader::getResource@73
                      ; - jdk.internal.loader.URLClassPath::getResource@53
                      ; - java.net.URLClassLoader$1::run@26
                      ; - java.net.URLClassLoader$1::run@1
  0x0000025f87cedb14: 6813 89ff 

  0x0000025f87cedb18: ;   {other}
  0x0000025f87cedb18: 0f1f 8400 | 0831 0026 | 488b d841 | 807f 4000 | 0f85 ca27 | 0000 4c8b | db4c 8b54 | 2460 4589 
  0x0000025f87cedb38: 5a10 4c8b | db4d 33da | 49c1 eb14 | 4d85 db0f | 846b 2700 | 0048 85db | 0f84 6e27 | 0000 49c1 
  0x0000025f87cedb58: ea09 48b9 | 0000 e6f9 | 5f02 0000 | 4903 ca80 | 3902 0f85 | c027 0000 | 4c8b d34c | 8954 2468 
  0x0000025f87cedb78: 458b 5214 | 458b da45 | 8b42 0c45 | 8bd0 4c8b | 4424 6845 | 0fbe 4010 | c442 3af7 | ca44 894c 
  0x0000025f87cedb98: 2444 4585 | c90f 8401 

  0x0000025f87cedba0: ;   {oop(a 'java/io/WinNTFileSystem'{0x00000000a05956c8})}
  0x0000025f87cedba0: 4500 0049 | b9c8 5659 | a000 0000 | 0041 0fb7 | 490c 894c | 2470 4585 | c00f 85e5 | 3f00 0045 
  0x0000025f87cedbc0: 85d2 0f86 | 9042 0000 | 450f b653 | 1044 8954 | 2474 448b | 5424 4441 | 83fa 010f | 8ebf 2e00 
  0x0000025f87cedbe0: 004c 8b54 | 2468 458b | 5214 4c8b | 5c24 6841 | 807b 1000 | 0f85 cf3f | 0000 418b | 6a0c 83fd 
  0x0000025f87cedc00: 010f 86b9 | 4200 0045 | 0fb6 5a11 | 448b 5424 | 7444 3b54 | 2470 0f84 | dc44 0000 | 4183 c29f 
  0x0000025f87cedc20: 4183 fa1a | 727a 448b | 4424 7441 | 83f8 410f | 8c9b 2c00 | 0041 83f8 | 5a7e 65ba | 45ff ffff 
  0x0000025f87cedc40: 488b 6c24 | 2844 8b44 | 2430 4489 | 4424 2044 | 8b54 2440 | 4489 5424 | 244c 8b54 | 2448 4c89 
  0x0000025f87cedc60: 5424 304c | 8b54 2450 | 4c89 5424 | 384c 8b54 | 2458 4c89 | 5424 484c | 8b54 2460 | 4c89 5424 
  0x0000025f87cedc80: 584c 8b54 | 2468 4c89 | 5424 6044 | 895c 2468 

  0x0000025f87cedc90: ;   {runtime_call UncommonTrapBlob}
  0x0000025f87cedc90: c5f8 77e8 

  0x0000025f87cedc94: ; ImmutableOopMap {rbp=Oop [32]=NarrowOop [48]=Oop [56]=Oop [72]=Oop [88]=Oop [96]=Oop }
                      ;*if_icmpgt {reexecute=1 rethrow=0 return_oop=0}
                      ; - (reexecute) java.io.WinNTFileSystem::isLetter@21
                      ; - java.io.WinNTFileSystem::prefixLength@58
                      ; - java.io.File::<init>@104
                      ; - jdk.internal.loader.URLClassPath$FileLoader::getResource@73
                      ; - jdk.internal.loader.URLClassPath::getResource@53
                      ; - java.net.URLClassLoader$1::run@26
                      ; - java.net.URLClassLoader$1::run@1
  0x0000025f87cedc94: 68a0 89ff 

  0x0000025f87cedc98: ;   {other}
  0x0000025f87cedc98: 0f1f 8400 | 8832 0027 | 4183 fb3a | 0f85 262c | 0000 448b | 5424 4441 | 83fa 020f | 8e38 4300 
  0x0000025f87cedcb8: 004c 8b54 | 2468 450f | be5a 1045 | 8b42 1445 | 85db 0f85 | 1c3f 0000 

  0x0000025f87cedcd0: ; implicit exception: dispatches to 0x0000025f87cf2fa0
  0x0000025f87cedcd0: 418b 680c | 83fd 020f | 864f 4200 | 0045 0fb6 | 5812 443b | 5c24 700f | 855b 4300 | 0044 8b9c 
  0x0000025f87cedcf0: 24b0 0000 | 004c 8b54 | 2460 4589 | 5a0c 498b | d248 8b6c | 2428 6690 

  0x0000025f87cedd08: ;   {optimized virtual_call}
  0x0000025f87cedd08: c5f8 77e8 

  0x0000025f87cedd0c: ; ImmutableOopMap {rbp=Oop [40]=Oop [48]=NarrowOop [56]=Oop [72]=Oop [80]=Oop [88]=Oop }
                      ;*invokevirtual getCanonicalFile {reexecute=0 rethrow=0 return_oop=1}
                      ; - jdk.internal.loader.URLClassPath$FileLoader::getResource@76
                      ; - jdk.internal.loader.URLClassPath::getResource@53
                      ; - java.net.URLClassLoader$1::run@26
                      ; - java.net.URLClassLoader$1::run@1
  0x0000025f87cedd0c: 7011 89ff 

  0x0000025f87cedd10: ;   {other}
  0x0000025f87cedd10: 0f1f 8400 | 0033 0028 

  0x0000025f87cedd18: ; implicit exception: dispatches to 0x0000025f87cf2ef0
  0x0000025f87cedd18: 8b58 104c | 8b44 2450 | 458b 5014 

  0x0000025f87cedd24: ; implicit exception: dispatches to 0x0000025f87cf2f1c
  0x0000025f87cedd24: 418b 6a10 | 85db 0f84 | 7840 0000 | 4889 4424 | 604c 8bc5 | 488b d348 | 8b6c 2428 

  0x0000025f87cedd40: ;   {optimized virtual_call}
  0x0000025f87cedd40: c5f8 77e8 

  0x0000025f87cedd44: ; ImmutableOopMap {rbp=Oop [40]=Oop [48]=NarrowOop [56]=Oop [72]=Oop [80]=Oop [88]=Oop [96]=Oop }
                      ;*invokevirtual startsWith {reexecute=0 rethrow=0 return_oop=0}
                      ; - jdk.internal.loader.URLClassPath$FileLoader::getResource@93
                      ; - jdk.internal.loader.URLClassPath::getResource@53
                      ; - java.net.URLClassLoader$1::run@26
                      ; - java.net.URLClassLoader$1::run@1
  0x0000025f87cedd44: 3811 89ff 

  0x0000025f87cedd48: ;   {other}
  0x0000025f87cedd48: 0f1f 8400 | 3833 0029 | 85c0 0f84 | 4907 0000 | 4c8b 5424 | 604c 8954 | 2468 488b | 5424 6848 
  0x0000025f87cedd68: 8b6c 2428 

  0x0000025f87cedd6c: ;   {optimized virtual_call}
  0x0000025f87cedd6c: c5f8 77e8 

  0x0000025f87cedd70: ; ImmutableOopMap {rbp=Oop [40]=Oop [48]=NarrowOop [56]=Oop [72]=Oop [80]=Oop [88]=Oop [104]=Oop }
                      ;*invokevirtual exists {reexecute=0 rethrow=0 return_oop=0}
                      ; - jdk.internal.loader.URLClassPath$FileLoader::getResource@125
                      ; - jdk.internal.loader.URLClassPath::getResource@53
                      ; - java.net.URLClassLoader$1::run@26
                      ; - java.net.URLClassLoader$1::run@1
  0x0000025f87cedd70: 895a 0000 

  0x0000025f87cedd74: ;   {other}
  0x0000025f87cedd74: 0f1f 8400 | 6433 002a | 85c0 0f84 | 1d07 0000 | 498b 87b8 | 0100 004c | 8bd0 4983 | c220 4d3b 
  0x0000025f87cedd94: 97c8 0100 | 000f 834e | 2f00 004d | 8997 b801 | 0000 410f | 0d8a c000 | 0000 48c7 | 0001 0000 
  0x0000025f87ceddb4: 004c 8bd0 | 4983 c210 

  0x0000025f87ceddbc: ;   {metadata('jdk/internal/loader/URLClassPath$FileLoader$1')}
  0x0000025f87ceddbc: c740 0890 | de0b 2044 | 8960 0cc5 | fdef c062 | d1fe 087f | 024c 8b44 | 2448 4d8b | d844 8958 
  0x0000025f87cedddc: 104c 8b54 | 2450 4d8b | da44 8958 | 1c4c 8b54 | 2458 4d8b | da44 8958 | 144c 8b54 | 2468 4d8b 
  0x0000025f87ceddfc: da44 8958 | 18e9 77de | ffff 448b | 9c24 9800 | 0000 4183 | fb01 0f8e | f400 0000 | 448b 5424 
  0x0000025f87cede1c: 7445 85d2 | 0f84 aa44 | 0000 498b | 87b8 0100 

  0x0000025f87cede2c: ;   {oop(a 'java/io/WinNTFileSystem'{0x00000000a05956c8})}
  0x0000025f87cede2c: 0049 bac8 | 5659 a000 | 0000 0045 | 0fb7 5a0c | 4489 5c24 | 704c 8bd0 | 4983 c218 | 4d3b 97c8 
  0x0000025f87cede4c: 0100 000f | 83ef 3400 | 004d 8997 | b801 0000 | 410f 0d8a | c000 0000 | 48c7 0001 | 0000 004c 
  0x0000025f87cede6c: 8bd0 4983 

  0x0000025f87cede70: ;   {metadata('java/lang/StringBuilder')}
  0x0000025f87cede70: c210 c740 | 0886 a600 | 2044 8960 | 0cc5 fdef | c0c4 c179 | d602 4c8b | d04c 8954 | 2478 498b 
  0x0000025f87cede90: d244 8b44 | 2474 488b | 6c24 2890 

  0x0000025f87cede9c: ;   {optimized virtual_call}
  0x0000025f87cede9c: c5f8 77e8 

  0x0000025f87cedea0: ; ImmutableOopMap {rbp=Oop [40]=Oop [48]=NarrowOop [56]=Oop [68]=NarrowOop [72]=Oop [80]=Oop [88]=Oop [96]=Oop [104]=Oop [120]=Oop }
                      ;*invokespecial <init> {reexecute=0 rethrow=0 return_oop=0}
                      ; - java.lang.StringBuilder::<init>@2
                      ; - java.io.WinNTFileSystem::normalize@24
                      ; - java.io.WinNTFileSystem::normalize@111
                      ; - java.io.File::<init>@73
                      ; - jdk.internal.loader.URLClassPath$FileLoader::getResource@73
                      ; - jdk.internal.loader.URLClassPath::getResource@53
                      ; - java.net.URLClassLoader$1::run@26
                      ; - java.net.URLClassLoader$1::run@1
  0x0000025f87cedea0: dc0f 89ff 

  0x0000025f87cedea4: ;   {other}
  0x0000025f87cedea4: 0f1f 8400 | 9434 002b | 4533 db90 | 418b eb48 | 8b54 2468 | 458b c390 

  0x0000025f87cedebc: ;   {optimized virtual_call}
  0x0000025f87cedebc: c5f8 77e8 

  0x0000025f87cedec0: ; ImmutableOopMap {[40]=Oop [48]=NarrowOop [56]=Oop [68]=NarrowOop [72]=Oop [80]=Oop [88]=Oop [96]=Oop [104]=Oop [120]=Oop }
                      ;*invokevirtual charAt {reexecute=0 rethrow=0 return_oop=0}
                      ; - java.io.WinNTFileSystem::normalizePrefix@13
                      ; - java.io.WinNTFileSystem::normalize@38
                      ; - java.io.WinNTFileSystem::normalize@111
                      ; - java.io.File::<init>@73
                      ; - jdk.internal.loader.URLClassPath$FileLoader::getResource@73
                      ; - jdk.internal.loader.URLClassPath::getResource@53
                      ; - java.net.URLClassLoader$1::run@26
                      ; - java.net.URLClassLoader$1::run@1
  0x0000025f87cedec0: bc0f 89ff 

  0x0000025f87cedec4: ;   {other}
  0x0000025f87cedec4: 0f1f 8400 | b434 002c 

  0x0000025f87cedecc: ;   {oop(a 'java/io/WinNTFileSystem'{0x00000000a05956c8})}
  0x0000025f87cedecc: 48ba c856 | 59a0 0000 | 0000 448b | c066 6690 

  0x0000025f87cededc: ;   {optimized virtual_call}
  0x0000025f87cededc: c5f8 77e8 

  0x0000025f87cedee0: ; ImmutableOopMap {[40]=Oop [48]=NarrowOop [56]=Oop [68]=NarrowOop [72]=Oop [80]=Oop [88]=Oop [96]=Oop [104]=Oop [120]=Oop }
                      ;*invokevirtual isSlash {reexecute=0 rethrow=0 return_oop=0}
                      ; - java.io.WinNTFileSystem::normalizePrefix@16
                      ; - java.io.WinNTFileSystem::normalize@38
                      ; - java.io.WinNTFileSystem::normalize@111
                      ; - java.io.File::<init>@73
                      ; - jdk.internal.loader.URLClassPath$FileLoader::getResource@73
                      ; - jdk.internal.loader.URLClassPath::getResource@53
                      ; - java.net.URLClassLoader$1::run@26
                      ; - java.net.URLClassLoader$1::run@1
  0x0000025f87cedee0: 9c0f 89ff 

  0x0000025f87cedee4: ;   {other}
  0x0000025f87cedee4: 0f1f 8400 | d434 002d | 85c0 0f84 | 4102 0000 | 448d 5d01 | 443b 5c24 | 747c b144 | 899c 24a4 
  0x0000025f87cedf04: 0000 00e9 | 3002 0000 | 41ba 3a00 | 0000 e9f3 | f9ff ff85 | ed0f 84d2 | e3ff ff49 | 8b5f 2848 
  0x0000025f87cedf24: 8bcd 4885 | db0f 84c9 | 2a00 004d | 8bcb 4d8b | d84d 8b47 | 3849 894c | 18f8 4883 | c3f8 4989 
  0x0000025f87cedf44: 5f28 4d8b | c34d 8bd9 | e9a0 e3ff | ff44 8b53 | 1445 85d2 | 0f84 abe1 | ffff 4d8b | 5f28 498b 
  0x0000025f87cedf64: ca4d 85db | 0f84 f42a | 0000 4d8b | 5738 4b89 | 4c1a f849 | 83c3 f84d | 895f 28e9 | 85e1 ffff 
  0x0000025f87cedf84: 4d8b 5748 | 4d8b 5f58 | f083 4424 | c000 8039 | 000f 84a1 | e1ff ff44 | 8821 4d85 | d275 2049 
  0x0000025f87cedfa4: 8bd7 c5f8 | 7749 baf0 | 2160 bff9 | 7f00 0041 

  0x0000025f87cedfb4: ;   {other}
  0x0000025f87cedfb4: ffd2 0f1f | 8400 0000 | 0000 e979 | e1ff ff4b | 894c 13f8 | 4983 c2f8 | 4d89 5748 | e967 e1ff 
  0x0000025f87cedfd4: ff45 33d2 | 4c89 5424 | 68e9 5ce3 | ffff 4c63 | c54d 8d48 | 1049 8bd1 | 4883 e2f8 | 498b fd48 
  0x0000025f87cedff4: 03fa 49c1 | e903 492b | c948 33c0 | 4883 f908 | 7f10 48ff | c978 5648 | 8904 cf48 | ffc9 7df7 
  0x0000025f87cee014: eb4b c5fd | efc0 e90d | 0000 00c5 | fe7f 07c5 | fe7f 4720 | 4883 c740 | 4883 e908 | 7ded 4883 
  0x0000025f87cee034: c104 7c0c | c5fe 7f07 | 4883 c720 | 4883 e904 | 4883 c104 | 7e17 48c7 | c0ff ffff | ffc4 e2f0 
  0x0000025f87cee054: f5c0 c4e1 | fb92 f862 | f1fe 2f7f | 0749 83f8 | 2077 284c | 63c5 49b9 | ffff ffff | ffff ffff 
  0x0000025f87cee074: c442 b8f5 | c9c4 c1fb | 92f9 62d1 | 7faf 6f03 | 62d1 7f2f | 7f02 e9a6 | dfff ff4d | 8bca 4c89 
  0x0000025f87cee094: 6c24 684d | 8bd3 4889 | 5c24 5844 | 8974 2430 | 498b ca49 | 8bd1 c5f8 | 7749 bac0 | 4d56 875f 
  0x0000025f87cee0b4: ;   {no_reloc}
  0x0000025f87cee0b4: 0200 0041 

  0x0000025f87cee0b8: ;   {other}
  0x0000025f87cee0b8: ffd2 0f1f | 8400 0000 | 0000 448b | 7424 3048 | 8b5c 2458 | 4c8b 6c24 | 68e9 5fdf 

  0x0000025f87cee0d4: ;   {metadata('jdk/internal/loader/URLClassPath$FileLoader$1')}
  0x0000025f87cee0d4: ffff 81fb | 90de 0b20 | 0f85 c641 | 0000 4c8b | de41 8b53 | 1c44 8b72 | 0ce9 e1dd | ffff c5f8 
  0x0000025f87cee0f4: 7748 b8ff | ffff ffff 

  0x0000025f87cee0fc: ;   {virtual_call}
  0x0000025f87cee0fc: ffff ffe8 

  0x0000025f87cee100: ; ImmutableOopMap {[32]=Oop [40]=Oop [48]=Oop [56]=NarrowOop [80]=Oop [100]=NarrowOop [112]=NarrowOop }
                      ;*invokevirtual getBytes {reexecute=0 rethrow=0 return_oop=1}
                      ; - java.net.URLClassLoader::defineClass@179
                      ; - java.net.URLClassLoader$1::run@43
                      ; - java.net.URLClassLoader$1::run@1
  0x0000025f87cee100: 7c12 89ff 

  0x0000025f87cee104: ;   {other}
  0x0000025f87cee104: 0f1f 8400 | f436 002e | 4889 4424 | 48e9 cfe2 | ffff c5f8 | 7748 b830 | e9ce 965f 

  0x0000025f87cee120: ;   {virtual_call}
  0x0000025f87cee120: 0200 00e8 

  0x0000025f87cee124: ; ImmutableOopMap {[32]=Oop [40]=Oop [48]=Oop [56]=NarrowOop [72]=Oop [80]=Oop [100]=NarrowOop [112]=NarrowOop }
                      ;*invokevirtual getCodeSigners {reexecute=0 rethrow=0 return_oop=1}
                      ; - java.net.URLClassLoader::defineClass@185
                      ; - java.net.URLClassLoader$1::run@43
                      ; - java.net.URLClassLoader$1::run@1
  0x0000025f87cee124: 295d 89ff 

  0x0000025f87cee128: ;   {other}
  0x0000025f87cee128: 0f1f 8400 | 1837 002f | e9d7 e2ff | ff89 ac24 | a400 0000 | 448b 5424 | 7444 2b94 | 24a4 0000 
  0x0000025f87cee148: 0041 83fa | 020f 8cba | 0000 0048 | 8b54 2468 | 448b 8424 | a400 0000 | 488b 6c24 | 2866 6690 
  0x0000025f87cee168: ;   {optimized virtual_call}
  0x0000025f87cee168: c5f8 77e8 

  0x0000025f87cee16c: ; ImmutableOopMap {rbp=Oop [40]=Oop [48]=NarrowOop [56]=Oop [68]=NarrowOop [72]=Oop [80]=Oop [88]=Oop [96]=Oop [104]=Oop [120]=Oop }
                      ;*invokevirtual charAt {reexecute=0 rethrow=0 return_oop=0}
                      ; - java.io.WinNTFileSystem::normalizePrefix@40
                      ; - java.io.WinNTFileSystem::normalize@38
                      ; - java.io.WinNTFileSystem::normalize@111
                      ; - java.io.File::<init>@73
                      ; - jdk.internal.loader.URLClassPath$FileLoader::getResource@73
                      ; - jdk.internal.loader.URLClassPath::getResource@53
                      ; - java.net.URLClassLoader$1::run@26
                      ; - java.net.URLClassLoader$1::run@1
  0x0000025f87cee16c: 100d 89ff 

  0x0000025f87cee170: ;   {other}
  0x0000025f87cee170: 0f1f 8400 | 6037 0030 

  0x0000025f87cee178: ;   {oop(a 'java/io/WinNTFileSystem'{0x00000000a05956c8})}
  0x0000025f87cee178: 8be8 48ba | c856 59a0 | 0000 0000 | 448b c090 

  0x0000025f87cee188: ;   {optimized virtual_call}
  0x0000025f87cee188: c5f8 77e8 

  0x0000025f87cee18c: ; ImmutableOopMap {[40]=Oop [48]=NarrowOop [56]=Oop [68]=NarrowOop [72]=Oop [80]=Oop [88]=Oop [96]=Oop [104]=Oop [120]=Oop }
                      ;*invokevirtual isLetter {reexecute=0 rethrow=0 return_oop=0}
                      ; - java.io.WinNTFileSystem::normalizePrefix@46
                      ; - java.io.WinNTFileSystem::normalize@38
                      ; - java.io.WinNTFileSystem::normalize@111
                      ; - java.io.File::<init>@73
                      ; - jdk.internal.loader.URLClassPath$FileLoader::getResource@73
                      ; - jdk.internal.loader.URLClassPath::getResource@53
                      ; - java.net.URLClassLoader$1::run@26
                      ; - java.net.URLClassLoader$1::run@1
  0x0000025f87cee18c: f00c 89ff 

  0x0000025f87cee190: ;   {other}
  0x0000025f87cee190: 0f1f 8400 | 8037 0031 | 85c0 7471 | 448b 8424 | a400 0000 | 41ff c048 | 8b54 2468 

  0x0000025f87cee1ac: ;   {optimized virtual_call}
  0x0000025f87cee1ac: c5f8 77e8 

  0x0000025f87cee1b0: ; ImmutableOopMap {[40]=Oop [48]=NarrowOop [56]=Oop [68]=NarrowOop [72]=Oop [80]=Oop [88]=Oop [96]=Oop [104]=Oop [120]=Oop }
                      ;*invokevirtual charAt {reexecute=0 rethrow=0 return_oop=0}
                      ; - java.io.WinNTFileSystem::normalizePrefix@57
                      ; - java.io.WinNTFileSystem::normalize@38
                      ; - java.io.WinNTFileSystem::normalize@111
                      ; - java.io.File::<init>@73
                      ; - jdk.internal.loader.URLClassPath$FileLoader::getResource@73
                      ; - jdk.internal.loader.URLClassPath::getResource@53
                      ; - java.net.URLClassLoader$1::run@26
                      ; - java.net.URLClassLoader$1::run@1
  0x0000025f87cee1b0: cc0c 89ff 

  0x0000025f87cee1b4: ;   {other}
  0x0000025f87cee1b4: 0f1f 8400 | a437 0032 | 83f8 3a75 | 4c48 8b54 | 2478 448b | c548 8b6c | 2428 6690 

  0x0000025f87cee1d0: ;   {optimized virtual_call}
  0x0000025f87cee1d0: c5f8 77e8 

  0x0000025f87cee1d4: ; ImmutableOopMap {rbp=Oop [40]=Oop [48]=NarrowOop [56]=Oop [68]=NarrowOop [72]=Oop [80]=Oop [88]=Oop [96]=Oop [104]=Oop [120]=Oop }
                      ;*invokevirtual append {reexecute=0 rethrow=0 return_oop=1}
                      ; - java.io.WinNTFileSystem::normalizePrefix@68
                      ; - java.io.WinNTFileSystem::normalize@38
                      ; - java.io.WinNTFileSystem::normalize@111
                      ; - java.io.File::<init>@73
                      ; - jdk.internal.loader.URLClassPath$FileLoader::getResource@73
                      ; - jdk.internal.loader.URLClassPath::getResource@53
                      ; - java.net.URLClassLoader$1::run@26
                      ; - java.net.URLClassLoader$1::run@1
  0x0000025f87cee1d4: a80c 89ff 

  0x0000025f87cee1d8: ;   {other}
  0x0000025f87cee1d8: 0f1f 8400 | c837 0033 | 488b 5424 | 7841 b83a | 0000 0090 

  0x0000025f87cee1ec: ;   {optimized virtual_call}
  0x0000025f87cee1ec: c5f8 77e8 

  0x0000025f87cee1f0: ; ImmutableOopMap {rbp=Oop [40]=Oop [48]=NarrowOop [56]=Oop [68]=NarrowOop [72]=Oop [80]=Oop [88]=Oop [96]=Oop [104]=Oop [120]=Oop }
                      ;*invokevirtual append {reexecute=0 rethrow=0 return_oop=1}
                      ; - java.io.WinNTFileSystem::normalizePrefix@75
                      ; - java.io.WinNTFileSystem::normalize@38
                      ; - java.io.WinNTFileSystem::normalize@111
                      ; - java.io.File::<init>@73
                      ; - jdk.internal.loader.URLClassPath$FileLoader::getResource@73
                      ; - jdk.internal.loader.URLClassPath::getResource@53
                      ; - java.net.URLClassLoader$1::run@26
                      ; - java.net.URLClassLoader$1::run@1
  0x0000025f87cee1f0: 8c0c 89ff 

  0x0000025f87cee1f4: ;   {other}
  0x0000025f87cee1f4: 0f1f 8400 | e437 0034 | 448b 9c24 | a400 0000 | 4183 c302 | e9ca 0000 | 0044 8b54 | 2474 4183 
  0x0000025f87cee214: fa02 0f8c | b800 0000 | 488b 5424 | 6845 33c0 | 488b 6c24 | 2866 6690 

  0x0000025f87cee22c: ;   {optimized virtual_call}
  0x0000025f87cee22c: c5f8 77e8 

  0x0000025f87cee230: ; ImmutableOopMap {rbp=Oop [40]=Oop [48]=NarrowOop [56]=Oop [68]=NarrowOop [72]=Oop [80]=Oop [88]=Oop [96]=Oop [104]=Oop [120]=Oop }
                      ;*invokevirtual charAt {reexecute=0 rethrow=0 return_oop=0}
                      ; - java.io.WinNTFileSystem::normalizePrefix@96
                      ; - java.io.WinNTFileSystem::normalize@38
                      ; - java.io.WinNTFileSystem::normalize@111
                      ; - java.io.File::<init>@73
                      ; - jdk.internal.loader.URLClassPath$FileLoader::getResource@73
                      ; - jdk.internal.loader.URLClassPath::getResource@53
                      ; - java.net.URLClassLoader$1::run@26
                      ; - java.net.URLClassLoader$1::run@1
  0x0000025f87cee230: 4c0c 89ff 

  0x0000025f87cee234: ;   {other}
  0x0000025f87cee234: 0f1f 8400 | 2438 0035 

  0x0000025f87cee23c: ;   {oop(a 'java/io/WinNTFileSystem'{0x00000000a05956c8})}
  0x0000025f87cee23c: 48ba c856 | 59a0 0000 | 0000 448b | c066 6690 

  0x0000025f87cee24c: ;   {optimized virtual_call}
  0x0000025f87cee24c: c5f8 77e8 

  0x0000025f87cee250: ; ImmutableOopMap {rbp=Oop [40]=Oop [48]=NarrowOop [56]=Oop [68]=NarrowOop [72]=Oop [80]=Oop [88]=Oop [96]=Oop [104]=Oop [120]=Oop }
                      ;*invokevirtual isSlash {reexecute=0 rethrow=0 return_oop=0}
                      ; - java.io.WinNTFileSystem::normalizePrefix@99
                      ; - java.io.WinNTFileSystem::normalize@38
                      ; - java.io.WinNTFileSystem::normalize@111
                      ; - java.io.File::<init>@73
                      ; - jdk.internal.loader.URLClassPath$FileLoader::getResource@73
                      ; - jdk.internal.loader.URLClassPath::getResource@53
                      ; - java.net.URLClassLoader$1::run@26
                      ; - java.net.URLClassLoader$1::run@1
  0x0000025f87cee250: 2c0c 89ff 

  0x0000025f87cee254: ;   {other}
  0x0000025f87cee254: 0f1f 8400 | 4438 0036 | 85c0 0f84 | 9c1b 0000 | 488b 5424 | 6841 b801 | 0000 0090 

  0x0000025f87cee270: ;   {optimized virtual_call}
  0x0000025f87cee270: c5f8 77e8 

  0x0000025f87cee274: ; ImmutableOopMap {rbp=Oop [40]=Oop [48]=NarrowOop [56]=Oop [68]=NarrowOop [72]=Oop [80]=Oop [88]=Oop [96]=Oop [104]=Oop [120]=Oop }
                      ;*invokevirtual charAt {reexecute=0 rethrow=0 return_oop=0}
                      ; - java.io.WinNTFileSystem::normalizePrefix@108
                      ; - java.io.WinNTFileSystem::normalize@38
                      ; - java.io.WinNTFileSystem::normalize@111
                      ; - java.io.File::<init>@73
                      ; - jdk.internal.loader.URLClassPath$FileLoader::getResource@73
                      ; - jdk.internal.loader.URLClassPath::getResource@53
                      ; - java.net.URLClassLoader$1::run@26
                      ; - java.net.URLClassLoader$1::run@1
  0x0000025f87cee274: 080c 89ff 

  0x0000025f87cee278: ;   {other}
  0x0000025f87cee278: 0f1f 8400 | 6838 0037 

  0x0000025f87cee280: ;   {oop(a 'java/io/WinNTFileSystem'{0x00000000a05956c8})}
  0x0000025f87cee280: 48ba c856 | 59a0 0000 | 0000 448b | c066 6690 

  0x0000025f87cee290: ;   {optimized virtual_call}
  0x0000025f87cee290: c5f8 77e8 

  0x0000025f87cee294: ; ImmutableOopMap {rbp=Oop [40]=Oop [48]=NarrowOop [56]=Oop [68]=NarrowOop [72]=Oop [80]=Oop [88]=Oop [96]=Oop [104]=Oop [120]=Oop }
                      ;*invokevirtual isSlash {reexecute=0 rethrow=0 return_oop=0}
                      ; - java.io.WinNTFileSystem::normalizePrefix@111
                      ; - java.io.WinNTFileSystem::normalize@38
                      ; - java.io.WinNTFileSystem::normalize@111
                      ; - java.io.File::<init>@73
                      ; - jdk.internal.loader.URLClassPath$FileLoader::getResource@73
                      ; - jdk.internal.loader.URLClassPath::getResource@53
                      ; - java.net.URLClassLoader$1::run@26
                      ; - java.net.URLClassLoader$1::run@1
  0x0000025f87cee294: e80b 89ff 

  0x0000025f87cee298: ;   {other}
  0x0000025f87cee298: 0f1f 8400 | 8838 0038 | 85c0 0f84 | 881b 0000 

  0x0000025f87cee2a8: ;   {oop(a 'java/io/WinNTFileSystem'{0x00000000a05956c8})}
  0x0000025f87cee2a8: 49ba c856 | 59a0 0000 | 0000 450f | b742 0c48 | 8b54 2478 

  0x0000025f87cee2bc: ;   {optimized virtual_call}
  0x0000025f87cee2bc: c5f8 77e8 

  0x0000025f87cee2c0: ; ImmutableOopMap {rbp=Oop [40]=Oop [48]=NarrowOop [56]=Oop [68]=NarrowOop [72]=Oop [80]=Oop [88]=Oop [96]=Oop [104]=Oop [120]=Oop }
                      ;*invokevirtual append {reexecute=0 rethrow=0 return_oop=1}
                      ; - java.io.WinNTFileSystem::normalizePrefix@125
                      ; - java.io.WinNTFileSystem::normalize@38
                      ; - java.io.WinNTFileSystem::normalize@111
                      ; - java.io.File::<init>@73
                      ; - jdk.internal.loader.URLClassPath$FileLoader::getResource@73
                      ; - jdk.internal.loader.URLClassPath::getResource@53
                      ; - java.net.URLClassLoader$1::run@26
                      ; - java.net.URLClassLoader$1::run@1
  0x0000025f87cee2c0: bc0b 89ff 

  0x0000025f87cee2c4: ;   {other}
  0x0000025f87cee2c4: 0f1f 8400 | b438 0039 | 41bb 0100 | 0000 eb03 | 4533 db44 | 3b5c 2474 | 0f8d a8f7 | ffff 4489 
  0x0000025f87cee2e4: 9c24 8400 | 0000 eb3b | 0f1f 4000 | 488b 5424 | 7848 8b6c | 2428 6690 

  0x0000025f87cee2fc: ;   {optimized virtual_call}
  0x0000025f87cee2fc: c5f8 77e8 

  0x0000025f87cee300: ; ImmutableOopMap {rbp=Oop [40]=Oop [48]=NarrowOop [56]=Oop [68]=NarrowOop [72]=Oop [80]=Oop [88]=Oop [96]=Oop [104]=Oop [120]=Oop }
                      ;*invokespecial append {reexecute=0 rethrow=0 return_oop=1}
                      ; - java.lang.StringBuilder::append@2
                      ; - java.io.WinNTFileSystem::normalize@211
                      ; - java.io.WinNTFileSystem::normalize@111
                      ; - java.io.File::<init>@73
                      ; - jdk.internal.loader.URLClassPath$FileLoader::getResource@73
                      ; - jdk.internal.loader.URLClassPath::getResource@53
                      ; - java.net.URLClassLoader$1::run@26
                      ; - java.net.URLClassLoader$1::run@1
  0x0000025f87cee300: 7c0b 89ff 

  0x0000025f87cee304: ;   {other}
  0x0000025f87cee304: 0f1f 8400 | f438 003a | 448b 9c24 | 8000 0000 | 443b 5c24 | 740f 8d6b | f7ff ff44 | 899c 2484 
  0x0000025f87cee324: 0000 004c | 8b54 2468 | 458b 5214 | 458b c244 | 8b94 2484 | 0000 0041 | ffc2 4489 | 9424 8000 
  0x0000025f87cee344: 0000 4c8b | 5424 6841 | 807a 1000 | 0f85 b729 | 0000 458b | 580c 458b | cb44 8b94 | 2484 0000 
  0x0000025f87cee364: 0045 3bd3 | 0f83 d22e | 0000 8bac | 2484 0000 | 0041 3beb | 0f83 4a2f | 0000 450f | b644 2810 
  0x0000025f87cee384: 4183 f85c | 740a 4183 | f82f 0f85 | 5cff ffff | 448b 9c24 | 8000 0000 | 443b 5c24 | 747d 574c 
  0x0000025f87cee3a4: 8b54 2468 | 450f be52 | 104c 8b5c | 2468 458b | 5b14 458b | cb45 85d2 | 0f85 8235 | 0000 418b 
  0x0000025f87cee3c4: 6b0c 448b | 9c24 8000 | 0000 443b | dd0f 83f1 | 3800 004c | 6394 2484 | 0000 0045 | 8bd9 430f 
  0x0000025f87cee3e4: b644 1311 | 83f8 5c0f | 846c 3800 | 0083 f82f | 0f84 6338 | 0000 448b | 9424 8000 

  0x0000025f87cee400: ;   {no_reloc}
  0x0000025f87cee400: 0000 443b | 5424 740f | 8457 f6ff | ff48 8b54 | 2478 448b | 4424 7048 | 8b6c 2428 

  0x0000025f87cee41c: ;   {optimized virtual_call}
  0x0000025f87cee41c: c5f8 77e8 

  0x0000025f87cee420: ; ImmutableOopMap {rbp=Oop [40]=Oop [48]=NarrowOop [56]=Oop [68]=NarrowOop [72]=Oop [80]=Oop [88]=Oop [96]=Oop [104]=Oop [120]=Oop }
                      ;*invokespecial append {reexecute=0 rethrow=0 return_oop=1}
                      ; - java.lang.StringBuilder::append@2
                      ; - java.io.WinNTFileSystem::normalize@200
                      ; - java.io.WinNTFileSystem::normalize@111
                      ; - java.io.File::<init>@73
                      ; - jdk.internal.loader.URLClassPath$FileLoader::getResource@73
                      ; - jdk.internal.loader.URLClassPath::getResource@53
                      ; - java.net.URLClassLoader$1::run@26
                      ; - java.net.URLClassLoader$1::run@1
  0x0000025f87cee420: 5c0a 89ff 

  0x0000025f87cee424: ;   {other}
  0x0000025f87cee424: 0f1f 8400 | 143a 003b | e9db feff | ff4c 895c | 2450 e94d | dfff ff48 | 8b54 2420 | 4c8b 8424 
  0x0000025f87cee444: a800 0000 | 4533 c933 | ff33 f633 | c945 33d2 | 4c89 1424 | 4c89 5424 | 084c 8954 | 2410 6690 
  0x0000025f87cee464: ;   {optimized virtual_call}
  0x0000025f87cee464: c5f8 77e8 

  0x0000025f87cee468: ; ImmutableOopMap {[40]=Oop [48]=Oop [60]=NarrowOop [72]=Oop [80]=Oop [88]=Oop [100]=NarrowOop [112]=NarrowOop [168]=Oop }
                      ;*invokevirtual definePackage {reexecute=0 rethrow=0 return_oop=1}
                      ; - java.net.URLClassLoader::defineClass@81
                      ; - java.net.URLClassLoader$1::run@43
                      ; - java.net.URLClassLoader$1::run@1
  0x0000025f87cee468: 140a 89ff 

  0x0000025f87cee46c: ;   {other}
  0x0000025f87cee46c: 0f1f 8400 | 5c3a 003c | e947 e1ff | ff4c 8bd0 | 498b da45 | 8b52 084d | 33db 4f8d | 1cd3 4d8b 
  0x0000025f87cee48c: ;   {metadata('java/lang/Exception')}
  0x0000025f87cee48c: 5340 49bb | 303e 0400 | 0100 0000 | 4d3b d30f | 85a9 2c00 | 0033 c04c | 8b44 2448 | e9d0 d7ff 
  0x0000025f87cee4ac: ff49 8b87 | b801 0000 | 4c8b d049 | 83c2 204d | 3b97 c801 | 0000 0f83 | f030 0000 | 4d89 97b8 
  0x0000025f87cee4cc: 0100 0041 | 0f0d 8ac0 | 0000 0048 | c700 0100 | 0000 4c8b | d049 83c2 

  0x0000025f87cee4e4: ;   {metadata('java/io/File')}
  0x0000025f87cee4e4: 10c7 4008 | 6846 0020 | 4489 600c | c5fd efc0 | 62d1 fe08 | 7f02 4c8b | d04c 8954 | 2460 488b 
  0x0000025f87cee504: 5424 4841 | b82f 0000 | 0041 b95c | 0000 0090 

  0x0000025f87cee514: ;   {optimized virtual_call}
  0x0000025f87cee514: c5f8 77e8 

  0x0000025f87cee518: ; ImmutableOopMap {rbp=Oop [40]=Oop [48]=NarrowOop [56]=Oop [68]=NarrowOop [72]=Oop [80]=Oop [88]=Oop [96]=Oop }
                      ;*invokevirtual replace {reexecute=0 rethrow=0 return_oop=1}
                      ; - jdk.internal.loader.URLClassPath$FileLoader::getResource@115
                      ; - jdk.internal.loader.URLClassPath::getResource@53
                      ; - java.net.URLClassLoader$1::run@26
                      ; - java.net.URLClassLoader$1::run@1
  0x0000025f87cee518: 64cd eaff 

  0x0000025f87cee51c: ;   {other}
  0x0000025f87cee51c: 0f1f 8400 | 0c3b 003d | 4889 4424 | 6841 807f | 4000 0f85 | 8526 0000 | 4c8b 5424 | 6045 8962 
  0x0000025f87cee53c: 144c 8b54 | 2468 458b | 5214 448b | 4424 4445 | 8b40 1044 | 8944 2444 

  0x0000025f87cee554: ; implicit exception: dispatches to 0x0000025f87cf31c5
  0x0000025f87cee554: 458b 4014 

  0x0000025f87cee558: ; implicit exception: dispatches to 0x0000025f87cf31f8
  0x0000025f87cee558: 458b 580c | 4585 db0f | 86cb 3d00 | 0045 8b52 | 0c4c 8b5c | 2468 450f 

  0x0000025f87cee570: ;   {oop(a 'java/io/WinNTFileSystem'{0x00000000a05956c8})}
  0x0000025f87cee570: be43 1049 | bbc8 5659 | a000 0000 | 0045 0fb7 | 5b0c 4489 | 5c24 70c4 | 423a f7da | 4489 5c24 
  0x0000025f87cee590: 7445 85db | 0f8e 121c 

  0x0000025f87cee598: ;   {oop(a 'java/io/WinNTFileSystem'{0x00000000a05956c8})}
  0x0000025f87cee598: 0000 49ba | c856 59a0 | 0000 0000 | 450f b752 | 0e44 8954 | 2478 41ba | 0300 0000 | 4533 c045 
  0x0000025f87cee5b8: 33c9 4489 | 9424 b000 | 0000 4489 | 8424 9800 | 0000 4489 | 8c24 9c00 | 0000 eb30 | 4183 fb3a 
  0x0000025f87cee5d8: 0f84 6005 | 0000 448b | 9424 9800 | 0000 41ff | c244 8994 | 2498 0000 | 0044 3b54 | 2474 0f8d 
  0x0000025f87cee5f8: bd01 0000 | 4489 9c24 | 9c00 0000 | 4c8b 5424 | 6845 8b5a | 1445 8bc3 | 4180 7a10 | 000f 852a 
  0x0000025f87cee618: 2f00 0041 | 8b6b 0c44 | 8b9c 2498 | 0000 0044 | 3bdd 0f83 | f833 0000 | 458b d047 | 0fb6 541a 
  0x0000025f87cee638: 1045 8bda | 443b 5c24 | 780f 8401 | 1b00 0044 | 3b5c 2470 | 7586 448b | 8424 9c00 | 0000 443b 
  0x0000025f87cee658: 4424 700f | 8573 ffff | ffba 45ff | ffff 488b | 6c24 2844 | 8b44 2430 | 4489 4424 | 2044 8b54 
  0x0000025f87cee678: 2440 4489 | 5424 244c | 8b54 2448 | 4c89 5424 | 304c 8b54 | 2450 4c89 | 5424 384c | 8b54 2458 
  0x0000025f87cee698: ;   {no_reloc}
  0x0000025f87cee698: 4c89 5424 | 484c 8b54 | 2460 4c89 | 5424 5844 | 8b54 2444 | 4489 5424 | 4044 8b44 | 2474 4489 
  0x0000025f87cee6b8: 4424 4444 | 8b54 2478 | 4489 5424 | 7444 895c | 247c 6690 

  0x0000025f87cee6cc: ;   {runtime_call UncommonTrapBlob}
  0x0000025f87cee6cc: c5f8 77e8 

  0x0000025f87cee6d0: ; ImmutableOopMap {rbp=Oop [32]=NarrowOop [48]=Oop [56]=Oop [64]=NarrowOop [72]=Oop [88]=Oop [96]=Oop [104]=Oop }
                      ;*if_icmpne {reexecute=1 rethrow=0 return_oop=0}
                      ; - (reexecute) java.io.WinNTFileSystem::normalize@74
                      ; - java.io.File::<init>@73
                      ; - jdk.internal.loader.URLClassPath$FileLoader::getResource@118
                      ; - jdk.internal.loader.URLClassPath::getResource@53
                      ; - java.net.URLClassLoader$1::run@26
                      ; - java.net.URLClassLoader$1::run@1
  0x0000025f87cee6d0: 2c96 89ff 

  0x0000025f87cee6d4: ;   {other}
  0x0000025f87cee6d4: 0f1f 8400 | c43c 003e | 4c89 5c24 | 5044 8954 | 2440 498b 

  0x0000025f87cee6e8: ;   {metadata('jdk/internal/loader/URLClassPath$JarLoader$1')}
  0x0000025f87cee6e8: e948 ba78 | 3808 0001 | 0000 0090 

  0x0000025f87cee6f4: ;   {runtime_call _new_instance_Java}
  0x0000025f87cee6f4: c5f8 77e8 

  0x0000025f87cee6f8: ; ImmutableOopMap {[40]=Oop [48]=NarrowOop [56]=Oop [72]=Oop [80]=Oop }
                      ;*new {reexecute=0 rethrow=0 return_oop=1}
                      ; - jdk.internal.loader.URLClassPath$JarLoader::ensureOpen@7
                      ; - jdk.internal.loader.URLClassPath$JarLoader::getResource@1
                      ; - jdk.internal.loader.URLClassPath::getResource@53
                      ; - java.net.URLClassLoader$1::run@26
                      ; - java.net.URLClassLoader$1::run@1
  0x0000025f87cee6f8: 04fe 8cff 

  0x0000025f87cee6fc: ;   {other}
  0x0000025f87cee6fc: 0f1f 8400 | ec3c 003f | 4c8b cd44 | 8b54 2440 | 4c8b 5c24 | 50e9 04d6 | ffff 897c | 243c 4889 
  0x0000025f87cee71c: 7424 4044 | 894c 2438 | 4489 4424 | 3489 4c24 | 304c 8954 | 2428 4c89 | 5c24 2049 

  0x0000025f87cee738: ;   {metadata({type array byte})}
  0x0000025f87cee738: 8bee 48ba | c80a 0400 | 0100 0000 | 448b c748 | 8944 2448 

  0x0000025f87cee74c: ;   {runtime_call _new_array_Java}
  0x0000025f87cee74c: c5f8 77e8 

  0x0000025f87cee750: ; ImmutableOopMap {rbp=Oop [32]=Oop [40]=Oop }
                      ;*invokevirtual allocateUninitializedArray0 {reexecute=0 rethrow=0 return_oop=1}
                      ; - jdk.internal.misc.Unsafe::allocateUninitializedArray@51
                      ; - java.lang.StringConcatHelper::newArray@33
                      ; - java.lang.StringConcatHelper::simpleConcat@61
                      ; - java.lang.String::concat@11
                      ; - java.net.URLClassLoader$1::run@13
                      ; - java.net.URLClassLoader$1::run@1
  0x0000025f87cee750: 2c46 8dff 

  0x0000025f87cee754: ;   {other}
  0x0000025f87cee754: 0f1f 8400 | 443d 0040 | 4c8b f54c | 8b5c 2420 | 4c8b 5424 | 288b 4c24 | 3044 8b44 | 2434 448b 
  0x0000025f87cee774: 4c24 3848 | 8b74 2440 | 8b7c 243c | 488b d8e9 | f7d2 ffff | 4889 5c24 | 2049 8bee 

  0x0000025f87cee790: ;   {metadata('java/lang/String')}
  0x0000025f87cee790: 48ba 9020 | 0400 0100 | 0000 6690 

  0x0000025f87cee79c: ;   {runtime_call _new_instance_Java}
  0x0000025f87cee79c: c5f8 77e8 

  0x0000025f87cee7a0: ; ImmutableOopMap {rbp=Oop [32]=Oop }
                      ;*new {reexecute=0 rethrow=0 return_oop=1}
                      ; - java.lang.StringConcatHelper::newString@6
                      ; - java.lang.StringConcatHelper::simpleConcat@90
                      ; - java.lang.String::concat@11
                      ; - java.net.URLClassLoader$1::run@13
                      ; - java.net.URLClassLoader$1::run@1
  0x0000025f87cee7a0: 5cfd 8cff 

  0x0000025f87cee7a4: ;   {other}
  0x0000025f87cee7a4: 0f1f 8400 | 943d 0041 | 4c8b f548 | 8b5c 2420 | e984 d3ff | ff45 8bc3 | 443b 4424 | 700f 848d 
  0x0000025f87cee7c4: 1c00 004c | 8b4c 2468 | e996 0000 | 004c 8b54 | 2478 458b | 5a0c 4183 | fb02 0f84 | 5425 0000 
  0x0000025f87cee7e4: 4585 db0f | 8494 2500 | 0041 83fb | 010f 8466 | 2900 0049 | 8b87 b801 | 0000 4c8b | d049 83c2 
  0x0000025f87cee804: 184d 3b97 | c801 0000 | 0f83 2734 | 0000 4d89 | 97b8 0100 | 0041 0f0d | 8ac0 0000 | 0048 c700 
  0x0000025f87cee824: 0100 0000 | 4c8b d049 

  0x0000025f87cee82c: ;   {metadata('java/lang/String')}
  0x0000025f87cee82c: 83c2 10c7 | 4008 1284 | 0020 4489 | 600c c5fd | efc0 c4c1 | 79d6 024c | 8bd0 498b | ea49 8bd2 
  0x0000025f87cee84c: 4c8b 4424 | 7866 6690 

  0x0000025f87cee854: ;   {optimized virtual_call}
  0x0000025f87cee854: c5f8 77e8 

  0x0000025f87cee858: ; ImmutableOopMap {rbp=Oop [40]=Oop [48]=NarrowOop [56]=Oop [68]=NarrowOop [72]=Oop [80]=Oop [88]=Oop [96]=Oop }
                      ;*invokespecial <init> {reexecute=0 rethrow=0 return_oop=0}
                      ; - java.lang.StringBuilder::toString@5
                      ; - java.io.WinNTFileSystem::normalize@220
                      ; - java.io.WinNTFileSystem::normalize@111
                      ; - java.io.File::<init>@73
                      ; - jdk.internal.loader.URLClassPath$FileLoader::getResource@118
                      ; - jdk.internal.loader.URLClassPath::getResource@53
                      ; - java.net.URLClassLoader$1::run@26
                      ; - java.net.URLClassLoader$1::run@1
  0x0000025f87cee858: 2406 89ff 

  0x0000025f87cee85c: ;   {other}
  0x0000025f87cee85c: 0f1f 8400 | 4c3e 0042 | 4c8b cd44 | 8b5c 2444 

  0x0000025f87cee86c: ;   {oop(a 'java/io/WinNTFileSystem'{0x00000000a05956c8})}
  0x0000025f87cee86c: 4d8b c348 | bac8 5659 | a000 0000 | 0048 8b6c | 2428 6690 

  0x0000025f87cee880: ;   {optimized virtual_call}
  0x0000025f87cee880: c5f8 77e8 

  0x0000025f87cee884: ; ImmutableOopMap {rbp=Oop [40]=Oop [48]=NarrowOop [56]=Oop [72]=Oop [80]=Oop [88]=Oop [96]=Oop }
                      ;*invokevirtual resolve {reexecute=0 rethrow=0 return_oop=1}
                      ; - java.io.File::<init>@76
                      ; - jdk.internal.loader.URLClassPath$FileLoader::getResource@118
                      ; - jdk.internal.loader.URLClassPath::getResource@53
                      ; - java.net.URLClassLoader$1::run@26
                      ; - java.net.URLClassLoader$1::run@1
  0x0000025f87cee884: f805 89ff 

  0x0000025f87cee888: ;   {other}
  0x0000025f87cee888: 0f1f 8400 | 783e 0043 | 4889 4424 | 6841 807f | 4000 0f85 | 9423 0000 | 4c8b 5424 | 684d 8bda 
  0x0000025f87cee8a8: 4c8b 5424 | 6045 895a | 104c 8b5c | 2468 4d33 | da49 c1eb | 144d 85db | 0f84 2b23 | 0000 4c8b 
  0x0000025f87cee8c8: 5c24 684d | 85db 0f84 | 2b23 0000 | 49c1 ea09 | 48b9 0000 | e6f9 5f02 | 0000 4903 | ca80 3902 
  0x0000025f87cee8e8: 0f85 7e23 | 0000 4c8b | 5424 6845 | 8b5a 1445 | 8b53 0c4c | 8b44 2468 | 450f be40 | 10c4 c23a 
  0x0000025f87cee908: f7ca 894c | 2444 85c9 | 0f84 a63c 

  0x0000025f87cee914: ;   {oop(a 'java/io/WinNTFileSystem'{0x00000000a05956c8})}
  0x0000025f87cee914: 0000 49b9 | c856 59a0 | 0000 0000 | 450f b749 | 0c44 894c | 2470 4585 | c00f 852d | 3800 0045 
  0x0000025f87cee934: 85d2 0f86 | 583a 0000 | 450f b65b | 1044 895c | 2474 448b | 5424 4441 | 83fa 010f | 8e97 2b00 
  0x0000025f87cee954: 004c 8b54 | 2468 458b | 5a14 4180 | 7a10 000f | 8518 3800 | 0041 8b6b | 0c83 fd01 | 0f86 863a 
  0x0000025f87cee974: 0000 450f | b653 1145 | 8bda 448b | 5424 7444 | 3b54 2470 | 0f84 823c | 0000 4183 | c29f 4183 
  0x0000025f87cee994: fa1a 727c | 448b 4424 | 7441 83f8 | 410f 8c91 | 2800 0041 | 83f8 5a7e | 67ba 45ff | ffff 488b 
  0x0000025f87cee9b4: 6c24 2844 | 8b44 2430 | 4489 4424 | 2044 8b54 | 2440 4489 | 5424 244c | 8b54 2448 | 4c89 5424 
  0x0000025f87cee9d4: 304c 8b54 | 2450 4c89 | 5424 384c | 8b54 2458 | 4c89 5424 | 484c 8b54 | 2460 4c89 | 5424 584c 
  0x0000025f87cee9f4: 8b54 2468 | 4c89 5424 | 6044 895c | 2468 6690 

  0x0000025f87ceea04: ;   {runtime_call UncommonTrapBlob}
  0x0000025f87ceea04: c5f8 77e8 

  0x0000025f87ceea08: ; ImmutableOopMap {rbp=Oop [32]=NarrowOop [48]=Oop [56]=Oop [72]=Oop [88]=Oop [96]=Oop }
                      ;*if_icmpgt {reexecute=1 rethrow=0 return_oop=0}
                      ; - (reexecute) java.io.WinNTFileSystem::isLetter@21
                      ; - java.io.WinNTFileSystem::prefixLength@58
                      ; - java.io.File::<init>@104
                      ; - jdk.internal.loader.URLClassPath$FileLoader::getResource@118
                      ; - jdk.internal.loader.URLClassPath::getResource@53
                      ; - java.net.URLClassLoader$1::run@26
                      ; - java.net.URLClassLoader$1::run@1
  0x0000025f87ceea08: f492 89ff 

  0x0000025f87ceea0c: ;   {other}
  0x0000025f87ceea0c: 0f1f 8400 | fc3f 0044 | 4183 fb3a | 0f85 1a28 | 0000 448b | 5424 4441 | 83fa 020f | 8edb 3a00 
  0x0000025f87ceea2c: 004c 8b54 | 2468 450f | be5a 1045 | 8b52 1445 | 8bc2 4585 | db0f 855d | 3700 0041 | 8b6a 0c83 
  0x0000025f87ceea4c: fd02 0f86 | 143a 0000 | 450f b65a | 1245 8bd3 | 458b da44 | 3b54 2470 | 0f85 f63a | 0000 448b 
  0x0000025f87ceea6c: 8424 b000 | 0000 4c8b | 5424 6045 | 8942 0c4c | 8954 2468 | e9dd f2ff 

  0x0000025f87ceea84: ;   {oop(""{0x00000000a059cdc0})}
  0x0000025f87ceea84: ff48 bbc0 | cd59 a000 | 0000 00e9 | b6d6 ffff | 4889 7424 | 4889 5424 | 4044 8944 | 2434 4c89 
  0x0000025f87ceeaa4: 6c24 3889 | 7c24 3089 | 4c24 2c89 | 5c24 284c | 8974 2420 

  0x0000025f87ceeab8: ;   {metadata({type array byte})}
  0x0000025f87ceeab8: 48ba c80a | 0400 0100 | 0000 448b | c766 6690 

  0x0000025f87ceeac8: ;   {runtime_call _new_array_Java}
  0x0000025f87ceeac8: c5f8 77e8 

  0x0000025f87ceeacc: ; ImmutableOopMap {[32]=Oop [40]=NarrowOop [44]=NarrowOop [56]=Oop [72]=Oop }
                      ;*invokevirtual allocateUninitializedArray0 {reexecute=0 rethrow=0 return_oop=1}
                      ; - jdk.internal.misc.Unsafe::allocateUninitializedArray@51
                      ; - java.lang.StringConcatHelper::newArray@33
                      ; - java.lang.StringLatin1::replace@49
                      ; - java.lang.String::replace@18
                      ; - java.net.URLClassLoader$1::run@8
                      ; - java.net.URLClassLoader$1::run@1
  0x0000025f87ceeacc: b042 8dff 

  0x0000025f87ceead0: ;   {other}
  0x0000025f87ceead0: 0f1f 8400 | c040 0045 | 4c8b 7424 | 208b 5c24 | 288b 4c24 | 2c8b 7c24 | 304c 8b6c | 2438 448b 
  0x0000025f87ceeaf0: 4424 348b | 5424 4048 | 8b74 2448 | 4c8b d8e9 | f6cb ffff | 4c89 5c24 | 284c 8974 

  0x0000025f87ceeb0c: ;   {metadata('java/lang/String')}
  0x0000025f87ceeb0c: 2420 48ba | 9020 0400 | 0100 0000 | 498b ed90 

  0x0000025f87ceeb1c: ;   {runtime_call _new_instance_Java}
  0x0000025f87ceeb1c: c5f8 77e8 

  0x0000025f87ceeb20: ; ImmutableOopMap {rbp=Oop [32]=Oop [40]=Oop }
                      ;*new {reexecute=0 rethrow=0 return_oop=1}
                      ; - java.lang.StringLatin1::replace@116
                      ; - java.lang.String::replace@18
                      ; - java.net.URLClassLoader$1::run@8
                      ; - java.net.URLClassLoader$1::run@1
  0x0000025f87ceeb20: dcf9 8cff 

  0x0000025f87ceeb24: ;   {other}
  0x0000025f87ceeb24: 0f1f 8400 | 1441 0046 | 4c8b 7424 | 204c 8b5c | 2428 4c8b | d0e9 4dce | ffff 448b | 9c24 9800 
  0x0000025f87ceeb44: 0000 4183 | fb01 0f8e | 9c00 0000 | 448b 5424 | 7445 85d2 | 0f84 323b | 0000 498b | 87b8 0100 
  0x0000025f87ceeb64: ;   {oop(a 'java/io/WinNTFileSystem'{0x00000000a05956c8})}
  0x0000025f87ceeb64: 0049 bac8 | 5659 a000 | 0000 0045 | 0fb7 520c | 4489 5424 | 704c 8bd0 | 4983 c218 | 4d3b 97c8 
  0x0000025f87ceeb84: 0100 000f | 8387 3000 | 004d 8997 | b801 0000 | 410f 0d8a | c000 0000 | 48c7 0001 | 0000 004c 
  0x0000025f87ceeba4: 8bd0 4983 

  0x0000025f87ceeba8: ;   {metadata('java/lang/StringBuilder')}
  0x0000025f87ceeba8: c210 c740 | 0886 a600 | 2044 8960 | 0cc5 fdef | c0c4 c179 | d602 4c8b | d04c 8954 | 2478 498b 
  0x0000025f87ceebc8: d244 8b44 | 2474 488b | 6c24 2890 

  0x0000025f87ceebd4: ;   {optimized virtual_call}
  0x0000025f87ceebd4: c5f8 77e8 

  0x0000025f87ceebd8: ; ImmutableOopMap {rbp=Oop [40]=Oop [48]=NarrowOop [56]=Oop [68]=NarrowOop [72]=Oop [80]=Oop [88]=Oop [96]=Oop [104]=Oop [120]=Oop }
                      ;*invokespecial <init> {reexecute=0 rethrow=0 return_oop=0}
                      ; - java.lang.StringBuilder::<init>@2
                      ; - java.io.WinNTFileSystem::normalize@24
                      ; - java.io.WinNTFileSystem::normalize@111
                      ; - java.io.File::<init>@73
                      ; - jdk.internal.loader.URLClassPath$FileLoader::getResource@118
                      ; - jdk.internal.loader.URLClassPath::getResource@53
                      ; - java.net.URLClassLoader$1::run@26
                      ; - java.net.URLClassLoader$1::run@1
  0x0000025f87ceebd8: a402 89ff 

  0x0000025f87ceebdc: ;   {other}
  0x0000025f87ceebdc: 0f1f 8400 | cc41 0047 | 4533 d2e9 | 1702 0000 | 41bb 3a00 | 0000 e9e7 

  0x0000025f87ceebf4: ;   {metadata('java/security/CodeSource')}
  0x0000025f87ceebf4: f9ff ff48 | baf0 6005 | 0001 0000 | 0066 6690 

  0x0000025f87ceec04: ;   {runtime_call _new_instance_Java}
  0x0000025f87ceec04: c5f8 77e8 

  0x0000025f87ceec08: ; ImmutableOopMap {[32]=Oop [40]=Oop [48]=Oop [56]=NarrowOop [72]=Oop [80]=Oop [100]=NarrowOop [112]=NarrowOop }
                      ;*new {reexecute=0 rethrow=0 return_oop=1}
                      ; - java.net.URLClassLoader::defineClass@190
                      ; - java.net.URLClassLoader$1::run@43
                      ; - java.net.URLClassLoader$1::run@1
  0x0000025f87ceec08: f4f8 8cff 

  0x0000025f87ceec0c: ;   {other}
  0x0000025f87ceec0c: 0f1f 8400 | fc41 0048 | e954 d8ff | ffba 66ff | ffff 488b | 6c24 2844 | 8b4c 2430 | 4489 4c24 
  0x0000025f87ceec2c: 2044 8954 | 2424 4c89 | 5c24 3044 | 8944 2440 

  0x0000025f87ceec3c: ;   {runtime_call UncommonTrapBlob}
  0x0000025f87ceec3c: c5f8 77e8 

  0x0000025f87ceec40: ; ImmutableOopMap {rbp=Oop [32]=NarrowOop [48]=Oop [64]=NarrowOop [72]=Oop }
                      ;*invokevirtual getEntry {reexecute=0 rethrow=0 return_oop=0}
                      ; - java.util.jar.JarFile::getJarEntry@2
                      ; - jdk.internal.loader.URLClassPath$JarLoader::getResource@22
                      ; - jdk.internal.loader.URLClassPath::getResource@53
                      ; - java.net.URLClassLoader$1::run@26
                      ; - java.net.URLClassLoader$1::run@1
  0x0000025f87ceec40: bc90 89ff 

  0x0000025f87ceec44: ;   {other}
  0x0000025f87ceec44: 0f1f 8400 | 3442 0049 | 4c89 5c24 | 6844 8974 | 2460 8944 | 244c 4889 | 7c24 584c | 8944 2450 
  0x0000025f87ceec64: 4489 4c24 | 4844 8954 | 243c 448b | 5424 7044 | 8954 2438 | 8b6c 2464 | 4889 7424 

  0x0000025f87ceec80: ;   {metadata('java/lang/String')}
  0x0000025f87ceec80: 3048 ba90 | 2004 0001 | 0000 0090 

  0x0000025f87ceec8c: ;   {runtime_call _new_instance_Java}
  0x0000025f87ceec8c: c5f8 77e8 

  0x0000025f87ceec90: ; ImmutableOopMap {rbp=NarrowOop [40]=Oop [48]=Oop [56]=NarrowOop [60]=NarrowOop [80]=Oop [88]=Oop [96]=NarrowOop [100]=NarrowOop [104]=Oop }
                      ;*new {reexecute=0 rethrow=0 return_oop=1}
                      ; - java.lang.StringLatin1::newString@7
                      ; - java.lang.String::substring@41
                      ; - java.net.URLClassLoader::defineClass@28
                      ; - java.net.URLClassLoader$1::run@43
                      ; - java.net.URLClassLoader$1::run@1
  0x0000025f87ceec90: 6cf8 8cff 

  0x0000025f87ceec94: ;   {other}
  0x0000025f87ceec94: 0f1f 8400 | 8442 004a | 4c8b c048 | 8b74 2430 | 448b 5c24 | 3844 895c | 2470 448b | 5424 3c44 
  0x0000025f87ceecb4: 8b4c 2448 | 488b 7c24 | 588b 4424 | 4c44 8b74 | 2460 4c8b | 5c24 684c | 895c 2448 | 498b d8e9 
  0x0000025f87ceecd4: 7cd2 ffff | 458b 5810 | 4585 db0f | 8451 e8ff | ff4d 8b57 | 2849 8bcb | 4d85 d20f | 842a 2800 
  0x0000025f87ceecf4: 004d 8b5f | 384b 894c | 13f8 4983 | c2f8 4d89 | 5728 e92b | e8ff ff4c | 8b4c 2460 | 458b 5928 
  0x0000025f87ceed14: 4585 db0f | 846d e8ff | ff4d 8b57 | 2849 8bcb | 4d85 d20f | 84c7 2700 | 004d 8b5f | 384b 894c 
  0x0000025f87ceed34: 13f8 4983 | c2f8 4d89 | 5728 e947 | e8ff ff4d | 8b57 484d | 8b5f 58f0 | 8344 24c0 | 0080 3900 
  0x0000025f87ceed54: 0f84 1ae8 | ffff 4488 | 214d 85d2 | 7526 498b | d849 8bd7 | c5f8 7749 | baf0 2160 | bff9 7f00 
  0x0000025f87ceed74: 0041 ffd2 

  0x0000025f87ceed78: ;   {other}
  0x0000025f87ceed78: 0f1f 8400 | 0000 0000 | 4c8b c3e9 | ece7 ffff | 4b89 4c13 | f849 83c2 | f84d 8957 | 48e9 dae7 
  0x0000025f87ceed98: ffff 4d8b | 5748 4d8b | 5f58 f083 | 4424 c000 | 4180 3800 | 0f84 16e8 | ffff 4588 | 204d 85d2 
  0x0000025f87ceedb8: 7523 498b | c849 8bd7 | c5f8 7749 | baf0 2160 | bff9 7f00 | 0041 ffd2 

  0x0000025f87ceedd0: ;   {other}
  0x0000025f87ceedd0: 0f1f 8400 | 0000 0000 | e9eb e7ff | ff4f 8944 | 13f8 4983 | c2f8 4d89 | 5748 e9d9 | e7ff ff89 
  0x0000025f87ceedf0: ac24 a400 | 0000 eb5f | 0f1f 8400 | 0000 0000 | 458b d341 | 8bea 488b | 5424 6845 | 8bc2 6690 
  0x0000025f87ceee10: ;   {optimized virtual_call}
  0x0000025f87ceee10: c5f8 77e8 

  0x0000025f87ceee14: ; ImmutableOopMap {[40]=Oop [48]=NarrowOop [56]=Oop [68]=NarrowOop [72]=Oop [80]=Oop [88]=Oop [96]=Oop [104]=Oop [120]=Oop }
                      ;*invokevirtual charAt {reexecute=0 rethrow=0 return_oop=0}
                      ; - java.io.WinNTFileSystem::normalizePrefix@13
                      ; - java.io.WinNTFileSystem::normalize@38
                      ; - java.io.WinNTFileSystem::normalize@111
                      ; - java.io.File::<init>@73
                      ; - jdk.internal.loader.URLClassPath$FileLoader::getResource@118
                      ; - jdk.internal.loader.URLClassPath::getResource@53
                      ; - java.net.URLClassLoader$1::run@26
                      ; - java.net.URLClassLoader$1::run@1
  0x0000025f87ceee14: 6800 89ff 

  0x0000025f87ceee18: ;   {other}
  0x0000025f87ceee18: 0f1f 8400 | 0844 004b 

  0x0000025f87ceee20: ;   {oop(a 'java/io/WinNTFileSystem'{0x00000000a05956c8})}
  0x0000025f87ceee20: 48ba c856 | 59a0 0000 | 0000 448b | c066 6690 

  0x0000025f87ceee30: ;   {optimized virtual_call}
  0x0000025f87ceee30: c5f8 77e8 

  0x0000025f87ceee34: ; ImmutableOopMap {[40]=Oop [48]=NarrowOop [56]=Oop [68]=NarrowOop [72]=Oop [80]=Oop [88]=Oop [96]=Oop [104]=Oop [120]=Oop }
                      ;*invokevirtual isSlash {reexecute=0 rethrow=0 return_oop=0}
                      ; - java.io.WinNTFileSystem::normalizePrefix@16
                      ; - java.io.WinNTFileSystem::normalize@38
                      ; - java.io.WinNTFileSystem::normalize@111
                      ; - java.io.File::<init>@73
                      ; - jdk.internal.loader.URLClassPath$FileLoader::getResource@118
                      ; - jdk.internal.loader.URLClassPath::getResource@53
                      ; - java.net.URLClassLoader$1::run@26
                      ; - java.net.URLClassLoader$1::run@1
  0x0000025f87ceee34: 4800 89ff 

  0x0000025f87ceee38: ;   {other}
  0x0000025f87ceee38: 0f1f 8400 | 2844 004c | 85c0 74ab | 448d 5d01 | 443b 5c24 | 747c b144 | 899c 24a4 | 0000 0044 
  0x0000025f87ceee58: 8b54 2474 | 442b 9424 | a400 0000 | 4183 fa02 | 0f8c ba00 | 0000 488b | 5424 6844 | 8b84 24a4 
  0x0000025f87ceee78: 0000 0048 | 8b6c 2428 

  0x0000025f87ceee80: ;   {optimized virtual_call}
  0x0000025f87ceee80: c5f8 77e8 

  0x0000025f87ceee84: ; ImmutableOopMap {rbp=Oop [40]=Oop [48]=NarrowOop [56]=Oop [68]=NarrowOop [72]=Oop [80]=Oop [88]=Oop [96]=Oop [104]=Oop [120]=Oop }
                      ;*invokevirtual charAt {reexecute=0 rethrow=0 return_oop=0}
                      ; - java.io.WinNTFileSystem::normalizePrefix@40
                      ; - java.io.WinNTFileSystem::normalize@38
                      ; - java.io.WinNTFileSystem::normalize@111
                      ; - java.io.File::<init>@73
                      ; - jdk.internal.loader.URLClassPath$FileLoader::getResource@118
                      ; - jdk.internal.loader.URLClassPath::getResource@53
                      ; - java.net.URLClassLoader$1::run@26
                      ; - java.net.URLClassLoader$1::run@1
  0x0000025f87ceee84: f8ff 88ff 

  0x0000025f87ceee88: ;   {other}
  0x0000025f87ceee88: 0f1f 8400 | 7844 004d 

  0x0000025f87ceee90: ;   {oop(a 'java/io/WinNTFileSystem'{0x00000000a05956c8})}
  0x0000025f87ceee90: 8be8 48ba | c856 59a0 | 0000 0000 | 448b c090 

  0x0000025f87ceeea0: ;   {optimized virtual_call}
  0x0000025f87ceeea0: c5f8 77e8 

  0x0000025f87ceeea4: ; ImmutableOopMap {[40]=Oop [48]=NarrowOop [56]=Oop [68]=NarrowOop [72]=Oop [80]=Oop [88]=Oop [96]=Oop [104]=Oop [120]=Oop }
                      ;*invokevirtual isLetter {reexecute=0 rethrow=0 return_oop=0}
                      ; - java.io.WinNTFileSystem::normalizePrefix@46
                      ; - java.io.WinNTFileSystem::normalize@38
                      ; - java.io.WinNTFileSystem::normalize@111
                      ; - java.io.File::<init>@73
                      ; - jdk.internal.loader.URLClassPath$FileLoader::getResource@118
                      ; - jdk.internal.loader.URLClassPath::getResource@53
                      ; - java.net.URLClassLoader$1::run@26
                      ; - java.net.URLClassLoader$1::run@1
  0x0000025f87ceeea4: d8ff 88ff 

  0x0000025f87ceeea8: ;   {other}
  0x0000025f87ceeea8: 0f1f 8400 | 9844 004e | 85c0 7474 | 448b 8424 | a400 0000 | 41ff c048 | 8b54 2468 

  0x0000025f87ceeec4: ;   {optimized virtual_call}
  0x0000025f87ceeec4: c5f8 77e8 

  0x0000025f87ceeec8: ; ImmutableOopMap {[40]=Oop [48]=NarrowOop [56]=Oop [68]=NarrowOop [72]=Oop [80]=Oop [88]=Oop [96]=Oop [104]=Oop [120]=Oop }
                      ;*invokevirtual charAt {reexecute=0 rethrow=0 return_oop=0}
                      ; - java.io.WinNTFileSystem::normalizePrefix@57
                      ; - java.io.WinNTFileSystem::normalize@38
                      ; - java.io.WinNTFileSystem::normalize@111
                      ; - java.io.File::<init>@73
                      ; - jdk.internal.loader.URLClassPath$FileLoader::getResource@118
                      ; - jdk.internal.loader.URLClassPath::getResource@53
                      ; - java.net.URLClassLoader$1::run@26
                      ; - java.net.URLClassLoader$1::run@1
  0x0000025f87ceeec8: b4ff 88ff 

  0x0000025f87ceeecc: ;   {other}
  0x0000025f87ceeecc: 0f1f 8400 | bc44 004f | 83f8 3a75 | 4f48 8b54 | 2478 448b | c548 8b6c | 2428 6690 

  0x0000025f87ceeee8: ;   {optimized virtual_call}
  0x0000025f87ceeee8: c5f8 77e8 

  0x0000025f87ceeeec: ; ImmutableOopMap {rbp=Oop [40]=Oop [48]=NarrowOop [56]=Oop [68]=NarrowOop [72]=Oop [80]=Oop [88]=Oop [96]=Oop [104]=Oop [120]=Oop }
                      ;*invokevirtual append {reexecute=0 rethrow=0 return_oop=1}
                      ; - java.io.WinNTFileSystem::normalizePrefix@68
                      ; - java.io.WinNTFileSystem::normalize@38
                      ; - java.io.WinNTFileSystem::normalize@111
                      ; - java.io.File::<init>@73
                      ; - jdk.internal.loader.URLClassPath$FileLoader::getResource@118
                      ; - jdk.internal.loader.URLClassPath::getResource@53
                      ; - java.net.URLClassLoader$1::run@26
                      ; - java.net.URLClassLoader$1::run@1
  0x0000025f87ceeeec: 90ff 88ff 

  0x0000025f87ceeef0: ;   {other}
  0x0000025f87ceeef0: 0f1f 8400 | e044 0050 | 488b 5424 | 7841 b83a | 0000 0090 

  0x0000025f87ceef04: ;   {optimized virtual_call}
  0x0000025f87ceef04: c5f8 77e8 

  0x0000025f87ceef08: ; ImmutableOopMap {rbp=Oop [40]=Oop [48]=NarrowOop [56]=Oop [68]=NarrowOop [72]=Oop [80]=Oop [88]=Oop [96]=Oop [104]=Oop [120]=Oop }
                      ;*invokevirtual append {reexecute=0 rethrow=0 return_oop=1}
                      ; - java.io.WinNTFileSystem::normalizePrefix@75
                      ; - java.io.WinNTFileSystem::normalize@38
                      ; - java.io.WinNTFileSystem::normalize@111
                      ; - java.io.File::<init>@73
                      ; - jdk.internal.loader.URLClassPath$FileLoader::getResource@118
                      ; - jdk.internal.loader.URLClassPath::getResource@53
                      ; - java.net.URLClassLoader$1::run@26
                      ; - java.net.URLClassLoader$1::run@1
  0x0000025f87ceef08: 74ff 88ff 

  0x0000025f87ceef0c: ;   {other}
  0x0000025f87ceef0c: 0f1f 8400 | fc44 0051 | 448b 9c24 | a400 0000 | 4183 c302 | 458b d3e9 | c700 0000 | 448b 5424 
  0x0000025f87ceef2c: 7441 83fa | 020f 8cb5 | 0000 0048 | 8b54 2468 | 4533 c048 | 8b6c 2428 

  0x0000025f87ceef44: ;   {optimized virtual_call}
  0x0000025f87ceef44: c5f8 77e8 

  0x0000025f87ceef48: ; ImmutableOopMap {rbp=Oop [40]=Oop [48]=NarrowOop [56]=Oop [68]=NarrowOop [72]=Oop [80]=Oop [88]=Oop [96]=Oop [104]=Oop [120]=Oop }
                      ;*invokevirtual charAt {reexecute=0 rethrow=0 return_oop=0}
                      ; - java.io.WinNTFileSystem::normalizePrefix@96
                      ; - java.io.WinNTFileSystem::normalize@38
                      ; - java.io.WinNTFileSystem::normalize@111
                      ; - java.io.File::<init>@73
                      ; - jdk.internal.loader.URLClassPath$FileLoader::getResource@118
                      ; - jdk.internal.loader.URLClassPath::getResource@53
                      ; - java.net.URLClassLoader$1::run@26
                      ; - java.net.URLClassLoader$1::run@1
  0x0000025f87ceef48: 34ff 88ff 

  0x0000025f87ceef4c: ;   {other}
  0x0000025f87ceef4c: 0f1f 8400 | 3c45 0052 

  0x0000025f87ceef54: ;   {oop(a 'java/io/WinNTFileSystem'{0x00000000a05956c8})}
  0x0000025f87ceef54: 48ba c856 | 59a0 0000 | 0000 448b | c066 6690 

  0x0000025f87ceef64: ;   {optimized virtual_call}
  0x0000025f87ceef64: c5f8 77e8 

  0x0000025f87ceef68: ; ImmutableOopMap {rbp=Oop [40]=Oop [48]=NarrowOop [56]=Oop [68]=NarrowOop [72]=Oop [80]=Oop [88]=Oop [96]=Oop [104]=Oop [120]=Oop }
                      ;*invokevirtual isSlash {reexecute=0 rethrow=0 return_oop=0}
                      ; - java.io.WinNTFileSystem::normalizePrefix@99
                      ; - java.io.WinNTFileSystem::normalize@38
                      ; - java.io.WinNTFileSystem::normalize@111
                      ; - java.io.File::<init>@73
                      ; - jdk.internal.loader.URLClassPath$FileLoader::getResource@118
                      ; - jdk.internal.loader.URLClassPath::getResource@53
                      ; - java.net.URLClassLoader$1::run@26
                      ; - java.net.URLClassLoader$1::run@1
  0x0000025f87ceef68: 14ff 88ff 

  0x0000025f87ceef6c: ;   {other}
  0x0000025f87ceef6c: 0f1f 8400 | 5c45 0053 | 85c0 0f84 | c312 0000 | 488b 5424 | 6841 b801 | 0000 0090 

  0x0000025f87ceef88: ;   {optimized virtual_call}
  0x0000025f87ceef88: c5f8 77e8 

  0x0000025f87ceef8c: ; ImmutableOopMap {rbp=Oop [40]=Oop [48]=NarrowOop [56]=Oop [68]=NarrowOop [72]=Oop [80]=Oop [88]=Oop [96]=Oop [104]=Oop [120]=Oop }
                      ;*invokevirtual charAt {reexecute=0 rethrow=0 return_oop=0}
                      ; - java.io.WinNTFileSystem::normalizePrefix@108
                      ; - java.io.WinNTFileSystem::normalize@38
                      ; - java.io.WinNTFileSystem::normalize@111
                      ; - java.io.File::<init>@73
                      ; - jdk.internal.loader.URLClassPath$FileLoader::getResource@118
                      ; - jdk.internal.loader.URLClassPath::getResource@53
                      ; - java.net.URLClassLoader$1::run@26
                      ; - java.net.URLClassLoader$1::run@1
  0x0000025f87ceef8c: f0fe 88ff 

  0x0000025f87ceef90: ;   {other}
  0x0000025f87ceef90: 0f1f 8400 | 8045 0054 

  0x0000025f87ceef98: ;   {oop(a 'java/io/WinNTFileSystem'{0x00000000a05956c8})}
  0x0000025f87ceef98: 48ba c856 | 59a0 0000 | 0000 448b | c066 6690 

  0x0000025f87ceefa8: ;   {optimized virtual_call}
  0x0000025f87ceefa8: c5f8 77e8 

  0x0000025f87ceefac: ; ImmutableOopMap {rbp=Oop [40]=Oop [48]=NarrowOop [56]=Oop [68]=NarrowOop [72]=Oop [80]=Oop [88]=Oop [96]=Oop [104]=Oop [120]=Oop }
                      ;*invokevirtual isSlash {reexecute=0 rethrow=0 return_oop=0}
                      ; - java.io.WinNTFileSystem::normalizePrefix@111
                      ; - java.io.WinNTFileSystem::normalize@38
                      ; - java.io.WinNTFileSystem::normalize@111
                      ; - java.io.File::<init>@73
                      ; - jdk.internal.loader.URLClassPath$FileLoader::getResource@118
                      ; - jdk.internal.loader.URLClassPath::getResource@53
                      ; - java.net.URLClassLoader$1::run@26
                      ; - java.net.URLClassLoader$1::run@1
  0x0000025f87ceefac: d0fe 88ff 

  0x0000025f87ceefb0: ;   {other}
  0x0000025f87ceefb0: 0f1f 8400 | a045 0055 | 85c0 0f84 | 8712 0000 

  0x0000025f87ceefc0: ;   {oop(a 'java/io/WinNTFileSystem'{0x00000000a05956c8})}
  0x0000025f87ceefc0: 49ba c856 | 59a0 0000 | 0000 450f | b742 0c48 | 8b54 2478 

  0x0000025f87ceefd4: ;   {optimized virtual_call}
  0x0000025f87ceefd4: c5f8 77e8 

  0x0000025f87ceefd8: ; ImmutableOopMap {rbp=Oop [40]=Oop [48]=NarrowOop [56]=Oop [68]=NarrowOop [72]=Oop [80]=Oop [88]=Oop [96]=Oop [104]=Oop [120]=Oop }
                      ;*invokevirtual append {reexecute=0 rethrow=0 return_oop=1}
                      ; - java.io.WinNTFileSystem::normalizePrefix@125
                      ; - java.io.WinNTFileSystem::normalize@38
                      ; - java.io.WinNTFileSystem::normalize@111
                      ; - java.io.File::<init>@73
                      ; - jdk.internal.loader.URLClassPath$FileLoader::getResource@118
                      ; - jdk.internal.loader.URLClassPath::getResource@53
                      ; - java.net.URLClassLoader$1::run@26
                      ; - java.net.URLClassLoader$1::run@1
  0x0000025f87ceefd8: a4fe 88ff 

  0x0000025f87ceefdc: ;   {other}
  0x0000025f87ceefdc: 0f1f 8400 | cc45 0056 | 41ba 0100 | 0000 eb03 | 4533 d244 | 3b54 2474 | 0f8d fdf7 | ffff 4489 
  0x0000025f87ceeffc: 9424 8400 | 0000 eb37 | 488b 5424 | 7848 8b6c | 2428 6690 

  0x0000025f87cef010: ;   {optimized virtual_call}
  0x0000025f87cef010: c5f8 77e8 

  0x0000025f87cef014: ; ImmutableOopMap {rbp=Oop [40]=Oop [48]=NarrowOop [56]=Oop [68]=NarrowOop [72]=Oop [80]=Oop [88]=Oop [96]=Oop [104]=Oop [120]=Oop }
                      ;*invokespecial append {reexecute=0 rethrow=0 return_oop=1}
                      ; - java.lang.StringBuilder::append@2
                      ; - java.io.WinNTFileSystem::normalize@211
                      ; - java.io.WinNTFileSystem::normalize@111
                      ; - java.io.File::<init>@73
                      ; - jdk.internal.loader.URLClassPath$FileLoader::getResource@118
                      ; - jdk.internal.loader.URLClassPath::getResource@53
                      ; - java.net.URLClassLoader$1::run@26
                      ; - java.net.URLClassLoader$1::run@1
  0x0000025f87cef014: 68fe 88ff 

  0x0000025f87cef018: ;   {other}
  0x0000025f87cef018: 0f1f 8400 | 0846 0057 | 448b 9c24 | 8000 0000 | 443b 5c24 | 740f 8dc4 | f7ff ff44 | 899c 2484 
  0x0000025f87cef038: 0000 004c | 8b54 2468 | 458b 5a14 | 458b c344 | 8b94 2484 | 0000 0041 | ffc2 4489 | 9424 8000 
  0x0000025f87cef058: 0000 4c8b | 5424 6841 | 807a 1000 | 0f85 1b28 | 0000 458b | d845 8b53 | 0c45 8bca | 448b 9424 
  0x0000025f87cef078: 8400 0000 | 453b d10f | 831b 2a00 | 008b ac24 | 8400 0000 | 413b e90f | 8393 2a00 | 0045 0fb6 
  0x0000025f87cef098: 442b 1041 | 83f8 5c74 | 0a41 83f8 | 2f0f 8559 | ffff ff44 | 8b9c 2480 | 0000 0044 | 3b5c 2474 
  0x0000025f87cef0b8: 7d51 4c8b | 5424 6845 | 0fbe 5210 | 4c8b 5c24 | 6845 8b43 | 1445 85d2 | 0f85 b62e | 0000 418b 
  0x0000025f87cef0d8: 680c 448b | 9c24 8000 | 0000 443b | dd0f 834d | 3100 004c | 6394 2484 | 0000 0043 | 0fb6 4410 
  0x0000025f87cef0f8: 1183 f85c | 0f84 ca30 | 0000 83f8 | 2f0f 84c1 | 3000 0044 | 8b94 2480 | 0000 0044 

  0x0000025f87cef114: ;   {no_reloc}
  0x0000025f87cef114: 3b54 2474 | 0f84 b3f6 | ffff 488b | 5424 7844 | 8b44 2470 | 488b 6c24 | 2866 6690 

  0x0000025f87cef130: ;   {optimized virtual_call}
  0x0000025f87cef130: c5f8 77e8 

  0x0000025f87cef134: ; ImmutableOopMap {rbp=Oop [40]=Oop [48]=NarrowOop [56]=Oop [68]=NarrowOop [72]=Oop [80]=Oop [88]=Oop [96]=Oop [104]=Oop [120]=Oop }
                      ;*invokespecial append {reexecute=0 rethrow=0 return_oop=1}
                      ; - java.lang.StringBuilder::append@2
                      ; - java.io.WinNTFileSystem::normalize@200
                      ; - java.io.WinNTFileSystem::normalize@111
                      ; - java.io.File::<init>@73
                      ; - jdk.internal.loader.URLClassPath$FileLoader::getResource@118
                      ; - jdk.internal.loader.URLClassPath::getResource@53
                      ; - java.net.URLClassLoader$1::run@26
                      ; - java.net.URLClassLoader$1::run@1
  0x0000025f87cef134: 48fd 88ff 

  0x0000025f87cef138: ;   {other}
  0x0000025f87cef138: 0f1f 8400 | 2847 0058 | e9db feff | ff48 894c | 2478 4c89 | 5c24 6848 | 895c 2458 | 4489 7424 
  0x0000025f87cef158: 3c48 8bef | 4489 5424 | 3848 8974 

  0x0000025f87cef164: ;   {metadata({type array byte})}
  0x0000025f87cef164: 2430 48ba | c80a 0400 | 0100 0000 | 458b c190 

  0x0000025f87cef174: ;   {runtime_call _new_array_nozero_Java}
  0x0000025f87cef174: c5f8 77e8 

  0x0000025f87cef178: ; ImmutableOopMap {rbp=Oop [104]=Derived_oop_rbp [40]=Oop [48]=Oop [56]=NarrowOop [60]=NarrowOop [72]=Oop [80]=Oop [88]=Oop [100]=NarrowOop [112]=NarrowOop }
                      ;*invokevirtual clone {reexecute=1 rethrow=0 return_oop=1}
                      ; - (reexecute) java.util.Arrays::copyOfRange@18
                      ; - java.lang.StringLatin1::newString@16
                      ; - java.lang.String::substring@41
                      ; - java.net.URLClassLoader::defineClass@28
                      ; - java.net.URLClassLoader$1::run@43
                      ; - java.net.URLClassLoader$1::run@1
  0x0000025f87cef178: 043f 8dff 

  0x0000025f87cef17c: ;   {other}
  0x0000025f87cef17c: 0f1f 8400 | 6c47 0059 | 488b e8e9 | 2fcf ffff | 418b 492c | 85c9 0f84 | 45d8 ffff | 4d8b 5728 
  0x0000025f87cef19c: 4d85 d20f | 84bf 2400 | 0049 8b5f | 384a 894c | 13f8 4983 | c2f8 4d89 | 5728 e922 | d8ff ff4c 
  0x0000025f87cef1bc: 8b54 2468 | 458b 5a14 | 4585 db0f | 8484 d9ff | ff4d 8b57 | 2849 8bcb | 4d85 d20f | 84b9 2400 
  0x0000025f87cef1dc: 004d 8b5f | 384b 894c | 13f8 4983 | c2f8 4d89 | 5728 e95e | d9ff ff49 | 8bda 448b | 551c 4585 
  0x0000025f87cef1fc: d274 214d | 8b5f 2849 | 8bca 4d85 | db0f 84a7 | 2400 004d | 8b57 384b | 894c 1af8 | 4983 c3f8 
  0x0000025f87cef21c: 4d89 5f28 | 4c8b d3e9 | ebd8 ffff | 498b da44 | 8b5d 1c45 | 85db 7421 | 4d8b 5728 | 498b cb4d 
  0x0000025f87cef23c: 85d2 0f84 | 9224 0000 | 4d8b 5f38 | 4b89 4c13 | f849 83c2 | f84d 8957 | 284c 8bd3 | e926 daff 
  0x0000025f87cef25c: ff4c 8b54 | 2468 458b | 5210 4585 | d20f 8452 | daff ff4d | 8b5f 2849 | 8bca 4d85 

  0x0000025f87cef278: ;   {no_reloc}
  0x0000025f87cef278: db0f 8477 | 2400 004d | 8b57 384b | 894c 1af8 | 4983 c3f8 | 4d89 5f28 | e92c daff | ff4c 8bc5 
  0x0000025f87cef298: 448b 5524 | 4585 d20f | 8470 ddff | ff4d 8b5f | 2849 8bca | 4d85 db0f | 8427 2500 | 004d 8b57 
  0x0000025f87cef2b8: 384b 894c | 1af8 4983 | c3f8 4d89 | 5f28 4c8b | c5e9 47dd | ffff 458b | 5034 4585 | d20f 84c0 
  0x0000025f87cef2d8: ddff ff49 | 8bf9 498b | d84d 8b5f | 2849 8bca | 4d85 db0f | 846b 2400 | 004d 8b57 | 384b 894c 
  0x0000025f87cef2f8: 1af8 4983 | c3f8 4d89 | 5f28 4c8b | c34c 8bcf | e98e ddff | ff4c 8b44 | 2478 458b | 5030 4585 
  0x0000025f87cef318: d20f 846f | deff ff4d | 8b5f 2849 | 8bca 4d85 | db0f 84e7 | 2300 0049 | 8bf9 498b | d84d 8b57 
  0x0000025f87cef338: 384b 894c | 1af8 4983 | c3f8 4d89 | 5f28 4c8b | c34c 8bcf | e93d deff | ff4c 8bcd | 448b 5538 
  0x0000025f87cef358: 4585 d20f | 84ea ddff | ff49 8bf8 | 4d8b 5f28 | 498b ca4d | 85db 0f84 | c823 0000 | 4d8b 5738 
  0x0000025f87cef378: ;   {no_reloc}
  0x0000025f87cef378: 4b89 4c1a | f849 83c3 | f84d 895f | 284c 8bcd | 4c8b c7e9 | bbdd ffff | 448b 551c | 4585 d20f 
  0x0000025f87cef398: 8459 daff | ff49 8bdb | 4d8b 5f28 | 498b ca4d | 85db 0f84 | 0c24 0000 | 4d8b 5738 | 4b89 4c1a 
  0x0000025f87cef3b8: f849 83c3 | f84d 895f | 284c 8bdb | e92d daff | ff4c 8b54 | 2468 458b | 5a18 4585 | db0f 8469 
  0x0000025f87cef3d8: daff ff4d | 8b57 2849 | 8bcb 4d85 | d20f 8491 | 2300 004d | 8b5f 384b | 894c 13f8 | 4983 c2f8 
  0x0000025f87cef3f8: 4d89 5728 | e943 daff | ff45 8b58 | 1c45 85db | 0f84 c6da | ffff 498b | f949 8bd8 | 4d8b 5728 
  0x0000025f87cef418: 498b cb4d | 85d2 0f84 | 7823 0000 | 4d8b 5f38 | 4b89 4c13 | f849 83c2 | f84d 8957 | 284c 8bc3 
  0x0000025f87cef438: 4c8b cfe9 | 94da ffff | 4c8b cd44 | 8b5d 1045 | 85db 0f84 | d2df ffff | 4d8b 5728 | 498b cb4d 
  0x0000025f87cef458: 85d2 0f84 | dc23 0000 | 498b f848 | 8bdd 4d8b | 5f38 4b89 | 4c13 f849 | 83c2 f84d | 8957 284c 
  0x0000025f87cef478: ;   {no_reloc}
  0x0000025f87cef478: 8bcb 4c8b | c7e9 a0df | ffff 448b | 550c 4585 | d20f 848b | deff ff4d | 8b5f 2849 | 8bca 4d85 
  0x0000025f87cef498: db0f 845d | 2300 004d | 8b57 384b | 894c 1af8 | 4983 c3f8 | 4d89 5f28 | e965 deff | ff4c 8b54 
  0x0000025f87cef4b8: 2478 458b | 5a0c 4585 | db0f 84a9 | deff ff4d | 8b57 2849 | 8bcb 4d85 | d20f 8445 | 2300 004d 
  0x0000025f87cef4d8: 8b5f 384b | 894c 13f8 | 4983 c2f8 | 4d89 5728 | e983 deff | ff4c 8bc5 | 458b 5814 | 4585 db0f 
  0x0000025f87cef4f8: 8489 dfff | ff4d 8b57 | 2849 8bcb | 4d85 d20f | 8455 2300 | 004d 8b5f | 384b 894c | 13f8 4983 
  0x0000025f87cef518: c2f8 4d89 | 5728 e963 | dfff ff4d | 8b57 484d | 8b5f 58f0 | 8344 24c0 | 0080 3900 | 7432 4488 
  0x0000025f87cef538: 214d 85d2 | 740f 4b89 | 4c13 f849 | 83c2 f84d | 8957 48eb | 1b49 8bd7 | c5f8 7749 | baf0 2160 
  0x0000025f87cef558: bff9 7f00 | 0041 ffd2 

  0x0000025f87cef560: ;   {other}
  0x0000025f87cef560: 0f1f 8400 | 0000 0000 | 4c8b 4424 | 68e9 1bd6 | ffff 4d8b | 5758 4d8b | 5f48 f083 | 4424 c000 
  0x0000025f87cef580: 8039 000f | 84bd d5ff | ff44 8821 | 4d85 db75 | 2049 8bd7 | c5f8 7749 | baf0 2160 | bff9 7f00 
  0x0000025f87cef5a0: 0041 ffd2 

  0x0000025f87cef5a4: ;   {other}
  0x0000025f87cef5a4: 0f1f 8400 | 0000 0000 | e995 d5ff | ff4b 894c | 1af8 4983 | c3f8 4d89 | 5f48 e983 | d5ff ff4d 
  0x0000025f87cef5c4: 8b57 584d | 8b5f 48f0 | 8344 24c0 | 0080 3900 | 0f84 dcd6 | ffff 4488 | 214d 85db | 7520 498b 
  0x0000025f87cef5e4: d7c5 f877 | 49ba f021 | 60bf f97f | 0000 41ff 

  0x0000025f87cef5f4: ;   {other}
  0x0000025f87cef5f4: d20f 1f84 | 0000 0000 | 00e9 b4d6 | ffff 4b89 | 4c1a f849 | 83c3 f84d | 895f 48e9 | a2d6 ffff 
  0x0000025f87cef614: 4d8b 5748 | 4d8b 5f58 | f083 4424 | c000 8039 | 0074 3244 | 8821 4d85 | d274 0f4b | 894c 13f8 
  0x0000025f87cef634: 4983 c2f8 | 4d89 5748 | eb1b 498b | d7c5 f877 | 49ba f021 | 60bf f97f | 0000 41ff 

  0x0000025f87cef650: ;   {other}
  0x0000025f87cef650: d20f 1f84 | 0000 0000 | 004c 8b44 | 2468 e99a | d6ff ff4d | 8b57 484d | 8b5f 58f0 | 8344 24c0 
  0x0000025f87cef670: 0080 3900 | 0f84 4cdb | ffff 4488 | 214d 85d2 | 7526 498b | d849 8bd7 | c5f8 7749 | baf0 2160 
  0x0000025f87cef690: bff9 7f00 | 0041 ffd2 

  0x0000025f87cef698: ;   {other}
  0x0000025f87cef698: 0f1f 8400 | 0000 0000 | 4c8b c3e9 | 1edb ffff | 4b89 4c13 | f849 83c2 | f84d 8957 | 48e9 0cdb 
  0x0000025f87cef6b8: ffff 498b | d94d 8b57 | 584d 8b5f | 48f0 8344 | 24c0 0080 | 3900 7432 | 4488 214d | 85db 740f 
  0x0000025f87cef6d8: 4b89 4c1a | f849 83c3 | f84d 895f | 48eb 1b49 | 8bd7 c5f8 | 7749 baf0 | 2160 bff9 | 7f00 0041 
  0x0000025f87cef6f8: ;   {other}
  0x0000025f87cef6f8: ffd2 0f1f | 8400 0000 | 0000 4c8b | cbe9 74da | ffff 498b | d84d 8b57 | 484d 8b5f | 58f0 8344 
  0x0000025f87cef718: 24c0 0080 | 3900 7432 | 4488 214d | 85d2 740f | 4b89 4c13 | f849 83c2 | f84d 8957 | 48eb 1b49 
  0x0000025f87cef738: 8bd7 c5f8 | 7749 baf0 | 2160 bff9 | 7f00 0041 

  0x0000025f87cef748: ;   {other}
  0x0000025f87cef748: ffd2 0f1f | 8400 0000 | 0000 4c8b | c3e9 edd8 | ffff 498b | d84d 8b57 | 584d 8b5f | 48f0 8344 
  0x0000025f87cef768: 24c0 0080 | 3900 7432 | 4488 214d | 85db 740f | 4b89 4c1a | f849 83c3 | f84d 895f | 48eb 1b49 
  0x0000025f87cef788: 8bd7 c5f8 | 7749 baf0 | 2160 bff9 | 7f00 0041 

  0x0000025f87cef798: ;   {other}
  0x0000025f87cef798: ffd2 0f1f | 8400 0000 | 0000 4c8b | c3e9 24d9 | ffff 4d8b | 5758 4d8b | 5f48 f083 | 4424 c000 
  0x0000025f87cef7b8: 8039 000f | 8446 d8ff | ff44 8821 | 4d85 db75 | 2049 8bd7 | c5f8 7749 | baf0 2160 | bff9 7f00 
  0x0000025f87cef7d8: 0041 ffd2 

  0x0000025f87cef7dc: ;   {other}
  0x0000025f87cef7dc: 0f1f 8400 | 0000 0000 | e91e d8ff | ff4b 894c | 1af8 4983 | c3f8 4d89 | 5f48 e90c | d8ff ff4d 
  0x0000025f87cef7fc: 8b57 484d | 8b5f 58f0 | 8344 24c0 | 0080 3900 | 7432 4488 | 214d 85d2 | 740f 4b89 | 4c13 f849 
  0x0000025f87cef81c: 83c2 f84d | 8957 48eb | 1b49 8bd7 | c5f8 7749 | baf0 2160 | bff9 7f00 | 0041 ffd2 

  0x0000025f87cef838: ;   {other}
  0x0000025f87cef838: 0f1f 8400 | 0000 0000 | 4c8b 4424 | 68e9 36d6 | ffff 4d8b | 5758 4d8b | 5f48 f083 | 4424 c000 
  0x0000025f87cef858: 8039 000f | 84d8 d5ff | ff44 8821 | 4d85 db75 | 2049 8bd7 | c5f8 7749 | baf0 2160 | bff9 7f00 
  0x0000025f87cef878: 0041 ffd2 

  0x0000025f87cef87c: ;   {other}
  0x0000025f87cef87c: 0f1f 8400 | 0000 0000 | e9b0 d5ff | ff4b 894c | 1af8 4983 | c3f8 4d89 | 5f48 e99e | d5ff ff49 
  0x0000025f87cef89c: 8bd8 4d8b | 5758 4d8b | 5f48 f083 | 4424 c000 | 8039 0074 | 3244 8821 | 4d85 db74 | 0f4b 894c 
  0x0000025f87cef8bc: 1af8 4983 | c3f8 4d89 | 5f48 eb1b | 498b d7c5 | f877 49ba | f021 60bf | f97f 0000 

  0x0000025f87cef8d8: ;   {other}
  0x0000025f87cef8d8: 41ff d20f | 1f84 0000 | 0000 004c | 8bc3 e91c | d6ff ff4d | 8b57 484d | 8b5f 58f0 | 8344 24c0 
  0x0000025f87cef8f8: 0080 3900 | 7432 4488 | 214d 85d2 | 740f 4b89 | 4c13 f849 | 83c2 f84d | 8957 48eb | 1b49 8bd7 
  0x0000025f87cef918: c5f8 7749 | baf0 2160 | bff9 7f00 | 0041 ffd2 

  0x0000025f87cef928: ;   {other}
  0x0000025f87cef928: 0f1f 8400 | 0000 0000 | 4c8b 4424 | 78e9 6bda | ffff 4d8b | 5748 4d8b | 5f58 f083 | 4424 c000 
  0x0000025f87cef948: 8039 000f | 8404 dbff | ff44 8821 | 4d85 d275 | 2649 8bd9 | 498b d7c5 | f877 49ba | f021 60bf 
  0x0000025f87cef968: f97f 0000 

  0x0000025f87cef96c: ;   {other}
  0x0000025f87cef96c: 41ff d20f | 1f84 0000 | 0000 004c | 8bcb e9d6 | daff ff4b | 894c 13f8 | 4983 c2f8 | 4d89 5748 
  0x0000025f87cef98c: e9c4 daff | ff4d 8b57 | 5849 8b5f | 48f0 8344 | 24c0 0080 | 3900 0f84 | 6ad0 ffff | 4488 2148 
  0x0000025f87cef9ac: 85db 7532 | 418b f349 | 8bf9 498b | d849 8bd7 | c5f8 7749 | baf0 2160 | bff9 7f00 | 0041 ffd2 
  0x0000025f87cef9cc: ;   {other}
  0x0000025f87cef9cc: 0f1f 8400 | 0000 0000 | 4c8b c34c | 8bcf 448b | dee9 30d0 | ffff 4989 | 4c1a f848 | 83c3 f849 
  0x0000025f87cef9ec: 895f 48e9 | 1ed0 ffff | 4d8b 5758 | 498b 5f48 | f083 4424 | c000 8039 | 000f 84c7 | cfff ff44 
  0x0000025f87cefa0c: 8821 4885 | db75 3241 | 8bf3 498b | f949 8bd8 | 498b d7c5 | f877 49ba | f021 60bf | f97f 0000 
  0x0000025f87cefa2c: ;   {other}
  0x0000025f87cefa2c: 41ff d20f | 1f84 0000 | 0000 004c | 8bc3 4c8b | cf44 8bde | e98d cfff | ff49 894c | 1af8 4883 
  0x0000025f87cefa4c: c3f8 4989 | 5f48 e97b | cfff ff4d | 8b57 584d | 8b5f 48f0 | 8344 24c0 | 0080 3900 | 0f84 f7d8 
  0x0000025f87cefa6c: ffff 4488 | 214d 85db | 7520 498b | d7c5 f877 | 49ba f021 | 60bf f97f | 0000 41ff 

  0x0000025f87cefa88: ;   {other}
  0x0000025f87cefa88: d20f 1f84 | 0000 0000 | 00e9 cfd8 | ffff 4b89 | 4c1a f849 | 83c3 f84d | 895f 48e9 | bdd8 ffff 
  0x0000025f87cefaa8: 4d8b 5748 | 4d8b 5f58 | f083 4424 | c000 8039 | 000f 8409 | daff ff44 | 8821 4d85 | d275 2649 
  0x0000025f87cefac8: 8bd8 498b | d7c5 f877 | 49ba f021 | 60bf f97f | 0000 41ff 

  0x0000025f87cefadc: ;   {other}
  0x0000025f87cefadc: d20f 1f84 | 0000 0000 | 004c 8bc3 | e9db d9ff | ff4b 894c | 13f8 4983 | c2f8 4d89 | 5748 e9c9 
  0x0000025f87cefafc: d9ff ff44 | 8b9c 249c | 0000 0044 | 3b5c 2470 | 0f84 8206 

  0x0000025f87cefb10: ;   {oop(a 'java/io/WinNTFileSystem'{0x00000000a05956c8})}
  0x0000025f87cefb10: 0000 48ba | c856 59a0 | 0000 0000 | 4c8b 4424 | 6844 8b4c | 2474 8bbc | 2498 0000 | 0048 8b6c 
  0x0000025f87cefb30: 2428 6690 

  0x0000025f87cefb34: ;   {optimized virtual_call}
  0x0000025f87cefb34: c5f8 77e8 

  0x0000025f87cefb38: ; ImmutableOopMap {rbp=Oop [40]=Oop [48]=NarrowOop [56]=Oop [68]=NarrowOop [72]=Oop [80]=Oop [88]=Oop [96]=Oop }
                      ;*invokevirtual normalize {reexecute=0 rethrow=0 return_oop=1}
                      ; - java.io.WinNTFileSystem::normalize@61
                      ; - java.io.File::<init>@73
                      ; - jdk.internal.loader.URLClassPath$FileLoader::getResource@73
                      ; - jdk.internal.loader.URLClassPath::getResource@53
                      ; - java.net.URLClassLoader$1::run@26
                      ; - java.net.URLClassLoader$1::run@1
  0x0000025f87cefb38: 44f3 88ff 

  0x0000025f87cefb3c: ;   {other}
  0x0000025f87cefb3c: 0f1f 8400 | 2c51 005a | 4c8b c8e9 | abdf ffff | 4c89 8424 | 9800 0000 | 4889 8c24 | 9000 0000 
  0x0000025f87cefb5c: 4c89 9c24 | 8800 0000 | 4889 9c24 | 8000 0000 | 4c8b 5424 | 484c 8954 | 2478 4489 | 7424 6889 
  0x0000025f87cefb7c: 4424 6048 | 897c 2458 | 4c8b 5424 | 504c 8954 | 2448 448b | 5c24 7044 | 895c 243c | 448b 5424 
  0x0000025f87cefb9c: 6444 8954 | 2438 4889 

  0x0000025f87cefba4: ;   {metadata({type array byte})}
  0x0000025f87cefba4: 7424 3048 | bac8 0a04 | 0001 0000 | 0044 8bc0 

  0x0000025f87cefbb4: ;   {runtime_call _new_array_nozero_Java}
  0x0000025f87cefbb4: c5f8 77e8 

  0x0000025f87cefbb8: ; ImmutableOopMap {[40]=Oop [48]=Oop [56]=NarrowOop [60]=NarrowOop [72]=Oop [88]=Oop [136]=Derived_oop_[88] [104]=NarrowOop [120]=Oop [128]=Oop }
                      ;*newarray {reexecute=0 rethrow=0 return_oop=1}
                      ; - java.util.Arrays::copyOfRangeByte@10
                      ; - java.util.Arrays::copyOfRange@13
                      ; - java.lang.StringLatin1::newString@16
                      ; - java.lang.String::substring@41
                      ; - java.net.URLClassLoader::defineClass@28
                      ; - java.net.URLClassLoader$1::run@43
                      ; - java.net.URLClassLoader$1::run@1
  0x0000025f87cefbb8: c434 8dff 

  0x0000025f87cefbbc: ;   {other}
  0x0000025f87cefbbc: 0f1f 8400 | ac51 005b | 4c8b c048 | 8b74 2430 | 448b 5c24 | 3844 895c | 2464 448b | 5424 3c44 
  0x0000025f87cefbdc: 8954 2470 | 4c8b 5424 | 484c 8954 | 2450 8b44 | 2460 448b | 7424 684c | 8b54 2478 | 4c89 5424 
  0x0000025f87cefbfc: 4848 8b9c | 2480 0000 | 004c 8b9c | 2488 0000 | 004d 8be8 | 488b 8c24 | 9000 0000 | 4c8b 8424 
  0x0000025f87cefc1c: 9800 0000 | e9cf c3ff | ff4c 8b44 | 2478 458b | 500c 4585 | d20f 844d | cbff ff4d | 8b5f 2849 
  0x0000025f87cefc3c: 8bca 4d85 | db0f 8489 | 1c00 0048 | 8b7c 2478 | 4d8b 5738 | 4b89 4c1a | f849 83c3 | f84d 895f 
  0x0000025f87cefc5c: 284c 8bc7 | e91f cbff | ff44 8b5d | 0c45 85db | 0f84 b4ca | ffff 4d8b | 5728 498b | cb4d 85d2 
  0x0000025f87cefc7c: 0f84 2e1c | 0000 4d8b | 5f38 4b89 | 4c13 f849 | 83c2 f84d | 8957 28e9 | 8eca ffff | 458b 5010 
  0x0000025f87cefc9c: 4585 d20f | 847f cbff | ff4d 8b5f | 2849 8bca | 4d85 db0f | 8440 1c00 | 004d 8b57 

  0x0000025f87cefcb8: ;   {no_reloc}
  0x0000025f87cefcb8: 384b 894c | 1af8 4983 | c3f8 4d89 | 5f28 e959 | cbff ff4c | 8bdd 458b | 5314 4585 | d20f 84af 
  0x0000025f87cefcd8: cbff ff4d | 8b47 2849 | 8bca 4d85 | c00f 8436 | 1c00 004d | 8b57 384b | 894c 02f8 | 4983 c0f8 
  0x0000025f87cefcf8: 4d89 4728 | e989 cbff | ff4d 8b57 | 484d 8b5f | 58f0 8344 | 24c0 0080 | 3900 0f84 | 9cca ffff 
  0x0000025f87cefd18: 4488 214d | 85d2 7526 | 498b d849 | 8bd7 c5f8 | 7749 baf0 | 2160 bff9 | 7f00 0041 

  0x0000025f87cefd34: ;   {other}
  0x0000025f87cefd34: ffd2 0f1f | 8400 0000 | 0000 4c8b | c3e9 6eca | ffff 4b89 | 4c13 f849 | 83c2 f84d | 8957 48e9 
  0x0000025f87cefd54: 5cca ffff | 4d8b 5758 | 4d8b 5f48 | f083 4424 | c000 8039 | 000f 84e8 | caff ff44 | 8821 4d85 
  0x0000025f87cefd74: db75 2649 | 8bd8 498b | d7c5 f877 | 49ba f021 | 60bf f97f | 0000 41ff 

  0x0000025f87cefd8c: ;   {other}
  0x0000025f87cefd8c: d20f 1f84 | 0000 0000 | 004c 8bc3 | e9ba caff | ff4b 894c | 1af8 4983 | c3f8 4d89 | 5f48 e9a8 
  0x0000025f87cefdac: caff ff4d | 8b57 584d | 8b5f 48f0 | 8344 24c0 | 0080 3900 | 0f84 aec9 | ffff 4488 | 214d 85db 
  0x0000025f87cefdcc: 7520 498b | d7c5 f877 | 49ba f021 | 60bf f97f | 0000 41ff 

  0x0000025f87cefde0: ;   {other}
  0x0000025f87cefde0: d20f 1f84 | 0000 0000 | 00e9 86c9 | ffff 4b89 | 4c1a f849 | 83c3 f84d | 895f 48e9 | 74c9 ffff 
  0x0000025f87cefe00: 4533 dbe9 | cfe4 ffff 

  0x0000025f87cefe08: ;   {metadata('java/lang/String')}
  0x0000025f87cefe08: 498b ee48 | ba90 2004 | 0001 0000 | 0066 6690 

  0x0000025f87cefe18: ;   {runtime_call _new_instance_Java}
  0x0000025f87cefe18: c5f8 77e8 

  0x0000025f87cefe1c: ; ImmutableOopMap {rbp=Oop }
                      ;*new {reexecute=0 rethrow=0 return_oop=1}
                      ; - java.lang.StringConcatHelper::simpleConcat@17
                      ; - java.lang.String::concat@11
                      ; - java.net.URLClassLoader$1::run@13
                      ; - java.net.URLClassLoader$1::run@1
  0x0000025f87cefe1c: e0e6 8cff 

  0x0000025f87cefe20: ;   {other}
  0x0000025f87cefe20: 0f1f 8400 | 1054 005c | 4c8b f5e9 | 0dc7 ffff | 4533 dbe9 | 9fe4 ffff | 418b e9e9 | 47b8 ffff 
  0x0000025f87cefe40: 8b7c 2474 

  0x0000025f87cefe44: ;   {oop(a 'java/io/WinNTFileSystem'{0x00000000a05956c8})}
  0x0000025f87cefe44: ffcf 48ba | c856 59a0 | 0000 0000 | 4c8b 4424 | 6844 8b4c | 2474 488b | 6c24 2890 

  0x0000025f87cefe60: ;   {optimized virtual_call}
  0x0000025f87cefe60: c5f8 77e8 

  0x0000025f87cefe64: ; ImmutableOopMap {rbp=Oop [40]=Oop [48]=NarrowOop [56]=Oop [68]=NarrowOop [72]=Oop [80]=Oop [88]=Oop [96]=Oop }
                      ;*invokevirtual normalize {reexecute=0 rethrow=0 return_oop=1}
                      ; - java.io.WinNTFileSystem::normalize@137
                      ; - java.io.File::<init>@73
                      ; - jdk.internal.loader.URLClassPath$FileLoader::getResource@73
                      ; - jdk.internal.loader.URLClassPath::getResource@53
                      ; - java.net.URLClassLoader$1::run@26
                      ; - java.net.URLClassLoader$1::run@1
  0x0000025f87cefe64: 18f0 88ff 

  0x0000025f87cefe68: ;   {other}
  0x0000025f87cefe68: 0f1f 8400 | 5854 005d | 4c8b c8e9 | 7fdc ffff 

  0x0000025f87cefe78: ;   {metadata('java/lang/ref/SoftReference')}
  0x0000025f87cefe78: 48ba 5871 | 0400 0100 | 0000 6690 

  0x0000025f87cefe84: ;   {runtime_call _new_instance_Java}
  0x0000025f87cefe84: c5f8 77e8 

  0x0000025f87cefe88: ; ImmutableOopMap {rbp=Oop [40]=Oop [48]=Oop [56]=NarrowOop [60]=NarrowOop [72]=Oop [80]=Oop [88]=Oop [96]=Oop [112]=NarrowOop [168]=Oop }
                      ;*new {reexecute=0 rethrow=0 return_oop=1}
                      ; - java.util.jar.JarFile::getManifestFromReference@184
                      ; - java.util.jar.JarFile::getManifest@1
                      ; - jdk.internal.loader.URLClassPath$JarLoader$2::getManifest@22
                      ; - java.net.URLClassLoader::defineClass@34
                      ; - java.net.URLClassLoader$1::run@43
                      ; - java.net.URLClassLoader$1::run@1
  0x0000025f87cefe88: 74e6 8cff 

  0x0000025f87cefe8c: ;   {other}
  0x0000025f87cefe8c: 0f1f 8400 | 7c54 005e | 4c8b c0e9 | 88d6 ffff 

  0x0000025f87cefe9c: ;   {metadata('java/util/jar/JarVerifier')}
  0x0000025f87cefe9c: 48ba 385e | 0900 0100 | 0000 6690 

  0x0000025f87cefea8: ;   {runtime_call _new_instance_Java}
  0x0000025f87cefea8: c5f8 77e8 

  0x0000025f87cefeac: ; ImmutableOopMap {[40]=Oop [48]=Oop [56]=NarrowOop [60]=NarrowOop [72]=Oop [80]=Oop [88]=Oop [96]=Oop [104]=Oop [112]=NarrowOop [120]=Oop [168]=Oop }
                      ;*new {reexecute=0 rethrow=0 return_oop=1}
                      ; - java.util.jar.JarFile::getManifestFromReference@69
                      ; - java.util.jar.JarFile::getManifest@1
                      ; - jdk.internal.loader.URLClassPath$JarLoader$2::getManifest@22
                      ; - java.net.URLClassLoader::defineClass@34
                      ; - java.net.URLClassLoader$1::run@43
                      ; - java.net.URLClassLoader$1::run@1
  0x0000025f87cefeac: 50e6 8cff 

  0x0000025f87cefeb0: ;   {other}
  0x0000025f87cefeb0: 0f1f 8400 | a054 005f | 4c8b c8e9 | aeca ffff | 4489 5c24 | 744c 894c | 2468 4c89 

  0x0000025f87cefecc: ;   {metadata('java/util/Hashtable')}
  0x0000025f87cefecc: 4424 6048 | ba50 9b04 | 0001 0000 | 0066 6690 

  0x0000025f87cefedc: ;   {runtime_call _new_instance_Java}
  0x0000025f87cefedc: c5f8 77e8 

  0x0000025f87cefee0: ; ImmutableOopMap {[40]=Oop [48]=Oop [56]=NarrowOop [60]=NarrowOop [72]=Oop [80]=Oop [88]=Oop [96]=Oop [104]=Oop [112]=NarrowOop [116]=NarrowOop [120]=Oop [168]=Oop }
                      ;*new {reexecute=0 rethrow=0 return_oop=1}
                      ; - java.util.jar.JarVerifier::<init>@35
                      ; - java.util.jar.JarFile::getManifestFromReference@78
                      ; - java.util.jar.JarFile::getManifest@1
                      ; - jdk.internal.loader.URLClassPath$JarLoader$2::getManifest@22
                      ; - java.net.URLClassLoader::defineClass@34
                      ; - java.net.URLClassLoader$1::run@43
                      ; - java.net.URLClassLoader$1::run@1
  0x0000025f87cefee0: 1ce6 8cff 

  0x0000025f87cefee4: ;   {other}
  0x0000025f87cefee4: 0f1f 8400 | d454 0060 | 488b e8e9 | 7bcb ffff | 4c89 4424 

  0x0000025f87cefef8: ;   {metadata('java/util/Hashtable')}
  0x0000025f87cefef8: 6848 ba50 | 9b04 0001 | 0000 0090 

  0x0000025f87ceff04: ;   {runtime_call _new_instance_Java}
  0x0000025f87ceff04: c5f8 77e8 

  0x0000025f87ceff08: ; ImmutableOopMap {[40]=Oop [48]=Oop [56]=NarrowOop [60]=NarrowOop [72]=Oop [80]=Oop [88]=Oop [96]=Oop [104]=Oop [112]=NarrowOop [116]=NarrowOop [120]=Oop [168]=Oop }
                      ;*new {reexecute=0 rethrow=0 return_oop=1}
                      ; - java.util.jar.JarVerifier::<init>@46
                      ; - java.util.jar.JarFile::getManifestFromReference@78
                      ; - java.util.jar.JarFile::getManifest@1
                      ; - jdk.internal.loader.URLClassPath$JarLoader$2::getManifest@22
                      ; - java.net.URLClassLoader::defineClass@34
                      ; - java.net.URLClassLoader$1::run@43
                      ; - java.net.URLClassLoader$1::run@1
  0x0000025f87ceff08: f4e5 8cff 

  0x0000025f87ceff0c: ;   {other}
  0x0000025f87ceff0c: 0f1f 8400 | fc54 0061 | 488b e8e9 | c4cc ffff 

  0x0000025f87ceff1c: ;   {metadata('java/util/Hashtable$Entry'[])}
  0x0000025f87ceff1c: 48ba 58d3 | 0700 0100 | 0000 41b8 | 0b00 0000 

  0x0000025f87ceff2c: ;   {runtime_call _new_array_Java}
  0x0000025f87ceff2c: c5f8 77e8 

  0x0000025f87ceff30: ; ImmutableOopMap {rbp=Oop [40]=Oop [48]=Oop [56]=NarrowOop [60]=NarrowOop [72]=Oop [80]=Oop [88]=Oop [96]=Oop [104]=Oop [112]=NarrowOop [116]=NarrowOop [120]=Oop [168]=Oop }
                      ;*anewarray {reexecute=0 rethrow=0 return_oop=1}
                      ; - java.util.Hashtable::<init>@93
                      ; - java.util.Hashtable::<init>@5
                      ; - java.util.jar.JarVerifier::<init>@39
                      ; - java.util.jar.JarFile::getManifestFromReference@78
                      ; - java.util.jar.JarFile::getManifest@1
                      ; - jdk.internal.loader.URLClassPath$JarLoader$2::getManifest@22
                      ; - java.net.URLClassLoader::defineClass@34
                      ; - java.net.URLClassLoader$1::run@43
                      ; - java.net.URLClassLoader$1::run@1
  0x0000025f87ceff30: 4c2e 8dff 

  0x0000025f87ceff34: ;   {other}
  0x0000025f87ceff34: 0f1f 8400 | 2455 0062 | 4c8b d0e9 | c4cb ffff | 4c89 4424 

  0x0000025f87ceff48: ;   {metadata('java/util/Hashtable')}
  0x0000025f87ceff48: 6848 ba50 | 9b04 0001 | 0000 0090 

  0x0000025f87ceff54: ;   {runtime_call _new_instance_Java}
  0x0000025f87ceff54: c5f8 77e8 

  0x0000025f87ceff58: ; ImmutableOopMap {[40]=Oop [48]=Oop [56]=NarrowOop [60]=NarrowOop [72]=Oop [80]=Oop [88]=Oop [96]=Oop [104]=Oop [112]=NarrowOop [116]=NarrowOop [120]=Oop [168]=Oop }
                      ;*new {reexecute=0 rethrow=0 return_oop=1}
                      ; - java.util.jar.JarVerifier::<init>@57
                      ; - java.util.jar.JarFile::getManifestFromReference@78
                      ; - java.util.jar.JarFile::getManifest@1
                      ; - jdk.internal.loader.URLClassPath$JarLoader$2::getManifest@22
                      ; - java.net.URLClassLoader::defineClass@34
                      ; - java.net.URLClassLoader$1::run@43
                      ; - java.net.URLClassLoader$1::run@1
  0x0000025f87ceff58: a4e5 8cff 

  0x0000025f87ceff5c: ;   {other}
  0x0000025f87ceff5c: 0f1f 8400 | 4c55 0063 | 488b e8e9 | e4cd ffff 

  0x0000025f87ceff6c: ;   {metadata('java/util/Hashtable$Entry'[])}
  0x0000025f87ceff6c: 48ba 58d3 | 0700 0100 | 0000 41b8 | 0b00 0000 

  0x0000025f87ceff7c: ;   {runtime_call _new_array_Java}
  0x0000025f87ceff7c: c5f8 77e8 

  0x0000025f87ceff80: ; ImmutableOopMap {rbp=Oop [40]=Oop [48]=Oop [56]=NarrowOop [60]=NarrowOop [72]=Oop [80]=Oop [88]=Oop [96]=Oop [104]=Oop [112]=NarrowOop [116]=NarrowOop [120]=Oop [168]=Oop }
                      ;*anewarray {reexecute=0 rethrow=0 return_oop=1}
                      ; - java.util.Hashtable::<init>@93
                      ; - java.util.Hashtable::<init>@5
                      ; - java.util.jar.JarVerifier::<init>@50
                      ; - java.util.jar.JarFile::getManifestFromReference@78
                      ; - java.util.jar.JarFile::getManifest@1
                      ; - jdk.internal.loader.URLClassPath$JarLoader$2::getManifest@22
                      ; - java.net.URLClassLoader::defineClass@34
                      ; - java.net.URLClassLoader$1::run@43
                      ; - java.net.URLClassLoader$1::run@1
  0x0000025f87ceff80: fc2d 8dff 

  0x0000025f87ceff84: ;   {other}
  0x0000025f87ceff84: 0f1f 8400 | 7455 0064 | 4c8b d0e9 | e4cc ffff 

  0x0000025f87ceff94: ;   {metadata('java/util/jar/Manifest')}
  0x0000025f87ceff94: 498b e848 | bae8 5105 | 0001 0000 | 0066 6690 

  0x0000025f87ceffa4: ;   {runtime_call _new_instance_Java}
  0x0000025f87ceffa4: c5f8 77e8 

  0x0000025f87ceffa8: ; ImmutableOopMap {rbp=Oop [40]=Oop [48]=Oop [56]=NarrowOop [60]=NarrowOop [72]=Oop [80]=Oop [88]=Oop [96]=Oop [112]=NarrowOop [116]=NarrowOop [168]=Oop }
                      ;*new {reexecute=0 rethrow=0 return_oop=1}
                      ; - java.util.jar.JarFile::getManifestFromReference@101
                      ; - java.util.jar.JarFile::getManifest@1
                      ; - jdk.internal.loader.URLClassPath$JarLoader$2::getManifest@22
                      ; - java.net.URLClassLoader::defineClass@34
                      ; - java.net.URLClassLoader$1::run@43
                      ; - java.net.URLClassLoader$1::run@1
  0x0000025f87ceffa8: 54e5 8cff 

  0x0000025f87ceffac: ;   {other}
  0x0000025f87ceffac: 0f1f 8400 | 9c55 0065 | 4c8b c5e9 | 56d2 ffff | 4889 8c24 | 8800 0000 | 4489 8c24 | 8000 0000 
  0x0000025f87ceffcc: 4c89 5c24 | 784c 8944 

  0x0000025f87ceffd4: ;   {metadata('java/io/ByteArrayInputStream')}
  0x0000025f87ceffd4: 2468 48ba | d046 0500 | 0100 0000 

  0x0000025f87ceffe0: ;   {runtime_call _new_instance_Java}
  0x0000025f87ceffe0: c5f8 77e8 

  0x0000025f87ceffe4: ; ImmutableOopMap {[40]=Oop [48]=Oop [56]=NarrowOop [60]=NarrowOop [72]=Oop [80]=Oop [88]=Oop [96]=Oop [104]=Oop [112]=NarrowOop [116]=NarrowOop [120]=Oop [128]=NarrowOop [136]=Oop [168]=Oop }
                      ;*new {reexecute=0 rethrow=0 return_oop=1}
                      ; - java.util.jar.JarFile::getManifestFromReference@109
                      ; - java.util.jar.JarFile::getManifest@1
                      ; - jdk.internal.loader.URLClassPath$JarLoader$2::getManifest@22
                      ; - java.net.URLClassLoader::defineClass@34
                      ; - java.net.URLClassLoader$1::run@43
                      ; - java.net.URLClassLoader$1::run@1
  0x0000025f87ceffe4: 18e5 8cff 

  0x0000025f87ceffe8: ;   {other}
  0x0000025f87ceffe8: 0f1f 8400 | d855 0066 | e98e d2ff 

  0x0000025f87cefff4: ;   {metadata('java/util/Hashtable$Entry'[])}
  0x0000025f87cefff4: ff48 ba58 | d307 0001 | 0000 0041 | b80b 0000 | 0066 6690 

  0x0000025f87cf0008: ;   {runtime_call _new_array_Java}
  0x0000025f87cf0008: c5f8 77e8 

  0x0000025f87cf000c: ; ImmutableOopMap {rbp=Oop [40]=Oop [48]=Oop [56]=NarrowOop [60]=NarrowOop [72]=Oop [80]=Oop [88]=Oop [96]=Oop [104]=Oop [112]=NarrowOop [116]=NarrowOop [120]=Oop [168]=Oop }
                      ;*anewarray {reexecute=0 rethrow=0 return_oop=1}
                      ; - java.util.Hashtable::<init>@93
                      ; - java.util.Hashtable::<init>@4
                      ; - java.util.jar.JarVerifier::<init>@63
                      ; - java.util.jar.JarFile::getManifestFromReference@78
                      ; - java.util.jar.JarFile::getManifest@1
                      ; - jdk.internal.loader.URLClassPath$JarLoader$2::getManifest@22
                      ; - java.net.URLClassLoader::defineClass@34
                      ; - java.net.URLClassLoader$1::run@43
                      ; - java.net.URLClassLoader$1::run@1
  0x0000025f87cf000c: 702d 8dff 

  0x0000025f87cf0010: ;   {other}
  0x0000025f87cf0010: 0f1f 8400 | 0056 0067 | 4c8b d0e9 | c8cd ffff 

  0x0000025f87cf0020: ;   {metadata('java/util/HashMap')}
  0x0000025f87cf0020: 498b e848 | ba38 6b06 | 0001 0000 | 0066 6690 

  0x0000025f87cf0030: ;   {runtime_call _new_instance_Java}
  0x0000025f87cf0030: c5f8 77e8 

  0x0000025f87cf0034: ; ImmutableOopMap {rbp=Oop [40]=Oop [48]=Oop [56]=NarrowOop [60]=NarrowOop [72]=Oop [80]=Oop [88]=Oop [96]=Oop [112]=NarrowOop [116]=NarrowOop [120]=Oop [168]=Oop [176]=NarrowOop }
                      ;*new {reexecute=0 rethrow=0 return_oop=1}
                      ; - java.util.jar.JarVerifier::<init>@103
                      ; - java.util.jar.JarFile::getManifestFromReference@78
                      ; - java.util.jar.JarFile::getManifest@1
                      ; - jdk.internal.loader.URLClassPath$JarLoader$2::getManifest@22
                      ; - java.net.URLClassLoader::defineClass@34
                      ; - java.net.URLClassLoader$1::run@43
                      ; - java.net.URLClassLoader$1::run@1
  0x0000025f87cf0034: c8e4 8cff 

  0x0000025f87cf0038: ;   {other}
  0x0000025f87cf0038: 0f1f 8400 | 2856 0068 | 4c8b d0e9 | ead0 ffff 

  0x0000025f87cf0048: ;   {metadata('java/io/ByteArrayOutputStream')}
  0x0000025f87cf0048: 498b e848 | bab8 6009 | 0001 0000 | 0066 6690 

  0x0000025f87cf0058: ;   {runtime_call _new_instance_Java}
  0x0000025f87cf0058: c5f8 77e8 

  0x0000025f87cf005c: ; ImmutableOopMap {rbp=Oop [40]=Oop [48]=Oop [56]=NarrowOop [60]=NarrowOop [72]=Oop [80]=Oop [88]=Oop [96]=Oop [112]=NarrowOop [116]=NarrowOop [120]=Oop [168]=Oop [176]=NarrowOop }
                      ;*new {reexecute=0 rethrow=0 return_oop=1}
                      ; - java.util.jar.JarVerifier::<init>@81
                      ; - java.util.jar.JarFile::getManifestFromReference@78
                      ; - java.util.jar.JarFile::getManifest@1
                      ; - jdk.internal.loader.URLClassPath$JarLoader$2::getManifest@22
                      ; - java.net.URLClassLoader::defineClass@34
                      ; - java.net.URLClassLoader$1::run@43
                      ; - java.net.URLClassLoader$1::run@1
  0x0000025f87cf005c: a0e4 8cff 

  0x0000025f87cf0060: ;   {other}
  0x0000025f87cf0060: 0f1f 8400 | 5056 0069 | 4c8b d0e9 | eace ffff 

  0x0000025f87cf0070: ;   {metadata('java/util/ArrayList')}
  0x0000025f87cf0070: 498b e848 | bae8 8305 | 0001 0000 | 0066 6690 

  0x0000025f87cf0080: ;   {runtime_call _new_instance_Java}
  0x0000025f87cf0080: c5f8 77e8 

  0x0000025f87cf0084: ; ImmutableOopMap {rbp=Oop [40]=Oop [48]=Oop [56]=NarrowOop [60]=NarrowOop [72]=Oop [80]=Oop [88]=Oop [96]=Oop [112]=NarrowOop [116]=NarrowOop [120]=Oop [168]=Oop [176]=NarrowOop }
                      ;*new {reexecute=0 rethrow=0 return_oop=1}
                      ; - java.util.jar.JarVerifier::<init>@70
                      ; - java.util.jar.JarFile::getManifestFromReference@78
                      ; - java.util.jar.JarFile::getManifest@1
                      ; - jdk.internal.loader.URLClassPath$JarLoader$2::getManifest@22
                      ; - java.net.URLClassLoader::defineClass@34
                      ; - java.net.URLClassLoader$1::run@43
                      ; - java.net.URLClassLoader$1::run@1
  0x0000025f87cf0084: 78e4 8cff 

  0x0000025f87cf0088: ;   {other}
  0x0000025f87cf0088: 0f1f 8400 | 7856 006a | 4c8b c54c | 8bc8 e926 | ceff ff4c | 895c 2468 

  0x0000025f87cf00a0: ;   {metadata({type array byte})}
  0x0000025f87cf00a0: 48ba c80a | 0400 0100 | 0000 41b8 | 2000 0000 

  0x0000025f87cf00b0: ;   {runtime_call _new_array_Java}
  0x0000025f87cf00b0: c5f8 77e8 

  0x0000025f87cf00b4: ; ImmutableOopMap {rbp=Oop [40]=Oop [48]=Oop [56]=NarrowOop [60]=NarrowOop [72]=Oop [80]=Oop [88]=Oop [96]=Oop [104]=Oop [112]=NarrowOop [116]=NarrowOop [120]=Oop [168]=Oop [176]=NarrowOop }
                      ;*newarray {reexecute=0 rethrow=0 return_oop=1}
                      ; - java.io.ByteArrayOutputStream::<init>@37
                      ; - java.io.ByteArrayOutputStream::<init>@3
                      ; - java.util.jar.JarVerifier::<init>@85
                      ; - java.util.jar.JarFile::getManifestFromReference@78
                      ; - java.util.jar.JarFile::getManifest@1
                      ; - jdk.internal.loader.URLClassPath$JarLoader$2::getManifest@22
                      ; - java.net.URLClassLoader::defineClass@34
                      ; - java.net.URLClassLoader$1::run@43
                      ; - java.net.URLClassLoader$1::run@1
  0x0000025f87cf00b4: c82c 8dff 

  0x0000025f87cf00b8: ;   {other}
  0x0000025f87cf00b8: 0f1f 8400 | a856 006b | e905 cfff | ff49 8be8 

  0x0000025f87cf00c8: ;   {metadata('java/util/ArrayList')}
  0x0000025f87cf00c8: 48ba e883 | 0500 0100 | 0000 6690 

  0x0000025f87cf00d4: ;   {runtime_call _new_instance_Java}
  0x0000025f87cf00d4: c5f8 77e8 

  0x0000025f87cf00d8: ; ImmutableOopMap {rbp=Oop [40]=Oop [48]=Oop [56]=NarrowOop [60]=NarrowOop [72]=Oop [80]=Oop [88]=Oop [96]=Oop [112]=NarrowOop [116]=NarrowOop [120]=Oop [168]=Oop [176]=NarrowOop }
                      ;*new {reexecute=0 rethrow=0 return_oop=1}
                      ; - java.util.jar.JarVerifier::<init>@92
                      ; - java.util.jar.JarFile::getManifestFromReference@78
                      ; - java.util.jar.JarFile::getManifest@1
                      ; - jdk.internal.loader.URLClassPath$JarLoader$2::getManifest@22
                      ; - java.net.URLClassLoader::defineClass@34
                      ; - java.net.URLClassLoader$1::run@43
                      ; - java.net.URLClassLoader$1::run@1
  0x0000025f87cf00d8: 24e4 8cff 

  0x0000025f87cf00dc: ;   {other}
  0x0000025f87cf00dc: 0f1f 8400 | cc56 006c | 4c8b c54c | 8bc8 e999 | cfff ff89 | 4c24 744c | 8944 2468 | 4c89 5c24 
  0x0000025f87cf00fc: ;   {metadata('java/util/jar/Attributes')}
  0x0000025f87cf00fc: 6048 baa8 | 6309 0001 | 0000 0090 

  0x0000025f87cf0108: ;   {runtime_call _new_instance_Java}
  0x0000025f87cf0108: c5f8 77e8 

  0x0000025f87cf010c: ; ImmutableOopMap {[40]=Oop [48]=Oop [56]=NarrowOop [60]=NarrowOop [72]=Oop [80]=Oop [88]=Oop [96]=Oop [104]=Oop [112]=NarrowOop [116]=NarrowOop [120]=Oop [128]=NarrowOop [136]=Oop [168]=Oop }
                      ;*new {reexecute=0 rethrow=0 return_oop=1}
                      ; - java.util.jar.Manifest::<init>@5
                      ; - java.util.jar.JarFile::getManifestFromReference@121
                      ; - java.util.jar.JarFile::getManifest@1
                      ; - jdk.internal.loader.URLClassPath$JarLoader$2::getManifest@22
                      ; - java.net.URLClassLoader::defineClass@34
                      ; - java.net.URLClassLoader$1::run@43
                      ; - java.net.URLClassLoader$1::run@1
  0x0000025f87cf010c: f0e3 8cff 

  0x0000025f87cf0110: ;   {other}
  0x0000025f87cf0110: 0f1f 8400 | 0057 006d | 488b e8e9 | d5d1 ffff 

  0x0000025f87cf0120: ;   {metadata('java/util/HashMap')}
  0x0000025f87cf0120: 498b e848 | ba38 6b06 | 0001 0000 | 0066 6690 

  0x0000025f87cf0130: ;   {runtime_call _new_instance_Java}
  0x0000025f87cf0130: c5f8 77e8 

  0x0000025f87cf0134: ; ImmutableOopMap {rbp=Oop [40]=Oop [48]=Oop [56]=NarrowOop [60]=NarrowOop [72]=Oop [80]=Oop [88]=Oop [96]=Oop [104]=Oop [112]=NarrowOop [116]=NarrowOop [128]=NarrowOop [136]=Oop [144]=Oop [168]=Oop }
                      ;*new {reexecute=0 rethrow=0 return_oop=1}
                      ; - java.util.jar.Manifest::<init>@16
                      ; - java.util.jar.JarFile::getManifestFromReference@121
                      ; - java.util.jar.JarFile::getManifest@1
                      ; - jdk.internal.loader.URLClassPath$JarLoader$2::getManifest@22
                      ; - java.net.URLClassLoader::defineClass@34
                      ; - java.net.URLClassLoader$1::run@43
                      ; - java.net.URLClassLoader$1::run@1
  0x0000025f87cf0134: c8e3 8cff 

  0x0000025f87cf0138: ;   {other}
  0x0000025f87cf0138: 0f1f 8400 | 2857 006e | 4c8b d0e9 | c1d2 ffff | 448b 9c24 | 9c00 0000 | 443b 5c24 | 700f 84ef 
  0x0000025f87cf0158: ;   {oop(a 'java/io/WinNTFileSystem'{0x00000000a05956c8})}
  0x0000025f87cf0158: 0800 0048 | bac8 5659 | a000 0000 | 004c 8b44 | 2468 448b | 4c24 748b | bc24 9800 | 0000 488b 
  0x0000025f87cf0178: 6c24 2890 

  0x0000025f87cf017c: ;   {optimized virtual_call}
  0x0000025f87cf017c: c5f8 77e8 

  0x0000025f87cf0180: ; ImmutableOopMap {rbp=Oop [40]=Oop [48]=NarrowOop [56]=Oop [68]=NarrowOop [72]=Oop [80]=Oop [88]=Oop [96]=Oop }
                      ;*invokevirtual normalize {reexecute=0 rethrow=0 return_oop=1}
                      ; - java.io.WinNTFileSystem::normalize@61
                      ; - java.io.File::<init>@73
                      ; - jdk.internal.loader.URLClassPath$FileLoader::getResource@118
                      ; - jdk.internal.loader.URLClassPath::getResource@53
                      ; - java.net.URLClassLoader$1::run@26
                      ; - java.net.URLClassLoader$1::run@1
  0x0000025f87cf0180: fcec 88ff 

  0x0000025f87cf0184: ;   {other}
  0x0000025f87cf0184: 0f1f 8400 | 7457 006f | 4c8b c8e9 | d3e6 ffff | 448b 9424 | 9800 0000 | 41ff ca44 | 8994 2498 
  0x0000025f87cf01a4: 0000 00e9 | 66f9 ffff | 41ba 0300 | 0000 4533 | c044 8994 | 24b0 0000 | 00e9 fae5 | ffff 4489 
  0x0000025f87cf01c4: 4c24 744c | 895c 2478 | 4c89 4424 

  0x0000025f87cf01d0: ;   {metadata('java/util/jar/Attributes')}
  0x0000025f87cf01d0: 6048 baa8 | 6309 0001 | 0000 0090 

  0x0000025f87cf01dc: ;   {runtime_call _new_instance_Java}
  0x0000025f87cf01dc: c5f8 77e8 

  0x0000025f87cf01e0: ; ImmutableOopMap {[40]=Oop [48]=Oop [56]=NarrowOop [60]=NarrowOop [72]=Oop [80]=Oop [88]=Oop [96]=Oop [104]=Oop [112]=NarrowOop [116]=NarrowOop [120]=Oop [168]=Oop }
                      ;*new {reexecute=0 rethrow=0 return_oop=1}
                      ; - java.util.jar.Manifest::<init>@5
                      ; - java.util.jar.Manifest::<init>@4
                      ; - java.util.jar.JarFile::getManifestFromReference@143
                      ; - java.util.jar.JarFile::getManifest@1
                      ; - jdk.internal.loader.URLClassPath$JarLoader$2::getManifest@22
                      ; - java.net.URLClassLoader::defineClass@34
                      ; - java.net.URLClassLoader$1::run@43
                      ; - java.net.URLClassLoader$1::run@1
  0x0000025f87cf01e0: 1ce3 8cff 

  0x0000025f87cf01e4: ;   {other}
  0x0000025f87cf01e4: 0f1f 8400 | d457 0070 | 488b e8e9 | 0fc5 ffff 

  0x0000025f87cf01f4: ;   {metadata('java/util/jar/Manifest')}
  0x0000025f87cf01f4: 48ba e851 | 0500 0100 | 0000 6690 

  0x0000025f87cf0200: ;   {runtime_call _new_instance_Java}
  0x0000025f87cf0200: c5f8 77e8 

  0x0000025f87cf0204: ; ImmutableOopMap {rbp=Oop [40]=Oop [48]=Oop [56]=NarrowOop [60]=NarrowOop [72]=Oop [80]=Oop [88]=Oop [104]=Oop [112]=NarrowOop [168]=Oop }
                      ;*new {reexecute=0 rethrow=0 return_oop=1}
                      ; - java.util.jar.JarFile::getManifestFromReference@134
                      ; - java.util.jar.JarFile::getManifest@1
                      ; - jdk.internal.loader.URLClassPath$JarLoader$2::getManifest@22
                      ; - java.net.URLClassLoader::defineClass@34
                      ; - java.net.URLClassLoader$1::run@43
                      ; - java.net.URLClassLoader$1::run@1
  0x0000025f87cf0204: f8e2 8cff 

  0x0000025f87cf0208: ;   {other}
  0x0000025f87cf0208: 0f1f 8400 | f857 0071 | e998 c4ff | ff49 8be8 

  0x0000025f87cf0218: ;   {metadata('java/util/HashMap')}
  0x0000025f87cf0218: 48ba 386b | 0600 0100 | 0000 6690 

  0x0000025f87cf0224: ;   {runtime_call _new_instance_Java}
  0x0000025f87cf0224: c5f8 77e8 

  0x0000025f87cf0228: ; ImmutableOopMap {rbp=Oop [40]=Oop [48]=Oop [56]=NarrowOop [60]=NarrowOop [72]=Oop [80]=Oop [88]=Oop [96]=Oop [104]=Oop [112]=NarrowOop [116]=NarrowOop [128]=Oop [168]=Oop }
                      ;*new {reexecute=0 rethrow=0 return_oop=1}
                      ; - java.util.jar.Manifest::<init>@16
                      ; - java.util.jar.Manifest::<init>@4
                      ; - java.util.jar.JarFile::getManifestFromReference@143
                      ; - java.util.jar.JarFile::getManifest@1
                      ; - jdk.internal.loader.URLClassPath$JarLoader$2::getManifest@22
                      ; - java.net.URLClassLoader::defineClass@34
                      ; - java.net.URLClassLoader$1::run@43
                      ; - java.net.URLClassLoader$1::run@1
  0x0000025f87cf0228: d4e2 8cff 

  0x0000025f87cf022c: ;   {other}
  0x0000025f87cf022c: 0f1f 8400 | 1c58 0072 | 4c8b c548 | 8bd8 e9d2 | c5ff ff45 | 33d2 e9a8 | edff ff45 | 33d2 e9a0 
  0x0000025f87cf024c: edff ffba | f6ff ffff | 488b 6c24 | 2844 8b44 | 2430 4489 | 4424 2044 | 8b54 2440 | 4489 5424 
  0x0000025f87cf026c: 2466 6690 

  0x0000025f87cf0270: ;   {runtime_call UncommonTrapBlob}
  0x0000025f87cf0270: c5f8 77e8 

  0x0000025f87cf0274: ; ImmutableOopMap {rbp=Oop [32]=NarrowOop [72]=Oop [80]=Oop }
                      ;*invokevirtual getJarEntry {reexecute=0 rethrow=0 return_oop=0}
                      ; - jdk.internal.loader.URLClassPath$JarLoader::getResource@22
                      ; - jdk.internal.loader.URLClassPath::getResource@53
                      ; - java.net.URLClassLoader$1::run@26
                      ; - java.net.URLClassLoader$1::run@1
  0x0000025f87cf0274: 887a 89ff 

  0x0000025f87cf0278: ;   {other}
  0x0000025f87cf0278: 0f1f 8400 | 6858 0073 | 4c8b 5424 | 6045 8b52 | 1445 85d2 | 0f84 cad5 | ffff 4d8b | 5f28 498b 
  0x0000025f87cf0298: ca4d 85db | 0f84 0f1d | 0000 4d8b | 5738 4b89 | 4c1a f849 | 83c3 f84d | 895f 28e9 | a4d5 ffff 
  0x0000025f87cf02b8: 4c8b d34d | 85d2 0f85 | afd8 ffff | baf6 ffff | ff44 8b5c | 2430 4489 | 5c24 2044 | 8b54 2440 
  0x0000025f87cf02d8: 4489 5424 | 244c 8b54 | 2448 4c89 | 5424 3090 

  0x0000025f87cf02e8: ;   {runtime_call UncommonTrapBlob}
  0x0000025f87cf02e8: c5f8 77e8 

  0x0000025f87cf02ec: ; ImmutableOopMap {rbp=Oop [32]=NarrowOop [48]=Oop [80]=Oop [88]=Oop [96]=Oop }
                      ;*invokevirtual length {reexecute=0 rethrow=0 return_oop=0}
                      ; - java.io.WinNTFileSystem::prefixLength@6
                      ; - java.io.File::<init>@104
                      ; - jdk.internal.loader.URLClassPath$FileLoader::getResource@73
                      ; - jdk.internal.loader.URLClassPath::getResource@53
                      ; - java.net.URLClassLoader$1::run@26
                      ; - java.net.URLClassLoader$1::run@1
  0x0000025f87cf02ec: 107a 89ff 

  0x0000025f87cf02f0: ;   {other}
  0x0000025f87cf02f0: 0f1f 8400 | e058 0074 | 4c8b 5424 | 6045 8b52 | 1045 85d2 | 0f84 24d8 | ffff 4d8b | 5f28 498b 
  0x0000025f87cf0310: ca4d 85db | 0f84 b71c | 0000 4d8b | 5738 4b89 | 4c1a f849 | 83c3 f84d | 895f 28e9 | fed7 ffff 
  0x0000025f87cf0330: 4d8b 5758 | 4d8b 5f48 | f083 4424 | c000 8039 | 0074 3244 | 8821 4d85 | db74 0f4b | 894c 1af8 
  0x0000025f87cf0350: 4983 c3f8 | 4d89 5f48 | eb1b 498b | d7c5 f877 | 49ba f021 | 60bf f97f | 0000 41ff 

  0x0000025f87cf036c: ;   {other}
  0x0000025f87cf036c: d20f 1f84 | 0000 0000 | 004c 8b54 | 2460 458b | 5210 4585 | d20f 843d | ffff ff49 | 8bda e9e1 
  0x0000025f87cf038c: d7ff ffba | f6ff ffff | 498b ee90 

  0x0000025f87cf0398: ;   {runtime_call UncommonTrapBlob}
  0x0000025f87cf0398: c5f8 77e8 

  0x0000025f87cf039c: ; ImmutableOopMap {rbp=Oop [72]=Oop }
                      ;*invokevirtual getResource {reexecute=0 rethrow=0 return_oop=0}
                      ; - java.net.URLClassLoader$1::run@26
                      ; - java.net.URLClassLoader$1::run@1
  0x0000025f87cf039c: 6079 89ff 

  0x0000025f87cf03a0: ;   {other}
  0x0000025f87cf03a0: 0f1f 8400 | 9059 0075 | ba76 ffff | ff49 8bee | 894c 2420 | 897c 2428 | 895c 242c 

  0x0000025f87cf03bc: ;   {runtime_call UncommonTrapBlob}
  0x0000025f87cf03bc: c5f8 77e8 

  0x0000025f87cf03c0: ; ImmutableOopMap {rbp=Oop [32]=NarrowOop [44]=NarrowOop }
                      ;*if_icmpge {reexecute=1 rethrow=0 return_oop=0}
                      ; - (reexecute) java.lang.StringLatin1::replace@19
                      ; - java.lang.String::replace@18
                      ; - java.net.URLClassLoader$1::run@8
                      ; - java.net.URLClassLoader$1::run@1
  0x0000025f87cf03c0: 3c79 89ff 

  0x0000025f87cf03c4: ;   {other}
  0x0000025f87cf03c4: 0f1f 8400 | b459 0076 | 4863 d7e9 | 49b6 ffff | bacc ffff | ff49 8bee | 4c89 5424 | 2048 8974 
  0x0000025f87cf03e4: 2430 4889 | 5c24 3844 | 894c 2440 

  0x0000025f87cf03f0: ;   {runtime_call UncommonTrapBlob}
  0x0000025f87cf03f0: c5f8 77e8 

  0x0000025f87cf03f4: ; ImmutableOopMap {rbp=Oop [32]=Oop [56]=Oop }
                      ;*invokestatic arraycopy {reexecute=0 rethrow=0 return_oop=0}
                      ; - java.lang.String::getBytes@22
                      ; - java.lang.StringConcatHelper::prepend@21
                      ; - java.lang.StringConcatHelper::simpleConcat@71
                      ; - java.lang.String::concat@11
                      ; - java.net.URLClassLoader$1::run@13
                      ; - java.net.URLClassLoader$1::run@1
  0x0000025f87cf03f4: 0879 89ff 

  0x0000025f87cf03f8: ;   {other}
  0x0000025f87cf03f8: 0f1f 8400 | e859 0077 | bacc ffff | ff49 8bee | 4c89 5c24 | 2048 895c | 2430 894c | 2438 6690 
  0x0000025f87cf0418: ;   {runtime_call UncommonTrapBlob}
  0x0000025f87cf0418: c5f8 77e8 

  0x0000025f87cf041c: ; ImmutableOopMap {rbp=Oop [32]=Oop [48]=Oop }
                      ;*invokestatic arraycopy {reexecute=0 rethrow=0 return_oop=0}
                      ; - java.lang.String::getBytes@22
                      ; - java.lang.StringConcatHelper::prepend@21
                      ; - java.lang.StringConcatHelper::simpleConcat@81
                      ; - java.lang.String::concat@11
                      ; - java.net.URLClassLoader$1::run@13
                      ; - java.net.URLClassLoader$1::run@1
  0x0000025f87cf041c: e078 89ff 

  0x0000025f87cf0420: ;   {other}
  0x0000025f87cf0420: 0f1f 8400 | 105a 0078 | ba76 ffff | ff4c 8974 | 2420 894c | 2428 4c89 | 5c24 3089 | 7c24 3c89 
  0x0000025f87cf0440: 5c24 4090 

  0x0000025f87cf0444: ;   {runtime_call UncommonTrapBlob}
  0x0000025f87cf0444: c5f8 77e8 

  0x0000025f87cf0448: ; ImmutableOopMap {[32]=Oop [40]=NarrowOop [48]=Oop [64]=NarrowOop }
                      ;*if_icmpge {reexecute=1 rethrow=0 return_oop=0}
                      ; - (reexecute) java.lang.StringLatin1::replace@82
                      ; - java.lang.String::replace@18
                      ; - java.net.URLClassLoader$1::run@8
                      ; - java.net.URLClassLoader$1::run@1
  0x0000025f87cf0448: b478 89ff 

  0x0000025f87cf044c: ;   {other}
  0x0000025f87cf044c: 0f1f 8400 | 3c5a 0079 | 8b7c 2474 

  0x0000025f87cf0458: ;   {oop(a 'java/io/WinNTFileSystem'{0x00000000a05956c8})}
  0x0000025f87cf0458: ffcf 48ba | c856 59a0 | 0000 0000 | 4c8b 4424 | 6844 8b4c | 2474 488b | 6c24 2890 

  0x0000025f87cf0474: ;   {optimized virtual_call}
  0x0000025f87cf0474: c5f8 77e8 

  0x0000025f87cf0478: ; ImmutableOopMap {rbp=Oop [40]=Oop [48]=NarrowOop [56]=Oop [68]=NarrowOop [72]=Oop [80]=Oop [88]=Oop [96]=Oop }
                      ;*invokevirtual normalize {reexecute=0 rethrow=0 return_oop=1}
                      ; - java.io.WinNTFileSystem::normalize@137
                      ; - java.io.File::<init>@73
                      ; - jdk.internal.loader.URLClassPath$FileLoader::getResource@118
                      ; - jdk.internal.loader.URLClassPath::getResource@53
                      ; - java.net.URLClassLoader$1::run@26
                      ; - java.net.URLClassLoader$1::run@1
  0x0000025f87cf0478: 04ea 88ff 

  0x0000025f87cf047c: ;   {other}
  0x0000025f87cf047c: 0f1f 8400 | 6c5a 007a | 4c8b c8e9 | dbe3 ffff | 498b d241 | b801 0000 | 0048 8b6c | 2428 6690 
  0x0000025f87cf049c: ;   {optimized virtual_call}
  0x0000025f87cf049c: c5f8 77e8 

  0x0000025f87cf04a0: ; ImmutableOopMap {rbp=Oop [40]=Oop [48]=NarrowOop [56]=Oop [68]=NarrowOop [72]=Oop [80]=Oop [88]=Oop [96]=Oop [120]=Oop }
                      ;*invokespecial charAt {reexecute=0 rethrow=0 return_oop=0}
                      ; - java.lang.StringBuilder::charAt@2
                      ; - java.io.WinNTFileSystem::normalize@131
                      ; - java.io.WinNTFileSystem::normalize@111
                      ; - java.io.File::<init>@73
                      ; - jdk.internal.loader.URLClassPath$FileLoader::getResource@73
                      ; - jdk.internal.loader.URLClassPath::getResource@53
                      ; - java.net.URLClassLoader$1::run@26
                      ; - java.net.URLClassLoader$1::run@1
  0x0000025f87cf04a0: dce9 88ff 

  0x0000025f87cf04a4: ;   {other}
  0x0000025f87cf04a4: 0f1f 8400 | 945a 007b | 83f8 3a0f | 85d5 d5ff | ff48 8b54 | 2478 448b | 4424 7090 

  0x0000025f87cf04c0: ;   {optimized virtual_call}
  0x0000025f87cf04c0: c5f8 77e8 

  0x0000025f87cf04c4: ; ImmutableOopMap {rbp=Oop [40]=Oop [48]=NarrowOop [56]=Oop [68]=NarrowOop [72]=Oop [80]=Oop [88]=Oop [96]=Oop [120]=Oop }
                      ;*invokespecial append {reexecute=0 rethrow=0 return_oop=1}
                      ; - java.lang.StringBuilder::append@2
                      ; - java.io.WinNTFileSystem::normalize@143
                      ; - java.io.WinNTFileSystem::normalize@111
                      ; - java.io.File::<init>@73
                      ; - jdk.internal.loader.URLClassPath$FileLoader::getResource@73
                      ; - jdk.internal.loader.URLClassPath::getResource@53
                      ; - java.net.URLClassLoader$1::run@26
                      ; - java.net.URLClassLoader$1::run@1
  0x0000025f87cf04c4: b8e9 88ff 

  0x0000025f87cf04c8: ;   {other}
  0x0000025f87cf04c8: 0f1f 8400 | b85a 007c | e9b5 d5ff | ff49 8bd2 | 448b 4424 | 7048 8b6c | 2428 6690 

  0x0000025f87cf04e4: ;   {optimized virtual_call}
  0x0000025f87cf04e4: c5f8 77e8 

  0x0000025f87cf04e8: ; ImmutableOopMap {rbp=Oop [40]=Oop [48]=NarrowOop [56]=Oop [68]=NarrowOop [72]=Oop [80]=Oop [88]=Oop [96]=Oop [120]=Oop }
                      ;*invokevirtual append {reexecute=0 rethrow=0 return_oop=1}
                      ; - java.io.WinNTFileSystem::normalize@159
                      ; - java.io.WinNTFileSystem::normalize@111
                      ; - java.io.File::<init>@73
                      ; - jdk.internal.loader.URLClassPath$FileLoader::getResource@73
                      ; - jdk.internal.loader.URLClassPath::getResource@53
                      ; - java.net.URLClassLoader$1::run@26
                      ; - java.net.URLClassLoader$1::run@1
  0x0000025f87cf04e8: 94e9 88ff 

  0x0000025f87cf04ec: ;   {other}
  0x0000025f87cf04ec: 0f1f 8400 | dc5a 007d | e991 d5ff | ff49 8bd2 | 4533 c048 | 8b6c 2428 

  0x0000025f87cf0504: ;   {optimized virtual_call}
  0x0000025f87cf0504: c5f8 77e8 

  0x0000025f87cf0508: ; ImmutableOopMap {rbp=Oop [40]=Oop [48]=NarrowOop [56]=Oop [68]=NarrowOop [72]=Oop [80]=Oop [88]=Oop [96]=Oop [120]=Oop }
                      ;*invokespecial charAt {reexecute=0 rethrow=0 return_oop=0}
                      ; - java.lang.StringBuilder::charAt@2
                      ; - java.io.WinNTFileSystem::normalize@176
                      ; - java.io.WinNTFileSystem::normalize@111
                      ; - java.io.File::<init>@73
                      ; - jdk.internal.loader.URLClassPath$FileLoader::getResource@73
                      ; - jdk.internal.loader.URLClassPath::getResource@53
                      ; - java.net.URLClassLoader$1::run@26
                      ; - java.net.URLClassLoader$1::run@1
  0x0000025f87cf0508: 74e9 88ff 

  0x0000025f87cf050c: ;   {other}
  0x0000025f87cf050c: 0f1f 8400 | fc5a 007e 

  0x0000025f87cf0514: ;   {oop(a 'java/io/WinNTFileSystem'{0x00000000a05956c8})}
  0x0000025f87cf0514: 48ba c856 | 59a0 0000 | 0000 448b | c066 6690 

  0x0000025f87cf0524: ;   {optimized virtual_call}
  0x0000025f87cf0524: c5f8 77e8 

  0x0000025f87cf0528: ; ImmutableOopMap {rbp=Oop [40]=Oop [48]=NarrowOop [56]=Oop [68]=NarrowOop [72]=Oop [80]=Oop [88]=Oop [96]=Oop [120]=Oop }
                      ;*invokevirtual isSlash {reexecute=0 rethrow=0 return_oop=0}
                      ; - java.io.WinNTFileSystem::normalize@179
                      ; - java.io.WinNTFileSystem::normalize@111
                      ; - java.io.File::<init>@73
                      ; - jdk.internal.loader.URLClassPath$FileLoader::getResource@73
                      ; - jdk.internal.loader.URLClassPath::getResource@53
                      ; - java.net.URLClassLoader$1::run@26
                      ; - java.net.URLClassLoader$1::run@1
  0x0000025f87cf0528: 54e9 88ff 

  0x0000025f87cf052c: ;   {other}
  0x0000025f87cf052c: 0f1f 8400 | 1c5b 007f | 85c0 0f84 | 4ed5 ffff | 488b 5424 | 7844 8b44 | 2470 6690 

  0x0000025f87cf0548: ;   {optimized virtual_call}
  0x0000025f87cf0548: c5f8 77e8 

  0x0000025f87cf054c: ; ImmutableOopMap {rbp=Oop [40]=Oop [48]=NarrowOop [56]=Oop [68]=NarrowOop [72]=Oop [80]=Oop [88]=Oop [96]=Oop [120]=Oop }
                      ;*invokevirtual append {reexecute=0 rethrow=0 return_oop=1}
                      ; - java.io.WinNTFileSystem::normalize@189
                      ; - java.io.WinNTFileSystem::normalize@111
                      ; - java.io.File::<init>@73
                      ; - jdk.internal.loader.URLClassPath$FileLoader::getResource@73
                      ; - jdk.internal.loader.URLClassPath::getResource@53
                      ; - java.net.URLClassLoader$1::run@26
                      ; - java.net.URLClassLoader$1::run@1
  0x0000025f87cf054c: 30e9 88ff 

  0x0000025f87cf0550: ;   {other}
  0x0000025f87cf0550: 0f1f 8400 | 405b 0080 | e92d d5ff | ffba f6ff | ffff 488b | 6c24 2848 | 8944 2428 

  0x0000025f87cf056c: ;   {runtime_call UncommonTrapBlob}
  0x0000025f87cf056c: c5f8 77e8 

  0x0000025f87cf0570: ; ImmutableOopMap {rbp=Oop [40]=Oop [112]=NarrowOop }
                      ;*invokevirtual defineClass {reexecute=0 rethrow=0 return_oop=0}
                      ; - java.net.URLClassLoader$1::run@43
                      ; - java.net.URLClassLoader$1::run@1
  0x0000025f87cf0570: 8c77 89ff 

  0x0000025f87cf0574: ;   {other}
  0x0000025f87cf0574: 0f1f 8400 | 645b 0081 | baf6 ffff | ff48 8b6c | 2428 4889 | 7424 2048 | 897c 2430 | 4c8b 5424 
  0x0000025f87cf0594: 404c 8954 | 2438 4489 | 7424 4090 

  0x0000025f87cf05a0: ;   {runtime_call UncommonTrapBlob}
  0x0000025f87cf05a0: c5f8 77e8 

  0x0000025f87cf05a4: ; ImmutableOopMap {rbp=Oop [32]=Oop [48]=Oop [64]=NarrowOop [100]=NarrowOop [112]=NarrowOop [168]=Oop }
                      ;*invokevirtual ensureInitialization {reexecute=0 rethrow=0 return_oop=0}
                      ; - java.util.jar.JavaUtilJarAccessImpl::ensureInitialization@1
                      ; - jdk.internal.loader.URLClassPath$JarLoader$2::getManifest@10
                      ; - java.net.URLClassLoader::defineClass@34
                      ; - java.net.URLClassLoader$1::run@43
                      ; - java.net.URLClassLoader$1::run@1
  0x0000025f87cf05a4: 5877 89ff 

  0x0000025f87cf05a8: ;   {other}
  0x0000025f87cf05a8: 0f1f 8400 | 985b 0082 | 33ed 4585 | db40 0f94 | c5ba 45ff | ffff 4c89 | 7424 2089 | 5c24 2890 
  0x0000025f87cf05c8: ;   {runtime_call UncommonTrapBlob}
  0x0000025f87cf05c8: c5f8 77e8 

  0x0000025f87cf05cc: ; ImmutableOopMap {[32]=Oop [40]=NarrowOop }
                      ;*ifeq {reexecute=1 rethrow=0 return_oop=0}
                      ; - (reexecute) java.lang.String::replace@9
                      ; - java.net.URLClassLoader$1::run@8
                      ; - java.net.URLClassLoader$1::run@1
  0x0000025f87cf05cc: 3077 89ff 

  0x0000025f87cf05d0: ;   {other}
  0x0000025f87cf05d0: 0f1f 8400 | c05b 0083 | ba76 ffff | ff48 8b6c | 2428 4889 | 7424 2844 | 8954 2430 | 4489 5c24 
  0x0000025f87cf05f0: 3866 6690 

  0x0000025f87cf05f4: ;   {runtime_call UncommonTrapBlob}
  0x0000025f87cf05f4: c5f8 77e8 

  0x0000025f87cf05f8: ; ImmutableOopMap {rbp=Oop [40]=Oop [48]=NarrowOop [100]=NarrowOop [112]=NarrowOop }
                      ;*iflt {reexecute=1 rethrow=0 return_oop=0}
                      ; - (reexecute) java.lang.StringLatin1::lastIndexOf@19
                      ; - java.lang.String::lastIndexOf@13
                      ; - java.lang.String::lastIndexOf@8
                      ; - java.net.URLClassLoader::defineClass@7
                      ; - java.net.URLClassLoader$1::run@43
                      ; - java.net.URLClassLoader$1::run@1
  0x0000025f87cf05f8: 0477 89ff 

  0x0000025f87cf05fc: ;   {other}
  0x0000025f87cf05fc: 0f1f 8400 | ec5b 0084 | ba76 ffff | ff4c 8974 | 2420 894c | 2428 897c | 242c 4c89 | 5c24 3089 
  0x0000025f87cf061c: 5c24 3c90 

  0x0000025f87cf0620: ;   {runtime_call UncommonTrapBlob}
  0x0000025f87cf0620: c5f8 77e8 

  0x0000025f87cf0624: ; ImmutableOopMap {[32]=Oop [40]=NarrowOop [48]=Oop [60]=NarrowOop }
                      ;*if_icmpge {reexecute=1 rethrow=0 return_oop=0}
                      ; - (reexecute) java.lang.StringLatin1::replace@61
                      ; - java.lang.String::replace@18
                      ; - java.net.URLClassLoader$1::run@8
                      ; - java.net.URLClassLoader$1::run@1
  0x0000025f87cf0624: d876 89ff 

  0x0000025f87cf0628: ;   {other}
  0x0000025f87cf0628: 0f1f 8400 | 185c 0085 | b801 0000 | 00e9 82b1 | ffff baec | ffff ff48 | 8b6c 2428 | 4c8b 5424 
  0x0000025f87cf0648: 304c 8954 | 2420 4c8b | 5424 404c | 8954 2430 | 4c8b 5424 | 484c 8954 | 2440 4889 | 4424 4890 
  0x0000025f87cf0668: ;   {runtime_call UncommonTrapBlob}
  0x0000025f87cf0668: c5f8 77e8 

  0x0000025f87cf066c: ; ImmutableOopMap {rbp=Oop [32]=Oop [56]=NarrowOop [64]=Oop [72]=Oop [100]=NarrowOop [112]=NarrowOop }
                      ;*astore {reexecute=0 rethrow=0 return_oop=0}
                      ; - java.net.URLClassLoader::defineClass@188
                      ; - java.net.URLClassLoader$1::run@43
                      ; - java.net.URLClassLoader$1::run@1
  0x0000025f87cf066c: 9076 89ff 

  0x0000025f87cf0670: ;   {other}
  0x0000025f87cf0670: 0f1f 8400 | 605c 0086 | bade ffff | ff48 8b6c | 2428 4889 | 7424 2848 | 8974 2430 | 4489 7424 
  0x0000025f87cf0690: 4866 6690 

  0x0000025f87cf0694: ;   {runtime_call UncommonTrapBlob}
  0x0000025f87cf0694: c5f8 77e8 

  0x0000025f87cf0698: ; ImmutableOopMap {rbp=Oop [40]=Oop [48]=Oop [72]=NarrowOop [100]=NarrowOop [112]=NarrowOop [168]=Oop }
                      ;*invokevirtual getManifest {reexecute=0 rethrow=0 return_oop=0}
                      ; - java.net.URLClassLoader::defineClass@34
                      ; - java.net.URLClassLoader$1::run@43
                      ; - java.net.URLClassLoader$1::run@1
  0x0000025f87cf0698: 6476 89ff 

  0x0000025f87cf069c: ;   {other}
  0x0000025f87cf069c: 0f1f 8400 | 8c5c 0087 | bade ffff | ff48 8b6c | 2428 4889 | 7424 204c | 8b5c 2440 | 4c89 5c24 
  0x0000025f87cf06bc: 3844 8974 | 2440 4889 | 7c24 5044 | 894c 2444 | 4489 5424 | 5866 6690 

  0x0000025f87cf06d4: ;   {runtime_call UncommonTrapBlob}
  0x0000025f87cf06d4: c5f8 77e8 

  0x0000025f87cf06d8: ; ImmutableOopMap {rbp=Oop [32]=Oop [64]=NarrowOop [68]=NarrowOop [80]=Oop [88]=NarrowOop [100]=NarrowOop [112]=NarrowOop [168]=Oop }
                      ;*invokeinterface ensureInitialization {reexecute=0 rethrow=0 return_oop=0}
                      ; - jdk.internal.loader.URLClassPath$JarLoader$2::getManifest@10
                      ; - java.net.URLClassLoader::defineClass@34
                      ; - java.net.URLClassLoader$1::run@43
                      ; - java.net.URLClassLoader$1::run@1
  0x0000025f87cf06d8: 2476 89ff 

  0x0000025f87cf06dc: ;   {other}
  0x0000025f87cf06dc: 0f1f 8400 | cc5c 0088 | 4c89 4c24 | 7844 8954 | 2454 4889 | 7c24 684c | 895c 2458 | 4489 7424 
  0x0000025f87cf06fc: 504c 8944 | 2448 448b | 5424 7044 | 8954 243c | 448b 5c24 | 6444 895c | 2438 4889 | 7424 3048 
  0x0000025f87cf071c: 8b6c 2428 | 498b d14c | 8d84 24c0 | 0000 0090 

  0x0000025f87cf072c: ;   {runtime_call _complete_monitor_locking_Java}
  0x0000025f87cf072c: c5f8 77e8 

  0x0000025f87cf0730: ; ImmutableOopMap {rbp=Oop [48]=Oop [56]=NarrowOop [60]=NarrowOop [72]=Oop [80]=NarrowOop [84]=NarrowOop [88]=Oop [104]=Oop [120]=Oop [168]=Oop }
                      ;*synchronization entry
                      ; - java.util.jar.JarFile::ensureInitialization@-1
                      ; - java.util.jar.JavaUtilJarAccessImpl::ensureInitialization@1
                      ; - jdk.internal.loader.URLClassPath$JarLoader$2::getManifest@10
                      ; - java.net.URLClassLoader::defineClass@34
                      ; - java.net.URLClassLoader$1::run@43
                      ; - java.net.URLClassLoader$1::run@1
  0x0000025f87cf0730: cc73 96ff 

  0x0000025f87cf0734: ;   {other}
  0x0000025f87cf0734: 0f1f 8400 | 245d 0089 | 4889 6c24 | 2848 8b74 | 2430 448b | 5424 3844 | 8954 2464 | 448b 5c24 
  0x0000025f87cf0754: 3c44 895c | 2470 4c8b | 5c24 4844 | 8b74 2450 | 488b 7c24 | 6844 8b54 | 2454 4c8b | 4c24 784d 
  0x0000025f87cf0774: 8bc3 4c8b | 5c24 58e9 | 85ba ffff | 498b eb49 | 8bd8 498b | c948 8d94 | 24c0 0000 | 004d 8bc7 
  0x0000025f87cf0794: c5f8 7749 | ba10 c6a1 | bff9 7f00 | 0041 ffd2 

  0x0000025f87cf07a4: ;   {other}
  0x0000025f87cf07a4: 0f1f 8400 | 0000 0000 | 4c8b c34c | 8bdd e902 | bbff ffba | deff ffff | 4c8b 5424 | 284c 8954 
  0x0000025f87cf07c4: 2420 4889 | 7424 2848 | 897c 2438 | 4489 7424 | 4866 6690 

  0x0000025f87cf07d8: ;   {runtime_call UncommonTrapBlob}
  0x0000025f87cf07d8: c5f8 77e8 

  0x0000025f87cf07dc: ; ImmutableOopMap {rbp=NarrowOop [32]=Oop [40]=Oop [56]=Oop [72]=NarrowOop [100]=NarrowOop [112]=NarrowOop [168]=Oop }
                      ;*invokevirtual getManifest {reexecute=0 rethrow=0 return_oop=0}
                      ; - jdk.internal.loader.URLClassPath$JarLoader$2::getManifest@22
                      ; - java.net.URLClassLoader::defineClass@34
                      ; - java.net.URLClassLoader$1::run@43
                      ; - java.net.URLClassLoader$1::run@1
  0x0000025f87cf07dc: 2075 89ff 

  0x0000025f87cf07e0: ;   {other}
  0x0000025f87cf07e0: 0f1f 8400 | d05d 008a | ba6e ffff | ff48 8b6c | 2428 4889 | 7424 2844 | 8954 2430 | 4489 5c24 
  0x0000025f87cf0800: 3866 6690 

  0x0000025f87cf0804: ;   {runtime_call UncommonTrapBlob}
  0x0000025f87cf0804: c5f8 77e8 

  0x0000025f87cf0808: ; ImmutableOopMap {rbp=Oop [40]=Oop [48]=NarrowOop [100]=NarrowOop [112]=NarrowOop }
                      ;*iflt {reexecute=1 rethrow=0 return_oop=0}
                      ; - (reexecute) java.lang.StringLatin1::lastIndexOf@19
                      ; - java.lang.String::lastIndexOf@13
                      ; - java.lang.String::lastIndexOf@8
                      ; - java.net.URLClassLoader::defineClass@7
                      ; - java.net.URLClassLoader$1::run@43
                      ; - java.net.URLClassLoader$1::run@1
  0x0000025f87cf0808: f474 89ff 

  0x0000025f87cf080c: ;   {other}
  0x0000025f87cf080c: 0f1f 8400 | fc5d 008b | ba45 ffff | ff49 8bee | 4c89 5424 | 2044 894c | 2428 6690 

  0x0000025f87cf0828: ;   {runtime_call UncommonTrapBlob}
  0x0000025f87cf0828: c5f8 77e8 

  0x0000025f87cf082c: ; ImmutableOopMap {rbp=Oop [32]=Oop }
                      ;*iflt {reexecute=1 rethrow=0 return_oop=0}
                      ; - (reexecute) java.lang.StringConcatHelper::checkOverflow@2
                      ; - java.lang.StringConcatHelper::mix@23
                      ; - java.lang.StringConcatHelper::simpleConcat@46
                      ; - java.lang.String::concat@11
                      ; - java.net.URLClassLoader$1::run@13
                      ; - java.net.URLClassLoader$1::run@1
  0x0000025f87cf082c: d074 89ff 

  0x0000025f87cf0830: ;   {other}
  0x0000025f87cf0830: 0f1f 8400 | 205e 008c | ba45 ffff | ff4c 8974 | 2420 4c89 | 5424 2890 

  0x0000025f87cf0848: ;   {runtime_call UncommonTrapBlob}
  0x0000025f87cf0848: c5f8 77e8 

  0x0000025f87cf084c: ; ImmutableOopMap {[32]=Oop [40]=Oop }
                      ;*iflt {reexecute=1 rethrow=0 return_oop=0}
                      ; - (reexecute) java.lang.StringConcatHelper::checkOverflow@2
                      ; - java.lang.StringConcatHelper::mix@23
                      ; - java.lang.StringConcatHelper::simpleConcat@54
                      ; - java.lang.String::concat@11
                      ; - java.net.URLClassLoader$1::run@13
                      ; - java.net.URLClassLoader$1::run@1
  0x0000025f87cf084c: b074 89ff 

  0x0000025f87cf0850: ;   {other}
  0x0000025f87cf0850: 0f1f 8400 | 405e 008d | ba45 ffff | ff49 8bee | 4c89 5424 | 2848 895c | 2430 4489 | 4424 3890 
  0x0000025f87cf0870: ;   {runtime_call UncommonTrapBlob}
  0x0000025f87cf0870: c5f8 77e8 

  0x0000025f87cf0874: ; ImmutableOopMap {rbp=Oop [40]=Oop [48]=Oop }
                      ;*if_icmpne {reexecute=1 rethrow=0 return_oop=0}
                      ; - (reexecute) java.lang.String::getBytes@5
                      ; - java.lang.StringConcatHelper::prepend@21
                      ; - java.lang.StringConcatHelper::simpleConcat@81
                      ; - java.lang.String::concat@11
                      ; - java.net.URLClassLoader$1::run@13
                      ; - java.net.URLClassLoader$1::run@1
  0x0000025f87cf0874: 8874 89ff 

  0x0000025f87cf0878: ;   {other}
  0x0000025f87cf0878: 0f1f 8400 | 685e 008e | ba45 ffff | ff49 8bee | 4c89 5424 | 2048 8974 | 2428 4489 | 4424 3090 
  0x0000025f87cf0898: ;   {runtime_call UncommonTrapBlob}
  0x0000025f87cf0898: c5f8 77e8 

  0x0000025f87cf089c: ; ImmutableOopMap {rbp=Oop [32]=Oop }
                      ;*if_icmpne {reexecute=1 rethrow=0 return_oop=0}
                      ; - (reexecute) java.lang.StringConcatHelper::mix@13
                      ; - java.lang.StringConcatHelper::simpleConcat@46
                      ; - java.lang.String::concat@11
                      ; - java.net.URLClassLoader$1::run@13
                      ; - java.net.URLClassLoader$1::run@1
  0x0000025f87cf089c: 6074 89ff 

  0x0000025f87cf08a0: ;   {other}
  0x0000025f87cf08a0: 0f1f 8400 | 905e 008f | ba45 ffff | ff49 8bee | 4c89 5424 | 2048 8944 | 2428 897c | 2430 6690 
  0x0000025f87cf08c0: ;   {runtime_call UncommonTrapBlob}
  0x0000025f87cf08c0: c5f8 77e8 

  0x0000025f87cf08c4: ; ImmutableOopMap {rbp=Oop [32]=Oop }
                      ;*ifge {reexecute=1 rethrow=0 return_oop=0}
                      ; - (reexecute) java.lang.StringConcatHelper::newArray@13
                      ; - java.lang.StringConcatHelper::simpleConcat@61
                      ; - java.lang.String::concat@11
                      ; - java.net.URLClassLoader$1::run@13
                      ; - java.net.URLClassLoader$1::run@1
  0x0000025f87cf08c4: 3874 89ff 

  0x0000025f87cf08c8: ;   {other}
  0x0000025f87cf08c8: 0f1f 8400 | b85e 0090 | 4533 dbe9 | 1dd4 ffff | 418b c3e9 | d9b5 ffff | 33ed 4585 | c040 0f94 
  0x0000025f87cf08e8: c5ba 45ff | ffff 4c8b | 5424 284c | 8954 2420 | 4889 7424 | 3044 8b54 | 2470 4489 | 5424 3c89 
  0x0000025f87cf0908: 5c24 4c90 

  0x0000025f87cf090c: ;   {runtime_call UncommonTrapBlob}
  0x0000025f87cf090c: c5f8 77e8 

  0x0000025f87cf0910: ; ImmutableOopMap {[32]=Oop [48]=Oop [60]=NarrowOop [100]=NarrowOop }
                      ;*ifeq {reexecute=1 rethrow=0 return_oop=0}
                      ; - (reexecute) java.lang.String::lastIndexOf@4
                      ; - java.lang.String::lastIndexOf@8
                      ; - java.net.URLClassLoader::defineClass@7
                      ; - java.net.URLClassLoader$1::run@43
                      ; - java.net.URLClassLoader$1::run@1
  0x0000025f87cf0910: ec73 89ff 

  0x0000025f87cf0914: ;   {other}
  0x0000025f87cf0914: 0f1f 8400 | 045f 0091 | ba45 ffff | ff48 8b6c | 2428 4889 | 7424 2889 | 4424 3489 | 4424 3844 
  0x0000025f87cf0934: 8b5c 2470 | 4489 7424 | 4c44 895c | 2450 894c | 2458 6690 

  0x0000025f87cf0948: ;   {runtime_call UncommonTrapBlob}
  0x0000025f87cf0948: c5f8 77e8 

  0x0000025f87cf094c: ; ImmutableOopMap {rbp=Oop [40]=Oop [76]=NarrowOop [80]=NarrowOop [100]=NarrowOop [112]=NarrowOop }
                      ;*if_icmpgt {reexecute=1 rethrow=0 return_oop=0}
                      ; - (reexecute) jdk.internal.util.Preconditions::checkFromToIndex@6
                      ; - java.lang.String::checkBoundsBeginEnd@6
                      ; - java.lang.String::substring@8
                      ; - java.net.URLClassLoader::defineClass@28
                      ; - java.net.URLClassLoader$1::run@43
                      ; - java.net.URLClassLoader$1::run@1
  0x0000025f87cf094c: b073 89ff 

  0x0000025f87cf0950: ;   {other}
  0x0000025f87cf0950: 0f1f 8400 | 405f 0092 | ba45 ffff | ff48 8b6c | 2428 4c8b | 5424 304c | 8954 2428 | 4889 4424 
  0x0000025f87cf0970: 5066 6690 

  0x0000025f87cf0974: ;   {runtime_call UncommonTrapBlob}
  0x0000025f87cf0974: c5f8 77e8 

  0x0000025f87cf0978: ; ImmutableOopMap {rbp=Oop [40]=Oop [56]=NarrowOop [80]=Oop [100]=NarrowOop [112]=NarrowOop }
                      ;*ifnull {reexecute=1 rethrow=0 return_oop=0}
                      ; - (reexecute) java.net.URLClassLoader::defineClass@139
                      ; - java.net.URLClassLoader$1::run@43
                      ; - java.net.URLClassLoader$1::run@1
  0x0000025f87cf0978: 8473 89ff 

  0x0000025f87cf097c: ;   {other}
  0x0000025f87cf097c: 0f1f 8400 | 6c5f 0093 | ba45 ffff | ff48 8b6c | 2428 4889 | 7424 2889 | 4424 3489 | 4424 3844 
  0x0000025f87cf099c: 8b54 2470 | 4489 7424 | 4c44 8954 | 2450 894c | 2458 894c | 245c 6690 

  0x0000025f87cf09b4: ;   {runtime_call UncommonTrapBlob}
  0x0000025f87cf09b4: c5f8 77e8 

  0x0000025f87cf09b8: ; ImmutableOopMap {rbp=Oop [40]=Oop [76]=NarrowOop [80]=NarrowOop [100]=NarrowOop [112]=NarrowOop }
                      ;*if_icmple {reexecute=1 rethrow=0 return_oop=0}
                      ; - (reexecute) jdk.internal.util.Preconditions::checkFromToIndex@11
                      ; - java.lang.String::checkBoundsBeginEnd@6
                      ; - java.lang.String::substring@8
                      ; - java.net.URLClassLoader::defineClass@28
                      ; - java.net.URLClassLoader$1::run@43
                      ; - java.net.URLClassLoader$1::run@1
  0x0000025f87cf09b8: 4473 89ff 

  0x0000025f87cf09bc: ;   {other}
  0x0000025f87cf09bc: 0f1f 8400 | ac5f 0094 | ba45 ffff | ff4c 8b5c | 2428 4c89 | 5c24 2048 | 8974 2428 | 4489 7424 
  0x0000025f87cf09dc: 4848 897c | 2458 4489 | 5424 6090 

  0x0000025f87cf09e8: ;   {runtime_call UncommonTrapBlob}
  0x0000025f87cf09e8: c5f8 77e8 

  0x0000025f87cf09ec: ; ImmutableOopMap {rbp=NarrowOop [32]=Oop [40]=Oop [72]=NarrowOop [88]=Oop [96]=NarrowOop [100]=NarrowOop [112]=NarrowOop [168]=Oop }
                      ;*ifnull {reexecute=1 rethrow=0 return_oop=0}
                      ; - (reexecute) java.util.jar.JarFile::maybeInstantiateVerifier@4
                      ; - java.util.jar.JarFile::ensureInitialization@1
                      ; - java.util.jar.JavaUtilJarAccessImpl::ensureInitialization@1
                      ; - jdk.internal.loader.URLClassPath$JarLoader$2::getManifest@10
                      ; - java.net.URLClassLoader::defineClass@34
                      ; - java.net.URLClassLoader$1::run@43
                      ; - java.net.URLClassLoader$1::run@1
  0x0000025f87cf09ec: 1073 89ff 

  0x0000025f87cf09f0: ;   {other}
  0x0000025f87cf09f0: 0f1f 8400 | e05f 0095 | 4c89 5424 | 5048 897c | 2448 4c89 | 5c24 3844 | 8974 2424 | 4c89 4424 
  0x0000025f87cf0a10: 3049 8bd7 | c5f8 7749 | ba10 2260 | bff9 7f00 | 0041 ffd2 

  0x0000025f87cf0a24: ;   {other}
  0x0000025f87cf0a24: 0f1f 8400 | 0000 0000 | 4c8b 5c24 | 3044 8b74 | 2424 4c8b | 4c24 3848 | 8b7c 2448 | 4c8b 5424 
  0x0000025f87cf0a44: 50e9 fcd4 | ffff 448b | 9424 9800 | 0000 41ff | ca44 8994 | 2498 0000 | 00e9 f9f6 | ffff 4c89 
  0x0000025f87cf0a64: 6c24 6848 | 895c 2458 | 4489 7424 | 3049 8bd7 | c5f8 7749 | ba10 2260 | bff9 7f00 | 0041 ffd2 
  0x0000025f87cf0a84: ;   {other}
  0x0000025f87cf0a84: 0f1f 8400 | 0000 0000 | 448b 7424 | 3048 8b5c | 2458 4c8b | 6c24 68e9 | 69b6 ffff | 4533 d245 
  0x0000025f87cf0aa4: 8bda e961 | d1ff ff45 | 8bd1 498b | d244 8b84 | 2498 0000 | 0048 8b6c | 2428 6690 

  0x0000025f87cf0ac0: ;   {static_call}
  0x0000025f87cf0ac0: c5f8 77e8 

  0x0000025f87cf0ac4: ; ImmutableOopMap {rbp=Oop [40]=Oop [48]=NarrowOop [56]=Oop [68]=NarrowOop [72]=Oop [80]=Oop [88]=Oop [96]=Oop [104]=Oop }
                      ;*invokestatic charAt {reexecute=0 rethrow=0 return_oop=0}
                      ; - java.lang.String::charAt@21
                      ; - java.io.WinNTFileSystem::normalize@31
                      ; - java.io.File::<init>@73
                      ; - jdk.internal.loader.URLClassPath$FileLoader::getResource@73
                      ; - jdk.internal.loader.URLClassPath::getResource@53
                      ; - java.net.URLClassLoader$1::run@26
                      ; - java.net.URLClassLoader$1::run@1
  0x0000025f87cf0ac4: b8ed 88ff 

  0x0000025f87cf0ac8: ;   {other}
  0x0000025f87cf0ac8: 0f1f 8400 | b860 0096 | 448b d0e9 | 95ce ffff | 4863 c8e9 | 8fb4 ffff | 4883 c1fe | 498b fa48 
  0x0000025f87cf0ae8: 33c0 4883 | f908 7f10 | 48ff c978 | 5648 8904 | cf48 ffc9 | 7df7 eb4b | c5fd efc0 | e90d 0000 
  0x0000025f87cf0b08: 00c5 fe7f | 07c5 fe7f | 4720 4883 | c740 4883 | e908 7ded | 4883 c104 | 7c0c c5fe | 7f07 4883 
  0x0000025f87cf0b28: c720 4883 | e904 4883 | c104 7e17 | 48c7 c0ff | ffff ffc4 | e2f0 f5c0 | c4e1 fb92 | f862 f1fe 
  0x0000025f87cf0b48: 2f7f 07e9 | e5b4 ffff | bacc ffff | ff48 8b6c | 2428 4889 | 7424 2844 | 8954 2430 | 8944 2438 
  0x0000025f87cf0b68: 4489 7424 | 4c48 895c | 2458 6690 

  0x0000025f87cf0b74: ;   {runtime_call UncommonTrapBlob}
  0x0000025f87cf0b74: c5f8 77e8 

  0x0000025f87cf0b78: ; ImmutableOopMap {rbp=Oop [40]=Oop [48]=NarrowOop [76]=NarrowOop [88]=Oop [100]=NarrowOop [112]=NarrowOop }
                      ;*newarray {reexecute=1 rethrow=0 return_oop=0}
                      ; - (reexecute) java.util.Arrays::copyOfRangeByte@10
                      ; - java.util.Arrays::copyOfRange@13
                      ; - java.lang.StringLatin1::newString@16
                      ; - java.lang.String::substring@41
                      ; - java.net.URLClassLoader::defineClass@28
                      ; - java.net.URLClassLoader$1::run@43
                      ; - java.net.URLClassLoader$1::run@1
  0x0000025f87cf0b78: 8471 89ff 

  0x0000025f87cf0b7c: ;   {other}
  0x0000025f87cf0b7c: 0f1f 8400 | 6c61 0097 | 4c89 4424 | 5044 8954 | 2440 4c89 

  0x0000025f87cf0b90: ;   {metadata('java/net/URL')}
  0x0000025f87cf0b90: 4c24 2048 | bab0 4905 | 0001 0000 | 0048 8b6c | 2428 6690 

  0x0000025f87cf0ba4: ;   {runtime_call _new_instance_Java}
  0x0000025f87cf0ba4: c5f8 77e8 

  0x0000025f87cf0ba8: ; ImmutableOopMap {rbp=Oop [40]=Oop [48]=NarrowOop [56]=Oop [72]=Oop [80]=Oop }
                      ;*new {reexecute=0 rethrow=0 return_oop=1}
                      ; - jdk.internal.loader.URLClassPath$FileLoader::getResource@0
                      ; - jdk.internal.loader.URLClassPath::getResource@53
                      ; - java.net.URLClassLoader$1::run@26
                      ; - java.net.URLClassLoader$1::run@1
  0x0000025f87cf0ba8: 54d9 8cff 

  0x0000025f87cf0bac: ;   {other}
  0x0000025f87cf0bac: 0f1f 8400 | 9c61 0098 | e956 cbff | ff4c 8b54 | 2460 458b | 5a14 4585 | db0f 8469 | d9ff ff4d 
  0x0000025f87cf0bcc: 8b57 2849 | 8bcb 4d85 | d20f 84ed | 1800 004d | 8b5f 384b | 894c 13f8 | 4983 c2f8 | 4d89 5728 
  0x0000025f87cf0bec: e943 d9ff | ff4c 8b54 | 2468 4d85 | d20f 85ef | dcff ffba | f6ff ffff | 448b 5424 | 3044 8954 
  0x0000025f87cf0c0c: 2420 4c8b | 5424 4844 | 8b5c 2440 | 4489 5c24 | 244c 8954 | 2430 6690 

  0x0000025f87cf0c24: ;   {runtime_call UncommonTrapBlob}
  0x0000025f87cf0c24: c5f8 77e8 

  0x0000025f87cf0c28: ; ImmutableOopMap {rbp=Oop [32]=NarrowOop [48]=Oop [80]=Oop [88]=Oop [96]=Oop }
                      ;*invokevirtual length {reexecute=0 rethrow=0 return_oop=0}
                      ; - java.io.WinNTFileSystem::prefixLength@6
                      ; - java.io.File::<init>@104
                      ; - jdk.internal.loader.URLClassPath$FileLoader::getResource@118
                      ; - jdk.internal.loader.URLClassPath::getResource@53
                      ; - java.net.URLClassLoader$1::run@26
                      ; - java.net.URLClassLoader$1::run@1
  0x0000025f87cf0c28: d470 89ff 

  0x0000025f87cf0c2c: ;   {other}
  0x0000025f87cf0c2c: 0f1f 8400 | 1c62 0099 | 4c8b 5424 | 6045 8b52 | 1045 85d2 | 0f84 5adc | ffff 4d8b | 5f28 498b 
  0x0000025f87cf0c4c: ca4d 85db | 0f84 9218 | 0000 4d8b | 5738 4b89 | 4c1a f849 | 83c3 f84d | 895f 28e9 | 34dc ffff 
  0x0000025f87cf0c6c: 4d8b 5758 | 4d8b 5f48 | f083 4424 | c000 8039 | 0074 3244 | 8821 4d85 | db74 0f4b | 894c 1af8 
  0x0000025f87cf0c8c: 4983 c3f8 | 4d89 5f48 | eb1b 498b | d7c5 f877 | 49ba f021 | 60bf f97f | 0000 41ff 

  0x0000025f87cf0ca8: ;   {other}
  0x0000025f87cf0ca8: d20f 1f84 | 0000 0000 | 004c 8b54 | 2460 458b | 5210 4585 | d20f 843c | ffff ff4c | 8954 2468 
  0x0000025f87cf0cc8: e921 dcff 

  0x0000025f87cf0ccc: ;   {metadata('java/io/File')}
  0x0000025f87cf0ccc: ff48 ba40 | 3302 0001 | 0000 0090 

  0x0000025f87cf0cd8: ;   {runtime_call _new_instance_Java}
  0x0000025f87cf0cd8: c5f8 77e8 

  0x0000025f87cf0cdc: ; ImmutableOopMap {rbp=Oop [40]=Oop [48]=NarrowOop [56]=Oop [68]=NarrowOop [72]=Oop [80]=Oop [88]=Oop }
                      ;*new {reexecute=0 rethrow=0 return_oop=1}
                      ; - jdk.internal.loader.URLClassPath$FileLoader::getResource@56
                      ; - jdk.internal.loader.URLClassPath::getResource@53
                      ; - java.net.URLClassLoader$1::run@26
                      ; - java.net.URLClassLoader$1::run@1
  0x0000025f87cf0cdc: 20d8 8cff 

  0x0000025f87cf0ce0: ;   {other}
  0x0000025f87cf0ce0: 0f1f 8400 | d062 009a | e936 cbff 

  0x0000025f87cf0cec: ;   {metadata('jdk/internal/loader/URLClassPath$FileLoader$1')}
  0x0000025f87cf0cec: ff48 ba80 | f45e 0001 | 0000 0090 

  0x0000025f87cf0cf8: ;   {runtime_call _new_instance_Java}
  0x0000025f87cf0cf8: c5f8 77e8 

  0x0000025f87cf0cfc: ; ImmutableOopMap {rbp=Oop [40]=Oop [48]=NarrowOop [56]=Oop [72]=Oop [80]=Oop [88]=Oop [104]=Oop }
                      ;*new {reexecute=0 rethrow=0 return_oop=1}
                      ; - jdk.internal.loader.URLClassPath$FileLoader::getResource@131
                      ; - jdk.internal.loader.URLClassPath::getResource@53
                      ; - java.net.URLClassLoader$1::run@26
                      ; - java.net.URLClassLoader$1::run@1
  0x0000025f87cf0cfc: 00d8 8cff 

  0x0000025f87cf0d00: ;   {other}
  0x0000025f87cf0d00: 0f1f 8400 | f062 009b | e9c4 d0ff | ff45 8bd0 | 498b d244 | 8b84 2484 | 0000 0048 | 8b6c 2428 
  0x0000025f87cf0d20: ;   {static_call}
  0x0000025f87cf0d20: c5f8 77e8 

  0x0000025f87cf0d24: ; ImmutableOopMap {rbp=Oop [40]=Oop [48]=NarrowOop [56]=Oop [68]=NarrowOop [72]=Oop [80]=Oop [88]=Oop [96]=Oop [104]=Oop [120]=Oop }
                      ;*invokestatic charAt {reexecute=0 rethrow=0 return_oop=0}
                      ; - java.lang.String::charAt@21
                      ; - java.io.WinNTFileSystem::normalize@70
                      ; - java.io.WinNTFileSystem::normalize@111
                      ; - java.io.File::<init>@73
                      ; - jdk.internal.loader.URLClassPath$FileLoader::getResource@73
                      ; - jdk.internal.loader.URLClassPath::getResource@53
                      ; - java.net.URLClassLoader$1::run@26
                      ; - java.net.URLClassLoader$1::run@1
  0x0000025f87cf0d24: 58eb 88ff 

  0x0000025f87cf0d28: ;   {other}
  0x0000025f87cf0d28: 0f1f 8400 | 1863 009c | 448b c0e9 | 4cd6 ffff | 498b d241 | b801 0000 | 0048 8b6c | 2428 6690 
  0x0000025f87cf0d48: ;   {optimized virtual_call}
  0x0000025f87cf0d48: c5f8 77e8 

  0x0000025f87cf0d4c: ; ImmutableOopMap {rbp=Oop [40]=Oop [48]=NarrowOop [56]=Oop [68]=NarrowOop [72]=Oop [80]=Oop [88]=Oop [96]=Oop [120]=Oop }
                      ;*invokespecial charAt {reexecute=0 rethrow=0 return_oop=0}
                      ; - java.lang.StringBuilder::charAt@2
                      ; - java.io.WinNTFileSystem::normalize@131
                      ; - java.io.WinNTFileSystem::normalize@111
                      ; - java.io.File::<init>@73
                      ; - jdk.internal.loader.URLClassPath$FileLoader::getResource@118
                      ; - jdk.internal.loader.URLClassPath::getResource@53
                      ; - java.net.URLClassLoader$1::run@26
                      ; - java.net.URLClassLoader$1::run@1
  0x0000025f87cf0d4c: 30e1 88ff 

  0x0000025f87cf0d50: ;   {other}
  0x0000025f87cf0d50: 0f1f 8400 | 4063 009d | 83f8 3a0f | 8596 daff | ff48 8b54 | 2478 448b | 4424 7090 

  0x0000025f87cf0d6c: ;   {optimized virtual_call}
  0x0000025f87cf0d6c: c5f8 77e8 

  0x0000025f87cf0d70: ; ImmutableOopMap {rbp=Oop [40]=Oop [48]=NarrowOop [56]=Oop [68]=NarrowOop [72]=Oop [80]=Oop [88]=Oop [96]=Oop [120]=Oop }
                      ;*invokespecial append {reexecute=0 rethrow=0 return_oop=1}
                      ; - java.lang.StringBuilder::append@2
                      ; - java.io.WinNTFileSystem::normalize@143
                      ; - java.io.WinNTFileSystem::normalize@111
                      ; - java.io.File::<init>@73
                      ; - jdk.internal.loader.URLClassPath$FileLoader::getResource@118
                      ; - jdk.internal.loader.URLClassPath::getResource@53
                      ; - java.net.URLClassLoader$1::run@26
                      ; - java.net.URLClassLoader$1::run@1
  0x0000025f87cf0d70: 0ce1 88ff 

  0x0000025f87cf0d74: ;   {other}
  0x0000025f87cf0d74: 0f1f 8400 | 6463 009e | e976 daff | ff49 8bd2 | 448b 4424 | 7048 8b6c | 2428 6690 

  0x0000025f87cf0d90: ;   {optimized virtual_call}
  0x0000025f87cf0d90: c5f8 77e8 

  0x0000025f87cf0d94: ; ImmutableOopMap {rbp=Oop [40]=Oop [48]=NarrowOop [56]=Oop [68]=NarrowOop [72]=Oop [80]=Oop [88]=Oop [96]=Oop [120]=Oop }
                      ;*invokevirtual append {reexecute=0 rethrow=0 return_oop=1}
                      ; - java.io.WinNTFileSystem::normalize@159
                      ; - java.io.WinNTFileSystem::normalize@111
                      ; - java.io.File::<init>@73
                      ; - jdk.internal.loader.URLClassPath$FileLoader::getResource@118
                      ; - jdk.internal.loader.URLClassPath::getResource@53
                      ; - java.net.URLClassLoader$1::run@26
                      ; - java.net.URLClassLoader$1::run@1
  0x0000025f87cf0d94: e8e0 88ff 

  0x0000025f87cf0d98: ;   {other}
  0x0000025f87cf0d98: 0f1f 8400 | 8863 009f | e952 daff | ff48 8bd8 | 448b 5008 | 4d33 c04f | 8d04 d04d | 8b50 504c 
  0x0000025f87cf0db8: 3bd5 0f85 | ee02 0000 | 4c8b 4c24 | 6844 8b5c | 2464 498b | d34c 8b84 | 24a8 0000 | 0048 8b7c 
  0x0000025f87cf0dd8: 2450 6690 

  0x0000025f87cf0ddc: ;   {optimized virtual_call}
  0x0000025f87cf0ddc: c5f8 77e8 

  0x0000025f87cf0de0: ; ImmutableOopMap {[40]=Oop [48]=Oop [60]=NarrowOop [72]=Oop [80]=Oop [88]=Oop [100]=NarrowOop [112]=NarrowOop [168]=Oop }
                      ;*invokevirtual getAndVerifyPackage {reexecute=0 rethrow=0 return_oop=1}
                      ; - java.net.URLClassLoader::defineClass@97
                      ; - java.net.URLClassLoader$1::run@43
                      ; - java.net.URLClassLoader$1::run@1
  0x0000025f87cf0de0: 9ce0 88ff 

  0x0000025f87cf0de4: ;   {other}
  0x0000025f87cf0de4: 0f1f 8400 | d463 00a0 | 4885 c00f | 846b 1900 | 0048 8b74 | 2430 448b | 7424 3c4c | 8b44 2448 
  0x0000025f87cf0e04: e97f b5ff | ff48 8bd8 | 448b 5008 | 4d33 db4f | 8d1c d34d 

  0x0000025f87cf0e18: ;   {metadata('java/io/IOException')}
  0x0000025f87cf0e18: 8b53 4849 | bba8 d009 | 0001 0000 | 004d 3bd3 | 0f84 4e19 | 0000 4c8b | 5c24 7848 | 8d84 24c0 
  0x0000025f87cf0e38: 0000 0048 | 8338 000f | 8479 0000 | 004d 8b13 | 41f6 c202 | 0f84 6200 | 0000 4983 | ba86 0000 
  0x0000025f87cf0e58: 0000 7409 | 49ff 8a86 | 0000 00eb | 4b49 8b82 | 9600 0000 | 490b 828e | 0000 0075 | 0a49 c742 
  0x0000025f87cf0e78: 3e00 0000 | 00eb 3d49 | 83ba 9e00 | 0000 0074 | 2248 33c0 | 49c7 423e | 0000 0000 | f083 0424 
  0x0000025f87cf0e98: 0049 83ba | 9e00 0000 | 0075 0df0 | 4d0f b17a | 3e75 0583 | c801 eb0c | a800 eb08 | 4c8b 10f0 
  0x0000025f87cf0eb8: 4d0f b113 | 750a 49ff | 8f48 0500 | 0045 33d2 | 0f84 9600 | 0000 498b | cb48 8d94 | 24c0 0000 
  0x0000025f87cf0ed8: 004d 8bc7 | c5f8 7749 | ba10 c6a1 | bff9 7f00 | 0041 ffd2 

  0x0000025f87cf0eec: ;   {other}
  0x0000025f87cf0eec: 0f1f 8400 | 0000 0000 | eb6e 4c8b | d0eb 664c | 8bd0 eb61 | 4c8b d0eb | 5c4c 8bd0 | eb57 4c8b 
  0x0000025f87cf0f0c: d0eb 524c | 8bd0 eb4d | 4c8b d0eb | 484c 8bd0 | eb43 4c8b | d0eb 3eeb | 0048 8984 | 2480 0000 
  0x0000025f87cf0f2c: 004c 8b54 | 2468 4d85 | d274 1d49 | 8bd2 c5f8 | 7748 b8ff | ffff ffff 

  0x0000025f87cf0f44: ;   {virtual_call}
  0x0000025f87cf0f44: ffff ffe8 

  0x0000025f87cf0f48: ; ImmutableOopMap {[40]=Oop [48]=Oop [56]=NarrowOop [60]=NarrowOop [72]=Oop [88]=Oop [128]=Oop [168]=Oop }
                      ;*invokevirtual close {reexecute=0 rethrow=0 return_oop=0}
                      ; - java.util.jar.JarFile::getManifestFromReference@165
                      ; - java.util.jar.JarFile::getManifest@1
                      ; - jdk.internal.loader.URLClassPath$JarLoader$2::getManifest@22
                      ; - java.net.URLClassLoader::defineClass@34
                      ; - java.net.URLClassLoader$1::run@43
                      ; - java.net.URLClassLoader$1::run@1
  0x0000025f87cf0f48: 34e4 88ff 

  0x0000025f87cf0f4c: ;   {other}
  0x0000025f87cf0f4c: 0f1f 8400 | 3c65 00a1 | 4c8b 9424 | 8000 0000 | eb03 4c8b | d049 8bda | 448b 5308 | 4d33 c04f 
  0x0000025f87cf0f6c: 8d04 d0e9 | 3a01 0000 | 4d8b 5b40 

  0x0000025f87cf0f78: ;   {metadata('java/lang/Exception')}
  0x0000025f87cf0f78: 49b8 303e | 0400 0100 | 0000 4d3b | d80f 8465 

  0x0000025f87cf0f88: ;   {metadata('java/security/PrivilegedActionException')}
  0x0000025f87cf0f88: 1700 0049 | bba8 2e26 | 0001 0000 | 004d 3bd3 | 0f84 8a17 | 0000 448b | 5308 4d33 | db4f 8d1c 
  0x0000025f87cf0fa8: d34d 8b53 

  0x0000025f87cf0fac: ;   {metadata('java/io/IOException')}
  0x0000025f87cf0fac: 4849 bba8 | d009 0001 | 0000 004d | 3bd3 0f85 | 8a01 0000 | 488b ebba | fe00 0000 | 4c8b 5424 
  0x0000025f87cf0fcc: 284c 8954 | 2420 448b | 5424 3044 | 8954 2428 

  0x0000025f87cf0fdc: ;   {runtime_call UncommonTrapBlob}
  0x0000025f87cf0fdc: c5f8 77e8 

  0x0000025f87cf0fe0: ; ImmutableOopMap {rbp=Oop [32]=Oop [40]=NarrowOop [72]=Oop }
                      ;*new {reexecute=0 rethrow=0 return_oop=0}
                      ; - jdk.internal.loader.URLClassPath$JarLoader::getResource@8
                      ; - jdk.internal.loader.URLClassPath::getResource@53
                      ; - java.net.URLClassLoader$1::run@26
                      ; - java.net.URLClassLoader$1::run@1
  0x0000025f87cf0fe0: 1c6d 89ff 

  0x0000025f87cf0fe4: ;   {other}
  0x0000025f87cf0fe4: 0f1f 8400 | d465 00a2 | 488b d844 | 8b50 084d | 33c0 4f8d | 04d0 e9af | 0000 0048 | 8bd8 448b 
  0x0000025f87cf1004: 5008 4d33 | c04f 8d04 | d0e9 9c00 | 0000 488b | d844 8b50 | 084d 33c0 | 4f8d 04d0 | e989 0000 
  0x0000025f87cf1024: 0048 8bd8 | 448b 5008 | 4d33 c04f | 8d04 d0eb | 794c 8bd0 | 498b da45 | 8b52 084d | 33c0 4f8d 
  0x0000025f87cf1044: 04d0 eb66 | 4c8b d049 | 8bda 458b | 5208 4d33 | c04f 8d04 | d0eb 5348 | 8bd8 e9e7 | 0000 0048 
  0x0000025f87cf1064: 8bd8 448b | 4008 4d33 | db4f 8d1c | c3eb 0e48 | 8bd8 448b | 5008 4d33 | db4f 8d1c | d34d 8b53 
  0x0000025f87cf1084: ;   {metadata('java/lang/RuntimeException')}
  0x0000025f87cf1084: 4849 b8c0 | 4004 0001 | 0000 004d | 3bd0 0f85 | dcfe ffff | 488b d3e9 | ad00 0000 | 488b d844 
  0x0000025f87cf10a4: 8b50 084d | 33c0 4f8d | 04d0 4d8b 

  0x0000025f87cf10b0: ;   {metadata('java/io/IOException')}
  0x0000025f87cf10b0: 5048 49bb | a8d0 0900 | 0100 0000 | 4d3b d30f | 84b3 1500 | 004d 8b50 

  0x0000025f87cf10c8: ;   {metadata('java/lang/ClassFormatError')}
  0x0000025f87cf10c8: 5049 bb58 | 7754 0001 | 0000 004d | 3bd3 7572 | 488b eb48 | 8b54 2430 | 6690 c5f8 | 7748 b8ff 
  0x0000025f87cf10e8: ffff ffff 

  0x0000025f87cf10ec: ;   {virtual_call}
  0x0000025f87cf10ec: ffff ffe8 

  0x0000025f87cf10f0: ; ImmutableOopMap {rbp=Oop [48]=Oop }
                      ;*invokevirtual getDataError {reexecute=0 rethrow=0 return_oop=1}
                      ; - java.net.URLClassLoader$1::run@63
                      ; - java.net.URLClassLoader$1::run@1
  0x0000025f87cf10f0: 8ce2 88ff 

  0x0000025f87cf10f4: ;   {other}
  0x0000025f87cf10f4: 0f1f 8400 | e466 00a3 | 4885 c074 | 3748 8b54 | 2430 c5f8 | 7748 b8ff | ffff ffff 

  0x0000025f87cf1110: ;   {virtual_call}
  0x0000025f87cf1110: ffff ffe8 

  0x0000025f87cf1114: ; ImmutableOopMap {rbp=Oop }
                      ;*invokevirtual getDataError {reexecute=0 rethrow=0 return_oop=1}
                      ; - java.net.URLClassLoader$1::run@71
                      ; - java.net.URLClassLoader$1::run@1
  0x0000025f87cf1114: 68e2 88ff 

  0x0000025f87cf1118: ;   {other}
  0x0000025f87cf1118: 0f1f 8400 | 0867 00a4 | 488b d54c | 8bc0 6690 

  0x0000025f87cf1128: ;   {optimized virtual_call}
  0x0000025f87cf1128: c5f8 77e8 

  0x0000025f87cf112c: ; ImmutableOopMap {rbp=Oop }
                      ;*invokevirtual addSuppressed {reexecute=0 rethrow=0 return_oop=0}
                      ; - java.net.URLClassLoader$1::run@74
                      ; - java.net.URLClassLoader$1::run@1
  0x0000025f87cf112c: 50dd 88ff 

  0x0000025f87cf1130: ;   {other}
  0x0000025f87cf1130: 0f1f 8400 | 2067 00a5 | 488b d5eb | 1048 8bd8 | eb08 488b | d8eb 0348 | 8bd8 488b | d3c5 f877 
  0x0000025f87cf1150: 4881 c4d0 | 0000 005d 

  0x0000025f87cf1158: ;   {runtime_call _rethrow_Java}
  0x0000025f87cf1158: e9a3 b396 | ff49 8bd2 | 4533 c048 | 8b6c 2428 

  0x0000025f87cf1168: ;   {optimized virtual_call}
  0x0000025f87cf1168: c5f8 77e8 

  0x0000025f87cf116c: ; ImmutableOopMap {rbp=Oop [40]=Oop [48]=NarrowOop [56]=Oop [68]=NarrowOop [72]=Oop [80]=Oop [88]=Oop [96]=Oop [120]=Oop }
                      ;*invokespecial charAt {reexecute=0 rethrow=0 return_oop=0}
                      ; - java.lang.StringBuilder::charAt@2
                      ; - java.io.WinNTFileSystem::normalize@176
                      ; - java.io.WinNTFileSystem::normalize@111
                      ; - java.io.File::<init>@73
                      ; - jdk.internal.loader.URLClassPath$FileLoader::getResource@118
                      ; - jdk.internal.loader.URLClassPath::getResource@53
                      ; - java.net.URLClassLoader$1::run@26
                      ; - java.net.URLClassLoader$1::run@1
  0x0000025f87cf116c: 10dd 88ff 

  0x0000025f87cf1170: ;   {other}
  0x0000025f87cf1170: 0f1f 8400 | 6067 00a6 

  0x0000025f87cf1178: ;   {oop(a 'java/io/WinNTFileSystem'{0x00000000a05956c8})}
  0x0000025f87cf1178: 48ba c856 | 59a0 0000 | 0000 448b | c066 6690 

  0x0000025f87cf1188: ;   {optimized virtual_call}
  0x0000025f87cf1188: c5f8 77e8 

  0x0000025f87cf118c: ; ImmutableOopMap {rbp=Oop [40]=Oop [48]=NarrowOop [56]=Oop [68]=NarrowOop [72]=Oop [80]=Oop [88]=Oop [96]=Oop [120]=Oop }
                      ;*invokevirtual isSlash {reexecute=0 rethrow=0 return_oop=0}
                      ; - java.io.WinNTFileSystem::normalize@179
                      ; - java.io.WinNTFileSystem::normalize@111
                      ; - java.io.File::<init>@73
                      ; - jdk.internal.loader.URLClassPath$FileLoader::getResource@118
                      ; - jdk.internal.loader.URLClassPath::getResource@53
                      ; - java.net.URLClassLoader$1::run@26
                      ; - java.net.URLClassLoader$1::run@1
  0x0000025f87cf118c: f0dc 88ff 

  0x0000025f87cf1190: ;   {other}
  0x0000025f87cf1190: 0f1f 8400 | 8067 00a7 | 85c0 0f84 | 57d6 ffff | 488b 5424 | 7844 8b44 | 2470 6690 

  0x0000025f87cf11ac: ;   {optimized virtual_call}
  0x0000025f87cf11ac: c5f8 77e8 

  0x0000025f87cf11b0: ; ImmutableOopMap {rbp=Oop [40]=Oop [48]=NarrowOop [56]=Oop [68]=NarrowOop [72]=Oop [80]=Oop [88]=Oop [96]=Oop [120]=Oop }
                      ;*invokevirtual append {reexecute=0 rethrow=0 return_oop=1}
                      ; - java.io.WinNTFileSystem::normalize@189
                      ; - java.io.WinNTFileSystem::normalize@111
                      ; - java.io.File::<init>@73
                      ; - jdk.internal.loader.URLClassPath$FileLoader::getResource@118
                      ; - jdk.internal.loader.URLClassPath::getResource@53
                      ; - java.net.URLClassLoader$1::run@26
                      ; - java.net.URLClassLoader$1::run@1
  0x0000025f87cf11b0: ccdc 88ff 

  0x0000025f87cf11b4: ;   {other}
  0x0000025f87cf11b4: 0f1f 8400 | a467 00a8 | e936 d6ff | ffba e4ff | ffff 4c8b | 5424 284c | 8954 2420 | 448b 5c24 
  0x0000025f87cf11d4: 3044 895c | 2428 448b | 5424 4044 | 8954 242c | 4c8b 5424 | 484c 8954 | 2438 4c8b | 5424 504c 
  0x0000025f87cf11f4: 8954 2448 | 4c8b 5424 | 584c 8954 | 2450 448b | 5424 4444 | 8954 2440 | 448b 5424 | 7444 8954 
  0x0000025f87cf1214: 2444 448b | 5424 7844 | 8954 2474 | 4489 8c24 | 8800 0000 

  0x0000025f87cf1228: ;   {runtime_call UncommonTrapBlob}
  0x0000025f87cf1228: c5f8 77e8 

  0x0000025f87cf122c: ; ImmutableOopMap {[32]=Oop [40]=NarrowOop [56]=Oop [64]=NarrowOop [72]=Oop [80]=Oop [96]=Oop [104]=Oop [136]=NarrowOop }
                      ;*invokestatic checkIndex {reexecute=0 rethrow=0 return_oop=0}
                      ; - java.lang.String::checkIndex@5
                      ; - java.lang.StringLatin1::charAt@3
                      ; - java.lang.String::charAt@12
                      ; - java.io.WinNTFileSystem::normalize@31
                      ; - java.io.File::<init>@73
                      ; - jdk.internal.loader.URLClassPath$FileLoader::getResource@73
                      ; - jdk.internal.loader.URLClassPath::getResource@53
                      ; - java.net.URLClassLoader$1::run@26
                      ; - java.net.URLClassLoader$1::run@1
  0x0000025f87cf122c: d06a 89ff 

  0x0000025f87cf1230: ;   {other}
  0x0000025f87cf1230: 0f1f 8400 | 2068 00a9 | 4533 c0e9 | 32d8 ffff | bae4 ffff | ff48 8b6c | 2428 448b | 5424 3044 
  0x0000025f87cf1250: 8954 2420 | 4c8b 5424 | 4844 8b5c | 2440 4489 | 5c24 244c | 8954 2430 | 4c8b 5424 | 504c 8954 
  0x0000025f87cf1270: 2438 4c8b | 5424 584c | 8954 2448 | 4c8b 5424 | 604c 8954 | 2458 448b | 5c24 4444 | 895c 2440 
  0x0000025f87cf1290: 448b 5424 | 7444 8954 | 2444 448b | 9c24 8000 | 0000 4489 | 5c24 7444 | 8984 2480 | 0000 0044 
  0x0000025f87cf12b0: 898c 248c | 0000 0090 

  0x0000025f87cf12b8: ;   {runtime_call UncommonTrapBlob}
  0x0000025f87cf12b8: c5f8 77e8 

  0x0000025f87cf12bc: ; ImmutableOopMap {rbp=Oop [32]=NarrowOop [48]=Oop [56]=Oop [64]=NarrowOop [72]=Oop [88]=Oop [96]=Oop [104]=Oop [120]=Oop [128]=NarrowOop }
                      ;*invokestatic checkIndex {reexecute=0 rethrow=0 return_oop=0}
                      ; - java.lang.String::checkIndex@5
                      ; - java.lang.StringLatin1::charAt@3
                      ; - java.lang.String::charAt@12
                      ; - java.io.WinNTFileSystem::normalize@70
                      ; - java.io.WinNTFileSystem::normalize@111
                      ; - java.io.File::<init>@73
                      ; - jdk.internal.loader.URLClassPath$FileLoader::getResource@73
                      ; - jdk.internal.loader.URLClassPath::getResource@53
                      ; - java.net.URLClassLoader$1::run@26
                      ; - java.net.URLClassLoader$1::run@1
  0x0000025f87cf12bc: 406a 89ff 

  0x0000025f87cf12c0: ;   {other}
  0x0000025f87cf12c0: 0f1f 8400 | b068 00aa | bae4 ffff | ff4c 8b54 | 2428 4c89 | 5424 2044 | 8b5c 2430 | 4489 5c24 
  0x0000025f87cf12e0: 284c 8b54 | 2448 448b | 5c24 4044 | 895c 242c | 4c89 5424 | 384c 8b54 | 2450 4c89 | 5424 484c 
  0x0000025f87cf1300: 8b54 2458 | 4c89 5424 | 5044 8b54 | 2444 4489 | 5424 4044 | 8b5c 2474 | 4489 5c24 | 4444 8b9c 
  0x0000025f87cf1320: 2480 0000 | 0044 895c | 2474 4489 | 8424 8000 | 0000 6690 

  0x0000025f87cf1334: ;   {runtime_call UncommonTrapBlob}
  0x0000025f87cf1334: c5f8 77e8 

  0x0000025f87cf1338: ; ImmutableOopMap {[32]=Oop [40]=NarrowOop [56]=Oop [64]=NarrowOop [72]=Oop [80]=Oop [96]=Oop [104]=Oop [120]=Oop [128]=NarrowOop }
                      ;*baload {reexecute=0 rethrow=0 return_oop=0}
                      ; - java.lang.StringLatin1::charAt@8
                      ; - java.lang.String::charAt@12
                      ; - java.io.WinNTFileSystem::normalize@70
                      ; - java.io.WinNTFileSystem::normalize@111
                      ; - java.io.File::<init>@73
                      ; - jdk.internal.loader.URLClassPath$FileLoader::getResource@73
                      ; - jdk.internal.loader.URLClassPath::getResource@53
                      ; - java.net.URLClassLoader$1::run@26
                      ; - java.net.URLClassLoader$1::run@1
  0x0000025f87cf1338: c469 89ff 

  0x0000025f87cf133c: ;   {other}
  0x0000025f87cf133c: 0f1f 8400 | 2c69 00ab 

  0x0000025f87cf1344: ;   {metadata('java/lang/StringBuilder')}
  0x0000025f87cf1344: 48ba 3034 | 0500 0100 | 0000 488b | 6c24 2890 

  0x0000025f87cf1354: ;   {runtime_call _new_instance_Java}
  0x0000025f87cf1354: c5f8 77e8 

  0x0000025f87cf1358: ; ImmutableOopMap {rbp=Oop [40]=Oop [48]=NarrowOop [56]=Oop [68]=NarrowOop [72]=Oop [80]=Oop [88]=Oop [96]=Oop [104]=Oop }
                      ;*new {reexecute=0 rethrow=0 return_oop=1}
                      ; - java.io.WinNTFileSystem::normalize@19
                      ; - java.io.WinNTFileSystem::normalize@111
                      ; - java.io.File::<init>@73
                      ; - jdk.internal.loader.URLClassPath$FileLoader::getResource@73
                      ; - jdk.internal.loader.URLClassPath::getResource@53
                      ; - java.net.URLClassLoader$1::run@26
                      ; - java.net.URLClassLoader$1::run@1
  0x0000025f87cf1358: a4d1 8cff 

  0x0000025f87cf135c: ;   {other}
  0x0000025f87cf135c: 0f1f 8400 | 4c69 00ac | e91d cbff 

  0x0000025f87cf1368: ;   {metadata('java/lang/String')}
  0x0000025f87cf1368: ff48 ba90 | 2004 0001 | 0000 0048 | 8b6c 2428 

  0x0000025f87cf1378: ;   {runtime_call _new_instance_Java}
  0x0000025f87cf1378: c5f8 77e8 

  0x0000025f87cf137c: ; ImmutableOopMap {rbp=Oop [40]=Oop [48]=NarrowOop [56]=Oop [68]=NarrowOop [72]=Oop [80]=Oop [88]=Oop [96]=Oop [120]=Oop }
                      ;*new {reexecute=0 rethrow=0 return_oop=1}
                      ; - java.lang.StringBuilder::toString@0
                      ; - java.io.WinNTFileSystem::normalize@220
                      ; - java.io.WinNTFileSystem::normalize@111
                      ; - java.io.File::<init>@73
                      ; - jdk.internal.loader.URLClassPath$FileLoader::getResource@73
                      ; - jdk.internal.loader.URLClassPath::getResource@53
                      ; - java.net.URLClassLoader$1::run@26
                      ; - java.net.URLClassLoader$1::run@1
  0x0000025f87cf137c: 80d1 8cff 

  0x0000025f87cf1380: ;   {other}
  0x0000025f87cf1380: 0f1f 8400 | 7069 00ad | e949 c7ff | ffba deff | ffff 488b | 6c24 284c | 8b54 2430 | 4c89 5424 
  0x0000025f87cf13a0: 2044 8b44 | 2438 4489 | 4424 2844 | 8b54 2470 | 4489 5424 | 2c4c 8b54 | 2458 4c89 | 5424 304c 
  0x0000025f87cf13c0: 8b54 2478 | 4c89 5424 | 504c 8b54 | 2468 4c89 | 5424 584c | 894c 2470 | 4c89 5c24 | 7866 6690 
  0x0000025f87cf13e0: ;   {runtime_call UncommonTrapBlob}
  0x0000025f87cf13e0: c5f8 77e8 

  0x0000025f87cf13e4: ; ImmutableOopMap {rbp=Oop [32]=Oop [40]=NarrowOop [44]=NarrowOop [48]=Oop [60]=NarrowOop [80]=Oop [88]=Oop [112]=Oop [120]=Oop [168]=Oop }
                      ;*invokevirtual getName {reexecute=0 rethrow=0 return_oop=0}
                      ; - java.util.jar.JarFile::getManifestFromReference@74
                      ; - java.util.jar.JarFile::getManifest@1
                      ; - jdk.internal.loader.URLClassPath$JarLoader$2::getManifest@22
                      ; - java.net.URLClassLoader::defineClass@34
                      ; - java.net.URLClassLoader$1::run@43
                      ; - java.net.URLClassLoader$1::run@1
  0x0000025f87cf13e4: 1869 89ff 

  0x0000025f87cf13e8: ;   {other}
  0x0000025f87cf13e8: 0f1f 8400 | d869 00ae | ba0f 0000 | 004c 8b54 | 2428 4c89 | 5424 204c | 8b54 2430 | 4c89 5424 
  0x0000025f87cf1408: 2844 8b54 | 2438 4489 | 5424 3044 | 8b5c 2470 | 4489 5c24 | 344c 8b54 | 2458 4c89 | 5424 484c 
  0x0000025f87cf1428: 8b54 2478 | 4c89 5424 | 5866 6690 

  0x0000025f87cf1434: ;   {runtime_call UncommonTrapBlob}
  0x0000025f87cf1434: c5f8 77e8 

  0x0000025f87cf1438: ; ImmutableOopMap {rbp=Oop [32]=Oop [40]=Oop [48]=NarrowOop [52]=NarrowOop [60]=NarrowOop [72]=Oop [88]=Oop [96]=Oop [104]=Oop [168]=Oop }
                      ;*new {reexecute=0 rethrow=0 return_oop=0}
                      ; - java.util.Hashtable::<init>@53
                      ; - java.util.Hashtable::<init>@5
                      ; - java.util.jar.JarVerifier::<init>@39
                      ; - java.util.jar.JarFile::getManifestFromReference@78
                      ; - java.util.jar.JarFile::getManifest@1
                      ; - jdk.internal.loader.URLClassPath$JarLoader$2::getManifest@22
                      ; - java.net.URLClassLoader::defineClass@34
                      ; - java.net.URLClassLoader$1::run@43
                      ; - java.net.URLClassLoader$1::run@1
  0x0000025f87cf1438: c468 89ff 

  0x0000025f87cf143c: ;   {other}
  0x0000025f87cf143c: 0f1f 8400 | 2c6a 00af | ba0f 0000 | 004c 8b54 | 2428 4c89 | 5424 204c | 8b54 2430 | 4c89 5424 
  0x0000025f87cf145c: 2844 8b54 | 2438 4489 | 5424 3044 | 8b5c 2470 | 4489 5c24 | 344c 8b54 | 2458 4c89 | 5424 484c 
  0x0000025f87cf147c: 8b54 2478 | 4c89 5424 | 5866 6690 

  0x0000025f87cf1488: ;   {runtime_call UncommonTrapBlob}
  0x0000025f87cf1488: c5f8 77e8 

  0x0000025f87cf148c: ; ImmutableOopMap {rbp=Oop [32]=Oop [40]=Oop [48]=NarrowOop [52]=NarrowOop [60]=NarrowOop [72]=Oop [88]=Oop [96]=Oop [104]=Oop [168]=Oop }
                      ;*new {reexecute=0 rethrow=0 return_oop=0}
                      ; - java.util.Hashtable::<init>@53
                      ; - java.util.Hashtable::<init>@5
                      ; - java.util.jar.JarVerifier::<init>@50
                      ; - java.util.jar.JarFile::getManifestFromReference@78
                      ; - java.util.jar.JarFile::getManifest@1
                      ; - jdk.internal.loader.URLClassPath$JarLoader$2::getManifest@22
                      ; - java.net.URLClassLoader::defineClass@34
                      ; - java.net.URLClassLoader$1::run@43
                      ; - java.net.URLClassLoader$1::run@1
  0x0000025f87cf148c: 7068 89ff 

  0x0000025f87cf1490: ;   {other}
  0x0000025f87cf1490: 0f1f 8400 | 806a 00b0 | ba0f 0000 | 004c 8b54 | 2428 4c89 | 5424 204c | 8b54 2430 | 4c89 5424 
  0x0000025f87cf14b0: 2844 8b54 | 2438 4489 | 5424 3044 | 8b5c 2470 | 4489 5c24 | 344c 8b54 | 2458 4c89 | 5424 484c 
  0x0000025f87cf14d0: 8b54 2478 | 4c89 5424 | 5866 6690 

  0x0000025f87cf14dc: ;   {runtime_call UncommonTrapBlob}
  0x0000025f87cf14dc: c5f8 77e8 

  0x0000025f87cf14e0: ; ImmutableOopMap {rbp=Oop [32]=Oop [40]=Oop [48]=NarrowOop [52]=NarrowOop [60]=NarrowOop [72]=Oop [88]=Oop [96]=Oop [104]=Oop [168]=Oop }
                      ;*new {reexecute=0 rethrow=0 return_oop=0}
                      ; - java.util.Hashtable::<init>@53
                      ; - java.util.Hashtable::<init>@4
                      ; - java.util.jar.JarVerifier::<init>@63
                      ; - java.util.jar.JarFile::getManifestFromReference@78
                      ; - java.util.jar.JarFile::getManifest@1
                      ; - jdk.internal.loader.URLClassPath$JarLoader$2::getManifest@22
                      ; - java.net.URLClassLoader::defineClass@34
                      ; - java.net.URLClassLoader$1::run@43
                      ; - java.net.URLClassLoader$1::run@1
  0x0000025f87cf14e0: 1c68 89ff 

  0x0000025f87cf14e4: ;   {other}
  0x0000025f87cf14e4: 0f1f 8400 | d46a 00b1 | 4533 dbe9 | 8ad4 ffff | 498b f049 | 8bd7 c5f8 | 7749 ba10 | 2260 bff9 
  0x0000025f87cf1504: 7f00 0041 

  0x0000025f87cf1508: ;   {other}
  0x0000025f87cf1508: ffd2 0f1f | 8400 0000 | 0000 4c8b | 4c24 604c | 8bc6 e96b | c0ff ff49 | 8bd8 498b | d7c5 f877 
  0x0000025f87cf1528: 49ba 1022 | 60bf f97f | 0000 41ff 

  0x0000025f87cf1534: ;   {other}
  0x0000025f87cf1534: d20f 1f84 | 0000 0000 | 004c 8bc3 | e9f1 bfff | ff49 8bd3 | 448b 8424 | 9800 0000 | 488b 6c24 
  0x0000025f87cf1554: 2866 6690 

  0x0000025f87cf1558: ;   {static_call}
  0x0000025f87cf1558: c5f8 77e8 

  0x0000025f87cf155c: ; ImmutableOopMap {rbp=Oop [40]=Oop [48]=NarrowOop [56]=Oop [68]=NarrowOop [72]=Oop [80]=Oop [88]=Oop [96]=Oop [104]=Oop }
                      ;*invokestatic charAt {reexecute=0 rethrow=0 return_oop=0}
                      ; - java.lang.String::charAt@21
                      ; - java.io.WinNTFileSystem::normalize@31
                      ; - java.io.File::<init>@73
                      ; - jdk.internal.loader.URLClassPath$FileLoader::getResource@118
                      ; - jdk.internal.loader.URLClassPath::getResource@53
                      ; - java.net.URLClassLoader$1::run@26
                      ; - java.net.URLClassLoader$1::run@1
  0x0000025f87cf155c: 20e3 88ff 

  0x0000025f87cf1560: ;   {other}
  0x0000025f87cf1560: 0f1f 8400 | 506b 00b2 | 448b d8e9 | ccd0 ffff | bade ffff | ff48 8b6c | 2428 4c8b | 5424 304c 
  0x0000025f87cf1580: 8954 2420 | 448b 5424 | 3844 8954 | 2428 4c8b | 5424 584c | 8954 2430 | 4c8b 5424 | 604c 8954 
  0x0000025f87cf15a0: 2450 4c89 | 5c24 5890 

  0x0000025f87cf15a8: ;   {runtime_call UncommonTrapBlob}
  0x0000025f87cf15a8: c5f8 77e8 

  0x0000025f87cf15ac: ; ImmutableOopMap {rbp=Oop [32]=Oop [40]=NarrowOop [48]=Oop [60]=NarrowOop [80]=Oop [88]=Oop [104]=Oop [112]=NarrowOop [168]=Oop }
                      ;*invokevirtual close {reexecute=0 rethrow=0 return_oop=0}
                      ; - java.util.jar.JarFile::getManifestFromReference@152
                      ; - java.util.jar.JarFile::getManifest@1
                      ; - jdk.internal.loader.URLClassPath$JarLoader$2::getManifest@22
                      ; - java.net.URLClassLoader::defineClass@34
                      ; - java.net.URLClassLoader$1::run@43
                      ; - java.net.URLClassLoader$1::run@1
  0x0000025f87cf15ac: 5067 89ff 

  0x0000025f87cf15b0: ;   {other}
  0x0000025f87cf15b0: 0f1f 8400 | a06b 00b3 

  0x0000025f87cf15b8: ;   {metadata('java/io/File')}
  0x0000025f87cf15b8: 48ba 4033 | 0200 0100 | 0000 6690 

  0x0000025f87cf15c4: ;   {runtime_call _new_instance_Java}
  0x0000025f87cf15c4: c5f8 77e8 

  0x0000025f87cf15c8: ; ImmutableOopMap {rbp=Oop [40]=Oop [48]=NarrowOop [56]=Oop [68]=NarrowOop [72]=Oop [80]=Oop [88]=Oop }
                      ;*new {reexecute=0 rethrow=0 return_oop=1}
                      ; - jdk.internal.loader.URLClassPath$FileLoader::getResource@101
                      ; - jdk.internal.loader.URLClassPath::getResource@53
                      ; - java.net.URLClassLoader$1::run@26
                      ; - java.net.URLClassLoader$1::run@1
  0x0000025f87cf15c8: 34cf 8cff 

  0x0000025f87cf15cc: ;   {other}
  0x0000025f87cf15cc: 0f1f 8400 | bc6b 00b4 | e921 cfff | ffba 45ff | ffff 4c8b | 5424 284c | 8954 2420 | 4c8b 5424 
  0x0000025f87cf15ec: 304c 8954 | 2428 448b | 5424 3844 | 8954 2430 | 4c8b 5424 | 584c 8954 | 2448 4c89 | 5c24 5890 
  0x0000025f87cf160c: ;   {runtime_call UncommonTrapBlob}
  0x0000025f87cf160c: c5f8 77e8 

  0x0000025f87cf1610: ; ImmutableOopMap {[32]=Oop [40]=Oop [48]=NarrowOop [60]=NarrowOop [72]=Oop [88]=Oop [104]=Oop [112]=NarrowOop [168]=Oop }
                      ;*ifne {reexecute=1 rethrow=0 return_oop=0}
                      ; - (reexecute) java.util.jar.JarFile::getManifestFromReference@52
                      ; - java.util.jar.JarFile::getManifest@1
                      ; - jdk.internal.loader.URLClassPath$JarLoader$2::getManifest@22
                      ; - java.net.URLClassLoader::defineClass@34
                      ; - java.net.URLClassLoader$1::run@43
                      ; - java.net.URLClassLoader$1::run@1
  0x0000025f87cf1610: ec66 89ff 

  0x0000025f87cf1614: ;   {other}
  0x0000025f87cf1614: 0f1f 8400 | 046c 00b5 | ba45 ffff | ff48 8b6c | 2428 4c8b | 5424 304c | 8954 2420 | 448b 4424 
  0x0000025f87cf1634: 3844 8944 | 2428 4c8b | 5424 584c | 8954 2430 | 448b 4424 | 3c44 8944 | 2438 8944 | 243c 6690 
  0x0000025f87cf1654: ;   {runtime_call UncommonTrapBlob}
  0x0000025f87cf1654: c5f8 77e8 

  0x0000025f87cf1658: ; ImmutableOopMap {rbp=Oop [32]=Oop [40]=NarrowOop [48]=Oop [56]=NarrowOop [104]=Oop [112]=NarrowOop [120]=Oop [168]=Oop }
                      ;*if_icmpne {reexecute=1 rethrow=0 return_oop=0}
                      ; - (reexecute) java.util.jar.JarFile::getManifestFromReference@65
                      ; - java.util.jar.JarFile::getManifest@1
                      ; - jdk.internal.loader.URLClassPath$JarLoader$2::getManifest@22
                      ; - java.net.URLClassLoader::defineClass@34
                      ; - java.net.URLClassLoader$1::run@43
                      ; - java.net.URLClassLoader$1::run@1
  0x0000025f87cf1658: a466 89ff 

  0x0000025f87cf165c: ;   {other}
  0x0000025f87cf165c: 0f1f 8400 | 4c6c 00b6 | 418b eb49 | 8bf9 498b | d849 8bd7 | c5f8 7749 | ba10 2260 | bff9 7f00 
  0x0000025f87cf167c: 0041 ffd2 

  0x0000025f87cf1680: ;   {other}
  0x0000025f87cf1680: 0f1f 8400 | 0000 0000 | 4c8b c34c | 8bcf 448b | dde9 47b3 | ffff 498b | d7c5 f877 | 49ba 1022 
  0x0000025f87cf16a0: 60bf f97f | 0000 41ff 

  0x0000025f87cf16a8: ;   {other}
  0x0000025f87cf16a8: d20f 1f84 | 0000 0000 | 00e9 9bb4 | ffff 498b | d7c5 f877 | 49ba 1022 | 60bf f97f | 0000 41ff 
  0x0000025f87cf16c8: ;   {other}
  0x0000025f87cf16c8: d20f 1f84 | 0000 0000 | 00e9 4adb | ffff 498b | d7c5 f877 | 49ba 1022 | 60bf f97f | 0000 41ff 
  0x0000025f87cf16e8: ;   {other}
  0x0000025f87cf16e8: d20f 1f84 | 0000 0000 | 00e9 5fdb | ffff 498b | d7c5 f877 | 49ba 1022 | 60bf f97f | 0000 41ff 
  0x0000025f87cf1708: ;   {other}
  0x0000025f87cf1708: d20f 1f84 | 0000 0000 | 00e9 abb5 | ffff 498b | f949 8bd8 | 498b d7c5 | f877 49ba | 1022 60bf 
  0x0000025f87cf1728: f97f 0000 

  0x0000025f87cf172c: ;   {other}
  0x0000025f87cf172c: 41ff d20f | 1f84 0000 | 0000 00e9 | 0adc ffff | 498b d7c5 | f877 49ba | 1022 60bf | f97f 0000 
  0x0000025f87cf174c: ;   {other}
  0x0000025f87cf174c: 41ff d20f | 1f84 0000 | 0000 00e9 | 29dc ffff | 498b d7c5 | f877 49ba | 1022 60bf | f97f 0000 
  0x0000025f87cf176c: ;   {other}
  0x0000025f87cf176c: 41ff d20f | 1f84 0000 | 0000 00e9 | 86db ffff | 498b d7c5 | f877 49ba | 1022 60bf | f97f 0000 
  0x0000025f87cf178c: ;   {other}
  0x0000025f87cf178c: 41ff d20f | 1f84 0000 | 0000 00e9 | a8b6 ffff | 498b d7c5 | f877 49ba | 1022 60bf | f97f 0000 
  0x0000025f87cf17ac: ;   {other}
  0x0000025f87cf17ac: 41ff d20f | 1f84 0000 | 0000 00e9 | 79dc ffff | 498b d7c5 | f877 49ba | 1022 60bf | f97f 0000 
  0x0000025f87cf17cc: ;   {other}
  0x0000025f87cf17cc: 41ff d20f | 1f84 0000 | 0000 00e9 | e5db ffff | 498b d7c5 | f877 49ba | 1022 60bf | f97f 0000 
  0x0000025f87cf17ec: ;   {other}
  0x0000025f87cf17ec: 41ff d20f | 1f84 0000 | 0000 00e9 | cada ffff | 498b d7c5 | f877 49ba | 1022 60bf | f97f 0000 
  0x0000025f87cf180c: ;   {other}
  0x0000025f87cf180c: 41ff d20f | 1f84 0000 | 0000 00e9 | feba ffff | 498b d7c5 | f877 49ba | 1022 60bf | f97f 0000 
  0x0000025f87cf182c: ;   {other}
  0x0000025f87cf182c: 41ff d20f | 1f84 0000 | 0000 00e9 | 34bb ffff | 498b f848 | 8bdd 498b | d7c5 f877 | 49ba 1022 
  0x0000025f87cf184c: 60bf f97f | 0000 41ff 

  0x0000025f87cf1854: ;   {other}
  0x0000025f87cf1854: d20f 1f84 | 0000 0000 | 00e9 15dc | ffff 498b | d7c5 f877 | 49ba 1022 | 60bf f97f | 0000 41ff 
  0x0000025f87cf1874: ;   {other}
  0x0000025f87cf1874: d20f 1f84 | 0000 0000 | 004c 8bc5 | e901 bcff | ff49 8bd0 | 448b 8424 | 8400 0000 | 488b 6c24 
  0x0000025f87cf1894: 2866 6690 

  0x0000025f87cf1898: ;   {static_call}
  0x0000025f87cf1898: c5f8 77e8 

  0x0000025f87cf189c: ; ImmutableOopMap {rbp=Oop [40]=Oop [48]=NarrowOop [56]=Oop [68]=NarrowOop [72]=Oop [80]=Oop [88]=Oop [96]=Oop [104]=Oop [120]=Oop }
                      ;*invokestatic charAt {reexecute=0 rethrow=0 return_oop=0}
                      ; - java.lang.String::charAt@21
                      ; - java.io.WinNTFileSystem::normalize@70
                      ; - java.io.WinNTFileSystem::normalize@111
                      ; - java.io.File::<init>@73
                      ; - jdk.internal.loader.URLClassPath$FileLoader::getResource@118
                      ; - jdk.internal.loader.URLClassPath::getResource@53
                      ; - java.net.URLClassLoader$1::run@26
                      ; - java.net.URLClassLoader$1::run@1
  0x0000025f87cf189c: e0df 88ff 

  0x0000025f87cf18a0: ;   {other}
  0x0000025f87cf18a0: 0f1f 8400 | 906e 00b7 | 448b c0e9 | ebd7 ffff | 498b d7c5 | f877 49ba | 1022 60bf | f97f 0000 
  0x0000025f87cf18c0: ;   {other}
  0x0000025f87cf18c0: 41ff d20f | 1f84 0000 | 0000 00e9 | 56ae ffff | 488b 7c24 | 7849 8bd7 | c5f8 7749 | ba10 2260 
  0x0000025f87cf18e0: bff9 7f00 | 0041 ffd2 

  0x0000025f87cf18e8: ;   {other}
  0x0000025f87cf18e8: 0f1f 8400 | 0000 0000 | e968 e3ff | ff48 8bfb | 498b d849 | 8bd7 c5f8 | 7749 ba10 | 2260 bff9 
  0x0000025f87cf1908: 7f00 0041 

  0x0000025f87cf190c: ;   {other}
  0x0000025f87cf190c: ffd2 0f1f | 8400 0000 | 0000 4c8b | c348 8bdf | e903 afff | ff49 8bd7 | c5f8 7749 | ba10 2260 
  0x0000025f87cf192c: bff9 7f00 | 0041 ffd2 

  0x0000025f87cf1934: ;   {other}
  0x0000025f87cf1934: 0f1f 8400 | 0000 0000 | 4c8b dde9 | 46af ffff | 498b d344 | 8b84 2480 | 0000 0048 | 8b6c 2428 
  0x0000025f87cf1954: ;   {static_call}
  0x0000025f87cf1954: c5f8 77e8 

  0x0000025f87cf1958: ; ImmutableOopMap {rbp=Oop [40]=Oop [48]=NarrowOop [56]=Oop [68]=NarrowOop [72]=Oop [80]=Oop [88]=Oop [96]=Oop [104]=Oop [120]=Oop }
                      ;*invokestatic charAt {reexecute=0 rethrow=0 return_oop=0}
                      ; - java.lang.String::charAt@21
                      ; - java.io.WinNTFileSystem::normalize@94
                      ; - java.io.WinNTFileSystem::normalize@111
                      ; - java.io.File::<init>@73
                      ; - jdk.internal.loader.URLClassPath$FileLoader::getResource@73
                      ; - jdk.internal.loader.URLClassPath::getResource@53
                      ; - java.net.URLClassLoader$1::run@26
                      ; - java.net.URLClassLoader$1::run@1
  0x0000025f87cf1958: 24df 88ff 

  0x0000025f87cf195c: ;   {other}
  0x0000025f87cf195c: 0f1f 8400 | 4c6f 00b8 | e97f caff | ffba 45ff | ffff 488b | 6c24 284c | 8b54 2430 | 4c89 5424 
  0x0000025f87cf197c: 2044 8b5c | 2438 4489 | 5c24 2844 | 8b54 243c | 4489 5424 | 2c4c 8b54 | 2468 4c89 | 5424 304c 
  0x0000025f87cf199c: 8b54 2440 | 4c89 5424 | 3844 8b54 | 2450 4489 | 5424 4044 | 8b54 2454 | 4489 5424 | 5048 8944 
  0x0000025f87cf19bc: 2460 6690 

  0x0000025f87cf19c0: ;   {runtime_call UncommonTrapBlob}
  0x0000025f87cf19c0: c5f8 77e8 

  0x0000025f87cf19c4: ; ImmutableOopMap {rbp=Oop [32]=Oop [40]=NarrowOop [44]=NarrowOop [48]=Oop [64]=NarrowOop [80]=NarrowOop [84]=NarrowOop [96]=Oop [168]=Oop }
                      ;*ifnull {reexecute=1 rethrow=0 return_oop=0}
                      ; - (reexecute) java.util.jar.JarFile::maybeInstantiateVerifier@27
                      ; - java.util.jar.JarFile::ensureInitialization@1
                      ; - java.util.jar.JavaUtilJarAccessImpl::ensureInitialization@1
                      ; - jdk.internal.loader.URLClassPath$JarLoader$2::getManifest@10
                      ; - java.net.URLClassLoader::defineClass@34
                      ; - java.net.URLClassLoader$1::run@43
                      ; - java.net.URLClassLoader$1::run@1
  0x0000025f87cf19c4: 3863 89ff 

  0x0000025f87cf19c8: ;   {other}
  0x0000025f87cf19c8: 0f1f 8400 | b86f 00b9 | ba45 ffff | ff4c 8b5c | 2428 4c89 | 5c24 204c | 8b5c 2430 | 4c89 5c24 
  0x0000025f87cf19e8: 2844 8b44 | 2438 4489 | 4424 3044 | 8b5c 243c | 4489 5c24 | 344c 8b5c | 2468 4c89 | 5c24 3844 
  0x0000025f87cf1a08: 8b5c 2450 | 4489 5c24 | 4844 8954 | 2460 6690 

  0x0000025f87cf1a18: ;   {runtime_call UncommonTrapBlob}
  0x0000025f87cf1a18: c5f8 77e8 

  0x0000025f87cf1a1c: ; ImmutableOopMap {rbp=NarrowOop [32]=Oop [40]=Oop [48]=NarrowOop [52]=NarrowOop [56]=Oop [72]=NarrowOop [96]=NarrowOop [168]=Oop }
                      ;*ifnull {reexecute=1 rethrow=0 return_oop=0}
                      ; - (reexecute) java.util.jar.JarFile::ensureInitialization@21
                      ; - java.util.jar.JavaUtilJarAccessImpl::ensureInitialization@1
                      ; - jdk.internal.loader.URLClassPath$JarLoader$2::getManifest@10
                      ; - java.net.URLClassLoader::defineClass@34
                      ; - java.net.URLClassLoader$1::run@43
                      ; - java.net.URLClassLoader$1::run@1
  0x0000025f87cf1a1c: e062 89ff 

  0x0000025f87cf1a20: ;   {other}
  0x0000025f87cf1a20: 0f1f 8400 | 1070 00ba | bae4 ffff | ff4c 8b54 | 2428 4c89 | 5424 2044 | 8b54 2430 | 4489 5424 
  0x0000025f87cf1a40: 284c 8b54 | 2448 448b | 5c24 4044 | 895c 242c | 4c89 5424 | 384c 8b54 | 2450 4c89 | 5424 484c 
  0x0000025f87cf1a60: 8b54 2458 | 4c89 5424 | 5044 8b54 | 2444 4489 | 5424 4044 | 8b5c 2474 | 4489 5c24 | 4444 8b5c 
  0x0000025f87cf1a80: 2478 4489 | 5c24 7444 | 8984 2488 | 0000 0090 

  0x0000025f87cf1a90: ;   {runtime_call UncommonTrapBlob}
  0x0000025f87cf1a90: c5f8 77e8 

  0x0000025f87cf1a94: ; ImmutableOopMap {[32]=Oop [40]=NarrowOop [56]=Oop [64]=NarrowOop [72]=Oop [80]=Oop [96]=Oop [104]=Oop [136]=NarrowOop }
                      ;*invokestatic checkIndex {reexecute=0 rethrow=0 return_oop=0}
                      ; - java.lang.String::checkIndex@5
                      ; - java.lang.StringLatin1::charAt@3
                      ; - java.lang.String::charAt@12
                      ; - java.io.WinNTFileSystem::normalize@31
                      ; - java.io.File::<init>@73
                      ; - jdk.internal.loader.URLClassPath$FileLoader::getResource@118
                      ; - jdk.internal.loader.URLClassPath::getResource@53
                      ; - java.net.URLClassLoader$1::run@26
                      ; - java.net.URLClassLoader$1::run@1
  0x0000025f87cf1a94: 6862 89ff 

  0x0000025f87cf1a98: ;   {other}
  0x0000025f87cf1a98: 0f1f 8400 | 8870 00bb | bae4 ffff | ff48 8b6c | 2428 448b | 5424 3044 | 8954 2420 | 4c8b 5424 
  0x0000025f87cf1ab8: 4844 8b5c | 2440 4489 | 5c24 244c | 8954 2430 | 4c8b 5424 | 504c 8954 | 2438 4c8b | 5424 584c 
  0x0000025f87cf1ad8: 8954 2448 | 4c8b 5424 | 604c 8954 | 2458 448b | 5c24 4444 | 895c 2440 | 448b 5424 | 7444 8954 
  0x0000025f87cf1af8: 2444 448b | 9424 8000 | 0000 4489 | 5424 7444 | 8984 2480 | 0000 0044 | 898c 248c | 0000 0090 
  0x0000025f87cf1b18: ;   {runtime_call UncommonTrapBlob}
  0x0000025f87cf1b18: c5f8 77e8 

  0x0000025f87cf1b1c: ; ImmutableOopMap {rbp=Oop [32]=NarrowOop [48]=Oop [56]=Oop [64]=NarrowOop [72]=Oop [88]=Oop [96]=Oop [104]=Oop [120]=Oop [128]=NarrowOop }
                      ;*invokestatic checkIndex {reexecute=0 rethrow=0 return_oop=0}
                      ; - java.lang.String::checkIndex@5
                      ; - java.lang.StringLatin1::charAt@3
                      ; - java.lang.String::charAt@12
                      ; - java.io.WinNTFileSystem::normalize@70
                      ; - java.io.WinNTFileSystem::normalize@111
                      ; - java.io.File::<init>@73
                      ; - jdk.internal.loader.URLClassPath$FileLoader::getResource@118
                      ; - jdk.internal.loader.URLClassPath::getResource@53
                      ; - java.net.URLClassLoader$1::run@26
                      ; - java.net.URLClassLoader$1::run@1
  0x0000025f87cf1b1c: e061 89ff 

  0x0000025f87cf1b20: ;   {other}
  0x0000025f87cf1b20: 0f1f 8400 | 1071 00bc | bae4 ffff | ff4c 8b54 | 2428 4c89 | 5424 2044 | 8b5c 2430 | 4489 5c24 
  0x0000025f87cf1b40: 284c 8b54 | 2448 448b | 5c24 4044 | 895c 242c | 4c89 5424 | 384c 8b54 | 2450 4c89 | 5424 484c 
  0x0000025f87cf1b60: 8b54 2458 | 4c89 5424 | 5044 8b54 | 2444 4489 | 5424 4044 | 8b5c 2474 | 4489 5c24 | 4444 8b94 
  0x0000025f87cf1b80: 2480 0000 | 0044 8954 | 2474 4489 | 8424 8000 | 0000 6690 

  0x0000025f87cf1b94: ;   {runtime_call UncommonTrapBlob}
  0x0000025f87cf1b94: c5f8 77e8 

  0x0000025f87cf1b98: ; ImmutableOopMap {[32]=Oop [40]=NarrowOop [56]=Oop [64]=NarrowOop [72]=Oop [80]=Oop [96]=Oop [104]=Oop [120]=Oop [128]=NarrowOop }
                      ;*baload {reexecute=0 rethrow=0 return_oop=0}
                      ; - java.lang.StringLatin1::charAt@8
                      ; - java.lang.String::charAt@12
                      ; - java.io.WinNTFileSystem::normalize@70
                      ; - java.io.WinNTFileSystem::normalize@111
                      ; - java.io.File::<init>@73
                      ; - jdk.internal.loader.URLClassPath$FileLoader::getResource@118
                      ; - jdk.internal.loader.URLClassPath::getResource@53
                      ; - java.net.URLClassLoader$1::run@26
                      ; - java.net.URLClassLoader$1::run@1
  0x0000025f87cf1b98: 6461 89ff 

  0x0000025f87cf1b9c: ;   {other}
  0x0000025f87cf1b9c: 0f1f 8400 | 8c71 00bd | 458b d349 | 8bd2 4533 | c066 6690 

  0x0000025f87cf1bb0: ;   {static_call}
  0x0000025f87cf1bb0: c5f8 77e8 

  0x0000025f87cf1bb4: ; ImmutableOopMap {rbp=Oop [40]=Oop [48]=NarrowOop [56]=Oop [72]=Oop [80]=Oop [88]=Oop [96]=Oop [104]=Oop }
                      ;*invokestatic charAt {reexecute=0 rethrow=0 return_oop=0}
                      ; - java.lang.String::charAt@21
                      ; - java.io.WinNTFileSystem::prefixLength@18
                      ; - java.io.File::<init>@104
                      ; - jdk.internal.loader.URLClassPath$FileLoader::getResource@73
                      ; - jdk.internal.loader.URLClassPath::getResource@53
                      ; - java.net.URLClassLoader$1::run@26
                      ; - java.net.URLClassLoader$1::run@1
  0x0000025f87cf1bb4: c8dc 88ff 

  0x0000025f87cf1bb8: ;   {other}
  0x0000025f87cf1bb8: 0f1f 8400 | a871 00be | 8944 2474 | e909 c0ff | ff49 8bd2 | 41b8 0100 | 0000 6690 

  0x0000025f87cf1bd4: ;   {static_call}
  0x0000025f87cf1bd4: c5f8 77e8 

  0x0000025f87cf1bd8: ; ImmutableOopMap {rbp=Oop [40]=Oop [48]=NarrowOop [56]=Oop [72]=Oop [80]=Oop [88]=Oop [96]=Oop [104]=Oop }
                      ;*invokestatic charAt {reexecute=0 rethrow=0 return_oop=0}
                      ; - java.lang.String::charAt@21
                      ; - java.io.WinNTFileSystem::prefixLength@30
                      ; - java.io.File::<init>@104
                      ; - jdk.internal.loader.URLClassPath$FileLoader::getResource@73
                      ; - jdk.internal.loader.URLClassPath::getResource@53
                      ; - java.net.URLClassLoader$1::run@26
                      ; - java.net.URLClassLoader$1::run@1
  0x0000025f87cf1bd8: a4dc 88ff 

  0x0000025f87cf1bdc: ;   {other}
  0x0000025f87cf1bdc: 0f1f 8400 | cc71 00bf | 448b d8e9 | 20c0 ffff | 498b d041 | b802 0000 | 0048 8b6c | 2428 6690 
  0x0000025f87cf1bfc: ;   {static_call}
  0x0000025f87cf1bfc: c5f8 77e8 

  0x0000025f87cf1c00: ; ImmutableOopMap {rbp=Oop [40]=Oop [48]=NarrowOop [56]=Oop [72]=Oop [80]=Oop [88]=Oop [96]=Oop }
                      ;*invokestatic charAt {reexecute=0 rethrow=0 return_oop=0}
                      ; - java.lang.String::charAt@21
                      ; - java.io.WinNTFileSystem::prefixLength@78
                      ; - java.io.File::<init>@104
                      ; - jdk.internal.loader.URLClassPath$FileLoader::getResource@73
                      ; - jdk.internal.loader.URLClassPath::getResource@53
                      ; - java.net.URLClassLoader$1::run@26
                      ; - java.net.URLClassLoader$1::run@1
  0x0000025f87cf1c00: 7cdc 88ff 

  0x0000025f87cf1c04: ;   {other}
  0x0000025f87cf1c04: 0f1f 8400 | f471 00c0 | 448b d8e9 | cec0 ffff 

  0x0000025f87cf1c14: ;   {metadata('java/lang/StringBuilder')}
  0x0000025f87cf1c14: 48ba 3034 | 0500 0100 | 0000 488b | 6c24 2890 

  0x0000025f87cf1c24: ;   {runtime_call _new_instance_Java}
  0x0000025f87cf1c24: c5f8 77e8 

  0x0000025f87cf1c28: ; ImmutableOopMap {rbp=Oop [40]=Oop [48]=NarrowOop [56]=Oop [68]=NarrowOop [72]=Oop [80]=Oop [88]=Oop [96]=Oop [104]=Oop }
                      ;*new {reexecute=0 rethrow=0 return_oop=1}
                      ; - java.io.WinNTFileSystem::normalize@19
                      ; - java.io.WinNTFileSystem::normalize@111
                      ; - java.io.File::<init>@73
                      ; - jdk.internal.loader.URLClassPath$FileLoader::getResource@118
                      ; - jdk.internal.loader.URLClassPath::getResource@53
                      ; - java.net.URLClassLoader$1::run@26
                      ; - java.net.URLClassLoader$1::run@1
  0x0000025f87cf1c28: d4c8 8cff 

  0x0000025f87cf1c2c: ;   {other}
  0x0000025f87cf1c2c: 0f1f 8400 | 1c72 00c1 | e985 cfff 

  0x0000025f87cf1c38: ;   {metadata('java/lang/String')}
  0x0000025f87cf1c38: ff48 ba90 | 2004 0001 | 0000 0048 | 8b6c 2428 

  0x0000025f87cf1c48: ;   {runtime_call _new_instance_Java}
  0x0000025f87cf1c48: c5f8 77e8 

  0x0000025f87cf1c4c: ; ImmutableOopMap {rbp=Oop [40]=Oop [48]=NarrowOop [56]=Oop [68]=NarrowOop [72]=Oop [80]=Oop [88]=Oop [96]=Oop [120]=Oop }
                      ;*new {reexecute=0 rethrow=0 return_oop=1}
                      ; - java.lang.StringBuilder::toString@0
                      ; - java.io.WinNTFileSystem::normalize@220
                      ; - java.io.WinNTFileSystem::normalize@111
                      ; - java.io.File::<init>@73
                      ; - jdk.internal.loader.URLClassPath$FileLoader::getResource@118
                      ; - jdk.internal.loader.URLClassPath::getResource@53
                      ; - java.net.URLClassLoader$1::run@26
                      ; - java.net.URLClassLoader$1::run@1
  0x0000025f87cf1c4c: b0c8 8cff 

  0x0000025f87cf1c50: ;   {other}
  0x0000025f87cf1c50: 0f1f 8400 | 4072 00c2 | e9e6 cbff | ffba 45ff | ffff 488b | 6c24 2844 | 8b54 2430 | 4489 5424 
  0x0000025f87cf1c70: 204c 8b54 | 2448 448b | 5c24 4044 | 895c 2424 | 4c89 5424 | 304c 8b54 | 2450 4c89 | 5424 384c 
  0x0000025f87cf1c90: 8b54 2458 | 4c89 5424 | 484c 8b54 | 2460 4c89 | 5424 5844 | 8b54 2444 | 4489 5424 | 4044 8b5c 
  0x0000025f87cf1cb0: 2474 4489 | 5c24 4490 

  0x0000025f87cf1cb8: ;   {runtime_call UncommonTrapBlob}
  0x0000025f87cf1cb8: c5f8 77e8 

  0x0000025f87cf1cbc: ; ImmutableOopMap {rbp=Oop [32]=NarrowOop [48]=Oop [56]=Oop [64]=NarrowOop [72]=Oop [88]=Oop [96]=Oop [104]=Oop [120]=Oop }
                      ;*ifeq {reexecute=1 rethrow=0 return_oop=0}
                      ; - (reexecute) java.io.WinNTFileSystem::normalize@100
                      ; - java.io.WinNTFileSystem::normalize@111
                      ; - java.io.File::<init>@73
                      ; - jdk.internal.loader.URLClassPath$FileLoader::getResource@73
                      ; - jdk.internal.loader.URLClassPath::getResource@53
                      ; - java.net.URLClassLoader$1::run@26
                      ; - java.net.URLClassLoader$1::run@1
  0x0000025f87cf1cbc: 4060 89ff 

  0x0000025f87cf1cc0: ;   {other}
  0x0000025f87cf1cc0: 0f1f 8400 | b072 00c3 | bae4 ffff | ff4c 8b54 | 2428 4c89 | 5424 2044 | 8b54 2430 | 4489 5424 
  0x0000025f87cf1ce0: 2844 8b54 | 2440 4489 | 5424 2c4c | 8b54 2448 | 4c89 5424 | 384c 8b54 | 2450 4c89 | 5424 484c 
  0x0000025f87cf1d00: 8b54 2458 | 4c89 5424 | 5044 8b54 | 2444 4489 | 5424 4044 | 8b5c 2474 | 4489 5c24 | 4444 898c 
  0x0000025f87cf1d20: 2484 0000 | 0066 6690 

  0x0000025f87cf1d28: ;   {runtime_call UncommonTrapBlob}
  0x0000025f87cf1d28: c5f8 77e8 

  0x0000025f87cf1d2c: ; ImmutableOopMap {[32]=Oop [40]=NarrowOop [56]=Oop [64]=NarrowOop [72]=Oop [80]=Oop [96]=Oop [104]=Oop [120]=Oop [132]=NarrowOop }
                      ;*invokestatic checkIndex {reexecute=0 rethrow=0 return_oop=0}
                      ; - java.lang.String::checkIndex@5
                      ; - java.lang.StringLatin1::charAt@3
                      ; - java.lang.String::charAt@12
                      ; - java.io.WinNTFileSystem::normalize@94
                      ; - java.io.WinNTFileSystem::normalize@111
                      ; - java.io.File::<init>@73
                      ; - jdk.internal.loader.URLClassPath$FileLoader::getResource@73
                      ; - jdk.internal.loader.URLClassPath::getResource@53
                      ; - java.net.URLClassLoader$1::run@26
                      ; - java.net.URLClassLoader$1::run@1
  0x0000025f87cf1d2c: d05f 89ff 

  0x0000025f87cf1d30: ;   {other}
  0x0000025f87cf1d30: 0f1f 8400 | 2073 00c4 | baf6 ffff | ff4c 8b54 | 2428 4c89 | 5424 2044 | 8b54 2430 | 4489 5424 
  0x0000025f87cf1d50: 284c 8b54 | 2448 448b | 5c24 4044 | 895c 242c | 4c89 5424 | 3866 6690 

  0x0000025f87cf1d68: ;   {runtime_call UncommonTrapBlob}
  0x0000025f87cf1d68: c5f8 77e8 

  0x0000025f87cf1d6c: ; ImmutableOopMap {rbp=NarrowOop [32]=Oop [40]=NarrowOop [56]=Oop [80]=Oop [88]=Oop }
                      ;*invokevirtual startsWith {reexecute=0 rethrow=0 return_oop=0}
                      ; - jdk.internal.loader.URLClassPath$FileLoader::getResource@31
                      ; - jdk.internal.loader.URLClassPath::getResource@53
                      ; - java.net.URLClassLoader$1::run@26
                      ; - java.net.URLClassLoader$1::run@1
  0x0000025f87cf1d6c: 905f 89ff 

  0x0000025f87cf1d70: ;   {other}
  0x0000025f87cf1d70: 0f1f 8400 | 6073 00c5 | bac6 ffff | ff48 8b6c | 2428 448b | 4424 3044 | 8944 2420 | 4489 5424 
  0x0000025f87cf1d90: 2448 8944 | 2430 6690 

  0x0000025f87cf1d98: ;   {runtime_call UncommonTrapBlob}
  0x0000025f87cf1d98: c5f8 77e8 

  0x0000025f87cf1d9c: ; ImmutableOopMap {rbp=Oop [32]=NarrowOop [48]=Oop [72]=Oop }
                      ;*invokevirtual getResource {reexecute=0 rethrow=0 return_oop=0}
                      ; - jdk.internal.loader.URLClassPath::getResource@53
                      ; - java.net.URLClassLoader$1::run@26
                      ; - java.net.URLClassLoader$1::run@1
  0x0000025f87cf1d9c: 605f 89ff 

  0x0000025f87cf1da0: ;   {other}
  0x0000025f87cf1da0: 0f1f 8400 | 9073 00c6 | baf6 ffff | ff4c 8b54 | 2428 4c89 | 5424 2044 | 8b5c 2430 | 4489 5c24 
  0x0000025f87cf1dc0: 284c 8b54 | 2448 448b | 5c24 4044 | 895c 242c | 4c89 5424 | 3848 ff74 | 2450 488f | 4424 4048 
  0x0000025f87cf1de0: 8944 2450 

  0x0000025f87cf1de4: ;   {runtime_call UncommonTrapBlob}
  0x0000025f87cf1de4: c5f8 77e8 

  0x0000025f87cf1de8: ; ImmutableOopMap {rbp=NarrowOop [32]=Oop [40]=NarrowOop [56]=Oop [64]=Oop [80]=Oop [88]=Oop }
                      ;*invokevirtual startsWith {reexecute=0 rethrow=0 return_oop=0}
                      ; - jdk.internal.loader.URLClassPath$FileLoader::getResource@93
                      ; - jdk.internal.loader.URLClassPath::getResource@53
                      ; - java.net.URLClassLoader$1::run@26
                      ; - java.net.URLClassLoader$1::run@1
  0x0000025f87cf1de8: 145f 89ff 

  0x0000025f87cf1dec: ;   {other}
  0x0000025f87cf1dec: 0f1f 8400 | dc73 00c7 | 33ed 4585 | d240 0f96 | c5ba 45ff | ffff 4c8b | 5424 284c | 8954 2420 
  0x0000025f87cf1e0c: 448b 5424 | 3044 8954 | 2428 4c8b | 5424 4844 | 8b5c 2440 | 4489 5c24 | 2c4c 8954 | 2438 4c8b 
  0x0000025f87cf1e2c: 5424 504c | 8954 2440 | 4c8b 5424 | 584c 8954 | 2448 4c8b | 5424 604c | 8954 2458 

  0x0000025f87cf1e48: ;   {runtime_call UncommonTrapBlob}
  0x0000025f87cf1e48: c5f8 77e8 

  0x0000025f87cf1e4c: ; ImmutableOopMap {[32]=Oop [40]=NarrowOop [56]=Oop [64]=Oop [72]=Oop [88]=Oop [104]=Oop }
                      ;*ifeq {reexecute=1 rethrow=0 return_oop=0}
                      ; - (reexecute) java.io.File::<init>@32
                      ; - jdk.internal.loader.URLClassPath$FileLoader::getResource@73
                      ; - jdk.internal.loader.URLClassPath::getResource@53
                      ; - java.net.URLClassLoader$1::run@26
                      ; - java.net.URLClassLoader$1::run@1
  0x0000025f87cf1e4c: b05e 89ff 

  0x0000025f87cf1e50: ;   {other}
  0x0000025f87cf1e50: 0f1f 8400 | 4074 00c8 | bae4 ffff | ff44 8b44 | 2430 4489 | 4424 204c | 8b44 2448 | 448b 4c24 
  0x0000025f87cf1e70: 4044 894c | 2424 4c89 | 4424 304c | 8b44 2450 | 4c89 4424 | 384c 8b44 | 2458 4c89 | 4424 484c 
  0x0000025f87cf1e90: 8b44 2460 | 4c89 4424 | 584c 8b44 | 2468 4c89 | 4424 6044 | 895c 2468 | 4489 5424 | 6c66 6690 
  0x0000025f87cf1eb0: ;   {runtime_call UncommonTrapBlob}
  0x0000025f87cf1eb0: c5f8 77e8 

  0x0000025f87cf1eb4: ; ImmutableOopMap {rbp=Oop [32]=NarrowOop [48]=Oop [56]=Oop [72]=Oop [88]=Oop [96]=Oop [104]=NarrowOop }
                      ;*invokestatic checkIndex {reexecute=0 rethrow=0 return_oop=0}
                      ; - java.lang.String::checkIndex@5
                      ; - java.lang.StringLatin1::charAt@3
                      ; - java.lang.String::charAt@12
                      ; - java.io.WinNTFileSystem::prefixLength@18
                      ; - java.io.File::<init>@104
                      ; - jdk.internal.loader.URLClassPath$FileLoader::getResource@73
                      ; - jdk.internal.loader.URLClassPath::getResource@53
                      ; - java.net.URLClassLoader$1::run@26
                      ; - java.net.URLClassLoader$1::run@1
  0x0000025f87cf1eb4: 485e 89ff 

  0x0000025f87cf1eb8: ;   {other}
  0x0000025f87cf1eb8: 0f1f 8400 | a874 00c9 | bae4 ffff | ff4c 8b5c | 2428 4c89 | 5c24 2044 | 8b44 2430 | 4489 4424 
  0x0000025f87cf1ed8: 284c 8b5c | 2448 448b | 4424 4044 | 8944 242c | 4c89 5c24 | 384c 8b5c | 2450 4c89 | 5c24 484c 
  0x0000025f87cf1ef8: 8b5c 2458 | 4c89 5c24 | 5044 8b5c | 2470 4489 | 5c24 4044 | 8b5c 2474 | 4489 5c24 | 7044 8954 
  0x0000025f87cf1f18: 2474 6690 

  0x0000025f87cf1f1c: ;   {runtime_call UncommonTrapBlob}
  0x0000025f87cf1f1c: c5f8 77e8 

  0x0000025f87cf1f20: ; ImmutableOopMap {[32]=Oop [40]=NarrowOop [56]=Oop [72]=Oop [80]=Oop [96]=Oop [104]=Oop [116]=NarrowOop }
                      ;*invokestatic checkIndex {reexecute=0 rethrow=0 return_oop=0}
                      ; - java.lang.String::checkIndex@5
                      ; - java.lang.StringLatin1::charAt@3
                      ; - java.lang.String::charAt@12
                      ; - java.io.WinNTFileSystem::prefixLength@30
                      ; - java.io.File::<init>@104
                      ; - jdk.internal.loader.URLClassPath$FileLoader::getResource@73
                      ; - jdk.internal.loader.URLClassPath::getResource@53
                      ; - java.net.URLClassLoader$1::run@26
                      ; - java.net.URLClassLoader$1::run@1
  0x0000025f87cf1f20: dc5d 89ff 

  0x0000025f87cf1f24: ;   {other}
  0x0000025f87cf1f24: 0f1f 8400 | 1475 00ca | bae4 ffff | ff4c 8b54 | 2428 4c89 | 5424 2044 | 8b54 2430 | 4489 5424 
  0x0000025f87cf1f44: 284c 8b54 | 2448 448b | 5c24 4044 | 895c 242c | 4c89 5424 | 384c 8b54 | 2450 4c89 | 5424 404c 
  0x0000025f87cf1f64: 8b54 2458 | 4c89 5424 | 484c 8b54 | 2460 4c89 | 5424 5844 | 8944 2464 

  0x0000025f87cf1f7c: ;   {runtime_call UncommonTrapBlob}
  0x0000025f87cf1f7c: c5f8 77e8 

  0x0000025f87cf1f80: ; ImmutableOopMap {[32]=Oop [40]=NarrowOop [56]=Oop [64]=Oop [72]=Oop [88]=Oop [100]=NarrowOop }
                      ;*invokestatic checkIndex {reexecute=0 rethrow=0 return_oop=0}
                      ; - java.lang.String::checkIndex@5
                      ; - java.lang.StringLatin1::charAt@3
                      ; - java.lang.String::charAt@12
                      ; - java.io.WinNTFileSystem::prefixLength@78
                      ; - java.io.File::<init>@104
                      ; - jdk.internal.loader.URLClassPath$FileLoader::getResource@73
                      ; - jdk.internal.loader.URLClassPath::getResource@53
                      ; - java.net.URLClassLoader$1::run@26
                      ; - java.net.URLClassLoader$1::run@1
  0x0000025f87cf1f80: 7c5d 89ff 

  0x0000025f87cf1f84: ;   {other}
  0x0000025f87cf1f84: 0f1f 8400 | 7475 00cb | 498b d044 | 8b84 2480 | 0000 0048 | 8b6c 2428 

  0x0000025f87cf1f9c: ;   {static_call}
  0x0000025f87cf1f9c: c5f8 77e8 

  0x0000025f87cf1fa0: ; ImmutableOopMap {rbp=Oop [40]=Oop [48]=NarrowOop [56]=Oop [68]=NarrowOop [72]=Oop [80]=Oop [88]=Oop [96]=Oop [104]=Oop [120]=Oop }
                      ;*invokestatic charAt {reexecute=0 rethrow=0 return_oop=0}
                      ; - java.lang.String::charAt@21
                      ; - java.io.WinNTFileSystem::normalize@94
                      ; - java.io.WinNTFileSystem::normalize@111
                      ; - java.io.File::<init>@73
                      ; - jdk.internal.loader.URLClassPath$FileLoader::getResource@118
                      ; - jdk.internal.loader.URLClassPath::getResource@53
                      ; - java.net.URLClassLoader$1::run@26
                      ; - java.net.URLClassLoader$1::run@1
  0x0000025f87cf1fa0: dcd8 88ff 

  0x0000025f87cf1fa4: ;   {other}
  0x0000025f87cf1fa4: 0f1f 8400 | 9475 00cc | e948 d1ff | ff49 8bd7 | c5f8 7749 | ba10 2260 | bff9 7f00 | 0041 ffd2 
  0x0000025f87cf1fc4: ;   {other}
  0x0000025f87cf1fc4: 0f1f 8400 | 0000 0000 | e98b b8ff | ff49 8bd7 | c5f8 7749 | ba10 2260 | bff9 7f00 | 0041 ffd2 
  0x0000025f87cf1fe4: ;   {other}
  0x0000025f87cf1fe4: 0f1f 8400 | 0000 0000 | e93d bbff | ffba 45ff | ffff 488b | 6c24 2844 | 8b54 2430 | 4489 5424 
  0x0000025f87cf2004: 204c 8b54 | 2448 448b | 5c24 4044 | 895c 2424 | 4c89 5424 | 304c 8b54 | 2450 4c89 | 5424 384c 
  0x0000025f87cf2024: 8b54 2458 | 4c89 5424 | 484c 8b54 | 2460 4c89 | 5424 5890 

  0x0000025f87cf2038: ;   {runtime_call UncommonTrapBlob}
  0x0000025f87cf2038: c5f8 77e8 

  0x0000025f87cf203c: ; ImmutableOopMap {rbp=Oop [32]=NarrowOop [48]=Oop [56]=Oop [72]=Oop [88]=Oop [96]=Oop }
                      ;*if_icmple {reexecute=1 rethrow=0 return_oop=0}
                      ; - (reexecute) java.io.WinNTFileSystem::prefixLength@73
                      ; - java.io.File::<init>@104
                      ; - jdk.internal.loader.URLClassPath$FileLoader::getResource@73
                      ; - jdk.internal.loader.URLClassPath::getResource@53
                      ; - java.net.URLClassLoader$1::run@26
                      ; - java.net.URLClassLoader$1::run@1
  0x0000025f87cf203c: c05c 89ff 

  0x0000025f87cf2040: ;   {other}
  0x0000025f87cf2040: 0f1f 8400 | 3076 00cd | ba45 ffff | ff48 8b6c | 2428 448b | 5424 3044 | 8954 2420 | 4c8b 5424 
  0x0000025f87cf2060: 4844 8b44 | 2440 4489 | 4424 244c | 8954 2430 | 4c8b 5424 | 504c 8954 | 2438 4c8b | 5424 584c 
  0x0000025f87cf2080: 8954 2440 | 4c8b 5424 | 604c 8954 | 2450 4489 | 5c24 5890 

  0x0000025f87cf2094: ;   {runtime_call UncommonTrapBlob}
  0x0000025f87cf2094: c5f8 77e8 

  0x0000025f87cf2098: ; ImmutableOopMap {rbp=Oop [32]=NarrowOop [48]=Oop [56]=Oop [64]=Oop [80]=Oop [96]=Oop }
                      ;*if_icmpne {reexecute=1 rethrow=0 return_oop=0}
                      ; - (reexecute) java.io.WinNTFileSystem::prefixLength@82
                      ; - java.io.File::<init>@104
                      ; - jdk.internal.loader.URLClassPath$FileLoader::getResource@73
                      ; - jdk.internal.loader.URLClassPath::getResource@53
                      ; - java.net.URLClassLoader$1::run@26
                      ; - java.net.URLClassLoader$1::run@1
  0x0000025f87cf2098: 645c 89ff 

  0x0000025f87cf209c: ;   {other}
  0x0000025f87cf209c: 0f1f 8400 | 8c76 00ce | ba45 ffff | ff44 8b5c | 2430 4489 | 5c24 2044 | 8b54 2440 | 4489 5424 
  0x0000025f87cf20bc: 244c 8b54 | 2448 4c89 | 5424 304c | 8b54 2450 | 4c89 5424 | 384c 8b54 | 2458 4c89 | 5424 484c 
  0x0000025f87cf20dc: 8b54 2460 | 4c89 5424 | 5866 6690 

  0x0000025f87cf20e8: ;   {runtime_call UncommonTrapBlob}
  0x0000025f87cf20e8: c5f8 77e8 

  0x0000025f87cf20ec: ; ImmutableOopMap {rbp=Oop [32]=NarrowOop [48]=Oop [56]=Oop [72]=Oop [88]=Oop [96]=Oop }
                      ;*ifne {reexecute=1 rethrow=0 return_oop=0}
                      ; - (reexecute) java.io.WinNTFileSystem::prefixLength@11
                      ; - java.io.File::<init>@104
                      ; - jdk.internal.loader.URLClassPath$FileLoader::getResource@73
                      ; - jdk.internal.loader.URLClassPath::getResource@53
                      ; - java.net.URLClassLoader$1::run@26
                      ; - java.net.URLClassLoader$1::run@1
  0x0000025f87cf20ec: 105c 89ff 

  0x0000025f87cf20f0: ;   {other}
  0x0000025f87cf20f0: 0f1f 8400 | e076 00cf | ba45 ffff | ff48 8b6c | 2428 448b | 4424 3044 | 8944 2420 | 448b 5424 
  0x0000025f87cf2110: 4044 8954 | 2424 4c8b | 5424 484c | 8954 2430 | 4c8b 5424 | 504c 8954 | 2438 4c8b | 5424 584c 
  0x0000025f87cf2130: 8954 2440 | 4c8b 5424 | 604c 8954 | 2450 448b | 5424 7044 | 895c 245c | 4489 5424 | 6466 6690 
  0x0000025f87cf2150: ;   {runtime_call UncommonTrapBlob}
  0x0000025f87cf2150: c5f8 77e8 

  0x0000025f87cf2154: ; ImmutableOopMap {rbp=Oop [32]=NarrowOop [48]=Oop [56]=Oop [64]=Oop [80]=Oop }
                      ;*if_icmpne {reexecute=1 rethrow=0 return_oop=0}
                      ; - (reexecute) java.io.WinNTFileSystem::prefixLength@42
                      ; - java.io.File::<init>@104
                      ; - jdk.internal.loader.URLClassPath$FileLoader::getResource@73
                      ; - jdk.internal.loader.URLClassPath::getResource@53
                      ; - java.net.URLClassLoader$1::run@26
                      ; - java.net.URLClassLoader$1::run@1
  0x0000025f87cf2154: a85b 89ff 

  0x0000025f87cf2158: ;   {other}
  0x0000025f87cf2158: 0f1f 8400 | 4877 00d0 | 498b d345 | 33c0 6690 

  0x0000025f87cf2168: ;   {static_call}
  0x0000025f87cf2168: c5f8 77e8 

  0x0000025f87cf216c: ; ImmutableOopMap {rbp=Oop [40]=Oop [48]=NarrowOop [56]=Oop [72]=Oop [80]=Oop [88]=Oop [96]=Oop [104]=Oop }
                      ;*invokestatic charAt {reexecute=0 rethrow=0 return_oop=0}
                      ; - java.lang.String::charAt@21
                      ; - java.io.WinNTFileSystem::prefixLength@18
                      ; - java.io.File::<init>@104
                      ; - jdk.internal.loader.URLClassPath$FileLoader::getResource@118
                      ; - jdk.internal.loader.URLClassPath::getResource@53
                      ; - java.net.URLClassLoader$1::run@26
                      ; - java.net.URLClassLoader$1::run@1
  0x0000025f87cf216c: 10d7 88ff 

  0x0000025f87cf2170: ;   {other}
  0x0000025f87cf2170: 0f1f 8400 | 6077 00d1 | 8944 2474 | e9c5 c7ff | ff49 8bd3 | 41b8 0100 | 0000 6690 

  0x0000025f87cf218c: ;   {static_call}
  0x0000025f87cf218c: c5f8 77e8 

  0x0000025f87cf2190: ; ImmutableOopMap {rbp=Oop [40]=Oop [48]=NarrowOop [56]=Oop [72]=Oop [80]=Oop [88]=Oop [96]=Oop [104]=Oop }
                      ;*invokestatic charAt {reexecute=0 rethrow=0 return_oop=0}
                      ; - java.lang.String::charAt@21
                      ; - java.io.WinNTFileSystem::prefixLength@30
                      ; - java.io.File::<init>@104
                      ; - jdk.internal.loader.URLClassPath$FileLoader::getResource@118
                      ; - jdk.internal.loader.URLClassPath::getResource@53
                      ; - java.net.URLClassLoader$1::run@26
                      ; - java.net.URLClassLoader$1::run@1
  0x0000025f87cf2190: ecd6 88ff 

  0x0000025f87cf2194: ;   {other}
  0x0000025f87cf2194: 0f1f 8400 | 8477 00d2 | 448b d8e9 | dac7 ffff | 498b d241 | b802 0000 | 0048 8b6c | 2428 6690 
  0x0000025f87cf21b4: ;   {static_call}
  0x0000025f87cf21b4: c5f8 77e8 

  0x0000025f87cf21b8: ; ImmutableOopMap {rbp=Oop [40]=Oop [48]=NarrowOop [56]=Oop [72]=Oop [80]=Oop [88]=Oop [96]=Oop }
                      ;*invokestatic charAt {reexecute=0 rethrow=0 return_oop=0}
                      ; - java.lang.String::charAt@21
                      ; - java.io.WinNTFileSystem::prefixLength@78
                      ; - java.io.File::<init>@104
                      ; - jdk.internal.loader.URLClassPath$FileLoader::getResource@118
                      ; - jdk.internal.loader.URLClassPath::getResource@53
                      ; - java.net.URLClassLoader$1::run@26
                      ; - java.net.URLClassLoader$1::run@1
  0x0000025f87cf21b8: c4d6 88ff 

  0x0000025f87cf21bc: ;   {other}
  0x0000025f87cf21bc: 0f1f 8400 | ac77 00d3 | 448b d0e9 | 90c8 ffff | ba45 ffff | ff48 8b6c | 2428 448b | 5424 3044 
  0x0000025f87cf21dc: 8954 2420 | 4c8b 5424 | 4844 8b5c | 2440 4489 | 5c24 244c | 8954 2430 | 4c8b 5424 | 504c 8954 
  0x0000025f87cf21fc: 2438 4c8b | 5424 584c | 8954 2448 | 4c8b 5424 | 604c 8954 | 2458 448b | 5c24 4444 | 895c 2440 
  0x0000025f87cf221c: 448b 5424 | 7444 8954 | 2444 6690 

  0x0000025f87cf2228: ;   {runtime_call UncommonTrapBlob}
  0x0000025f87cf2228: c5f8 77e8 

  0x0000025f87cf222c: ; ImmutableOopMap {rbp=Oop [32]=NarrowOop [48]=Oop [56]=Oop [64]=NarrowOop [72]=Oop [88]=Oop [96]=Oop [104]=Oop [120]=Oop }
                      ;*ifeq {reexecute=1 rethrow=0 return_oop=0}
                      ; - (reexecute) java.io.WinNTFileSystem::normalize@100
                      ; - java.io.WinNTFileSystem::normalize@111
                      ; - java.io.File::<init>@73
                      ; - jdk.internal.loader.URLClassPath$FileLoader::getResource@118
                      ; - jdk.internal.loader.URLClassPath::getResource@53
                      ; - java.net.URLClassLoader$1::run@26
                      ; - java.net.URLClassLoader$1::run@1
  0x0000025f87cf222c: d05a 89ff 

  0x0000025f87cf2230: ;   {other}
  0x0000025f87cf2230: 0f1f 8400 | 2078 00d4 | bae4 ffff | ff4c 8b54 | 2428 4c89 | 5424 2044 | 8b54 2430 | 4489 5424 
  0x0000025f87cf2250: 2844 8b54 | 2440 4489 | 5424 2c4c | 8b54 2448 | 4c89 5424 | 384c 8b54 | 2450 4c89 | 5424 484c 
  0x0000025f87cf2270: 8b54 2458 | 4c89 5424 | 5044 8b5c | 2444 4489 | 5c24 4044 | 8b54 2474 | 4489 5424 | 4444 8984 
  0x0000025f87cf2290: 2484 0000 | 0066 6690 

  0x0000025f87cf2298: ;   {runtime_call UncommonTrapBlob}
  0x0000025f87cf2298: c5f8 77e8 

  0x0000025f87cf229c: ; ImmutableOopMap {[32]=Oop [40]=NarrowOop [56]=Oop [64]=NarrowOop [72]=Oop [80]=Oop [96]=Oop [104]=Oop [120]=Oop [132]=NarrowOop }
                      ;*invokestatic checkIndex {reexecute=0 rethrow=0 return_oop=0}
                      ; - java.lang.String::checkIndex@5
                      ; - java.lang.StringLatin1::charAt@3
                      ; - java.lang.String::charAt@12
                      ; - java.io.WinNTFileSystem::normalize@94
                      ; - java.io.WinNTFileSystem::normalize@111
                      ; - java.io.File::<init>@73
                      ; - jdk.internal.loader.URLClassPath$FileLoader::getResource@118
                      ; - jdk.internal.loader.URLClassPath::getResource@53
                      ; - java.net.URLClassLoader$1::run@26
                      ; - java.net.URLClassLoader$1::run@1
  0x0000025f87cf229c: 605a 89ff 

  0x0000025f87cf22a0: ;   {other}
  0x0000025f87cf22a0: 0f1f 8400 | 9078 00d5 | bac6 ffff | ff48 8b6c | 2428 4889 | 7424 2889 | 4424 3048 | 8974 2438 
  0x0000025f87cf22c0: ;   {runtime_call UncommonTrapBlob}
  0x0000025f87cf22c0: c5f8 77e8 

  0x0000025f87cf22c4: ; ImmutableOopMap {rbp=Oop [40]=Oop [56]=Oop [100]=NarrowOop [112]=NarrowOop }
                      ;*invokevirtual getCodeSourceURL {reexecute=0 rethrow=0 return_oop=0}
                      ; - java.net.URLClassLoader::defineClass@13
                      ; - java.net.URLClassLoader$1::run@43
                      ; - java.net.URLClassLoader$1::run@1
  0x0000025f87cf22c4: 385a 89ff 

  0x0000025f87cf22c8: ;   {other}
  0x0000025f87cf22c8: 0f1f 8400 | b878 00d6 | ba45 ffff | ff48 8b6c | 2428 448b | 5c24 3044 | 895c 2420 | 448b 5424 
  0x0000025f87cf22e8: 4044 8954 | 2424 4c8b | 5424 484c | 8954 2430 | 4c8b 5424 | 504c 8954 | 2438 4c8b | 5424 584c 
  0x0000025f87cf2308: 8954 2448 | 4c8b 5424 | 604c 8954 | 2458 448b | 5424 4444 | 8954 2440 

  0x0000025f87cf2320: ;   {runtime_call UncommonTrapBlob}
  0x0000025f87cf2320: c5f8 77e8 

  0x0000025f87cf2324: ; ImmutableOopMap {rbp=Oop [32]=NarrowOop [48]=Oop [56]=Oop [64]=NarrowOop [72]=Oop [88]=Oop [96]=Oop [104]=Oop }
                      ;*ifne {reexecute=1 rethrow=0 return_oop=0}
                      ; - (reexecute) java.io.WinNTFileSystem::normalize@1
                      ; - java.io.WinNTFileSystem::normalize@111
                      ; - java.io.File::<init>@73
                      ; - jdk.internal.loader.URLClassPath$FileLoader::getResource@73
                      ; - jdk.internal.loader.URLClassPath::getResource@53
                      ; - java.net.URLClassLoader$1::run@26
                      ; - java.net.URLClassLoader$1::run@1
  0x0000025f87cf2324: d859 89ff 

  0x0000025f87cf2328: ;   {other}
  0x0000025f87cf2328: 0f1f 8400 | 1879 00d7 | 33ed 4585 | db40 0f96 | c5ba 45ff | ffff 4c8b | 5424 284c | 8954 2420 
  0x0000025f87cf2348: 448b 5c24 | 3044 895c | 2428 448b | 5424 4044 | 8954 242c | 4c8b 5424 | 484c 8954 | 2438 4c8b 
  0x0000025f87cf2368: 5424 504c | 8954 2440 | 4c8b 5424 | 584c 8954 | 2448 4c8b | 5424 604c | 8954 2458 

  0x0000025f87cf2384: ;   {runtime_call UncommonTrapBlob}
  0x0000025f87cf2384: c5f8 77e8 

  0x0000025f87cf2388: ; ImmutableOopMap {[32]=Oop [40]=NarrowOop [56]=Oop [64]=Oop [72]=Oop [88]=Oop [104]=Oop }
                      ;*ifeq {reexecute=1 rethrow=0 return_oop=0}
                      ; - (reexecute) java.io.File::<init>@32
                      ; - jdk.internal.loader.URLClassPath$FileLoader::getResource@118
                      ; - jdk.internal.loader.URLClassPath::getResource@53
                      ; - java.net.URLClassLoader$1::run@26
                      ; - java.net.URLClassLoader$1::run@1
  0x0000025f87cf2388: 7459 89ff 

  0x0000025f87cf238c: ;   {other}
  0x0000025f87cf238c: 0f1f 8400 | 7c79 00d8 | bae4 ffff | ff44 8b44 | 2430 4489 | 4424 204c | 8b44 2448 | 448b 4c24 
  0x0000025f87cf23ac: 4044 894c | 2424 4c89 | 4424 304c | 8b44 2450 | 4c89 4424 | 384c 8b44 | 2458 4c89 | 4424 484c 
  0x0000025f87cf23cc: 8b44 2460 | 4c89 4424 | 584c 8b44 | 2468 4c89 | 4424 6044 | 895c 2468 | 4489 5424 | 6c66 6690 
  0x0000025f87cf23ec: ;   {runtime_call UncommonTrapBlob}
  0x0000025f87cf23ec: c5f8 77e8 

  0x0000025f87cf23f0: ; ImmutableOopMap {rbp=Oop [32]=NarrowOop [48]=Oop [56]=Oop [72]=Oop [88]=Oop [96]=Oop [104]=NarrowOop }
                      ;*invokestatic checkIndex {reexecute=0 rethrow=0 return_oop=0}
                      ; - java.lang.String::checkIndex@5
                      ; - java.lang.StringLatin1::charAt@3
                      ; - java.lang.String::charAt@12
                      ; - java.io.WinNTFileSystem::prefixLength@18
                      ; - java.io.File::<init>@104
                      ; - jdk.internal.loader.URLClassPath$FileLoader::getResource@118
                      ; - jdk.internal.loader.URLClassPath::getResource@53
                      ; - java.net.URLClassLoader$1::run@26
                      ; - java.net.URLClassLoader$1::run@1
  0x0000025f87cf23f0: 0c59 89ff 

  0x0000025f87cf23f4: ;   {other}
  0x0000025f87cf23f4: 0f1f 8400 | e479 00d9 | bae4 ffff | ff4c 8b54 | 2428 4c89 | 5424 2044 | 8b44 2430 | 4489 4424 
  0x0000025f87cf2414: 284c 8b54 | 2448 448b | 4424 4044 | 8944 242c | 4c89 5424 | 384c 8b54 | 2450 4c89 | 5424 484c 
  0x0000025f87cf2434: 8b54 2458 | 4c89 5424 | 5044 8b54 | 2470 4489 | 5424 4044 | 8b54 2474 | 4489 5424 | 7044 895c 
  0x0000025f87cf2454: 2474 6690 

  0x0000025f87cf2458: ;   {runtime_call UncommonTrapBlob}
  0x0000025f87cf2458: c5f8 77e8 

  0x0000025f87cf245c: ; ImmutableOopMap {[32]=Oop [40]=NarrowOop [56]=Oop [72]=Oop [80]=Oop [96]=Oop [104]=Oop [116]=NarrowOop }
                      ;*invokestatic checkIndex {reexecute=0 rethrow=0 return_oop=0}
                      ; - java.lang.String::checkIndex@5
                      ; - java.lang.StringLatin1::charAt@3
                      ; - java.lang.String::charAt@12
                      ; - java.io.WinNTFileSystem::prefixLength@30
                      ; - java.io.File::<init>@104
                      ; - jdk.internal.loader.URLClassPath$FileLoader::getResource@118
                      ; - jdk.internal.loader.URLClassPath::getResource@53
                      ; - java.net.URLClassLoader$1::run@26
                      ; - java.net.URLClassLoader$1::run@1
  0x0000025f87cf245c: a058 89ff 

  0x0000025f87cf2460: ;   {other}
  0x0000025f87cf2460: 0f1f 8400 | 507a 00da | bae4 ffff | ff4c 8b54 | 2428 4c89 | 5424 2044 | 8b54 2430 | 4489 5424 
  0x0000025f87cf2480: 284c 8b54 | 2448 448b | 5c24 4044 | 895c 242c | 4c89 5424 | 384c 8b54 | 2450 4c89 | 5424 404c 
  0x0000025f87cf24a0: 8b54 2458 | 4c89 5424 | 484c 8b54 | 2460 4c89 | 5424 5844 | 8944 2464 

  0x0000025f87cf24b8: ;   {runtime_call UncommonTrapBlob}
  0x0000025f87cf24b8: c5f8 77e8 

  0x0000025f87cf24bc: ; ImmutableOopMap {[32]=Oop [40]=NarrowOop [56]=Oop [64]=Oop [72]=Oop [88]=Oop [100]=NarrowOop }
                      ;*invokestatic checkIndex {reexecute=0 rethrow=0 return_oop=0}
                      ; - java.lang.String::checkIndex@5
                      ; - java.lang.StringLatin1::charAt@3
                      ; - java.lang.String::charAt@12
                      ; - java.io.WinNTFileSystem::prefixLength@78
                      ; - java.io.File::<init>@104
                      ; - jdk.internal.loader.URLClassPath$FileLoader::getResource@118
                      ; - jdk.internal.loader.URLClassPath::getResource@53
                      ; - java.net.URLClassLoader$1::run@26
                      ; - java.net.URLClassLoader$1::run@1
  0x0000025f87cf24bc: 4058 89ff 

  0x0000025f87cf24c0: ;   {other}
  0x0000025f87cf24c0: 0f1f 8400 | b07a 00db | 498b d7c5 | f877 49ba | 1022 60bf | f97f 0000 

  0x0000025f87cf24d8: ;   {other}
  0x0000025f87cf24d8: 41ff d20f | 1f84 0000 | 0000 00e9 | 4cc0 ffff | 498b d7c5 | f877 49ba | 1022 60bf | f97f 0000 
  0x0000025f87cf24f8: ;   {other}
  0x0000025f87cf24f8: 41ff d20f | 1f84 0000 | 0000 00e9 | 98c3 ffff | ba45 ffff | ff48 8b6c | 2428 448b | 5424 3044 
  0x0000025f87cf2518: 8954 2420 | 4c8b 5424 | 4844 8b5c | 2440 4489 | 5c24 244c | 8954 2430 | 4c8b 5424 | 504c 8954 
  0x0000025f87cf2538: 2438 4c8b | 5424 584c | 8954 2448 | 4c8b 5424 | 604c 8954 | 2458 6690 

  0x0000025f87cf2550: ;   {runtime_call UncommonTrapBlob}
  0x0000025f87cf2550: c5f8 77e8 

  0x0000025f87cf2554: ; ImmutableOopMap {rbp=Oop [32]=NarrowOop [48]=Oop [56]=Oop [72]=Oop [88]=Oop [96]=Oop }
                      ;*if_icmple {reexecute=1 rethrow=0 return_oop=0}
                      ; - (reexecute) java.io.WinNTFileSystem::prefixLength@73
                      ; - java.io.File::<init>@104
                      ; - jdk.internal.loader.URLClassPath$FileLoader::getResource@118
                      ; - jdk.internal.loader.URLClassPath::getResource@53
                      ; - java.net.URLClassLoader$1::run@26
                      ; - java.net.URLClassLoader$1::run@1
  0x0000025f87cf2554: a857 89ff 

  0x0000025f87cf2558: ;   {other}
  0x0000025f87cf2558: 0f1f 8400 | 487b 00dc | ba45 ffff | ff48 8b6c | 2428 448b | 5424 3044 | 8954 2420 | 4c8b 5424 
  0x0000025f87cf2578: 4844 8b44 | 2440 4489 | 4424 244c | 8954 2430 | 4c8b 5424 | 504c 8954 | 2438 4c8b | 5424 584c 
  0x0000025f87cf2598: 8954 2440 | 4c8b 5424 | 604c 8954 | 2450 4489 | 5c24 5890 

  0x0000025f87cf25ac: ;   {runtime_call UncommonTrapBlob}
  0x0000025f87cf25ac: c5f8 77e8 

  0x0000025f87cf25b0: ; ImmutableOopMap {rbp=Oop [32]=NarrowOop [48]=Oop [56]=Oop [64]=Oop [80]=Oop [96]=Oop }
                      ;*if_icmpne {reexecute=1 rethrow=0 return_oop=0}
                      ; - (reexecute) java.io.WinNTFileSystem::prefixLength@82
                      ; - java.io.File::<init>@104
                      ; - jdk.internal.loader.URLClassPath$FileLoader::getResource@118
                      ; - jdk.internal.loader.URLClassPath::getResource@53
                      ; - java.net.URLClassLoader$1::run@26
                      ; - java.net.URLClassLoader$1::run@1
  0x0000025f87cf25b0: 4c57 89ff 

  0x0000025f87cf25b4: ;   {other}
  0x0000025f87cf25b4: 0f1f 8400 | a47b 00dd | ba45 ffff | ff44 8b54 | 2430 4489 | 5424 204c | 8b54 2448 | 448b 5c24 
  0x0000025f87cf25d4: 4044 895c | 2424 4c89 | 5424 304c | 8b54 2450 | 4c89 5424 | 384c 8b54 | 2458 4c89 | 5424 484c 
  0x0000025f87cf25f4: 8b54 2460 | 4c89 5424 | 5866 6690 

  0x0000025f87cf2600: ;   {runtime_call UncommonTrapBlob}
  0x0000025f87cf2600: c5f8 77e8 

  0x0000025f87cf2604: ; ImmutableOopMap {rbp=Oop [32]=NarrowOop [48]=Oop [56]=Oop [72]=Oop [88]=Oop [96]=Oop }
                      ;*ifne {reexecute=1 rethrow=0 return_oop=0}
                      ; - (reexecute) java.io.WinNTFileSystem::prefixLength@11
                      ; - java.io.File::<init>@104
                      ; - jdk.internal.loader.URLClassPath$FileLoader::getResource@118
                      ; - jdk.internal.loader.URLClassPath::getResource@53
                      ; - java.net.URLClassLoader$1::run@26
                      ; - java.net.URLClassLoader$1::run@1
  0x0000025f87cf2604: f856 89ff 

  0x0000025f87cf2608: ;   {other}
  0x0000025f87cf2608: 0f1f 8400 | f87b 00de | ba45 ffff | ff48 8b6c | 2428 448b | 5424 3044 | 8954 2420 | 4c8b 5424 
  0x0000025f87cf2628: 4844 8b44 | 2440 4489 | 4424 244c | 8954 2430 | 4c8b 5424 | 504c 8954 | 2438 4c8b | 5424 584c 
  0x0000025f87cf2648: 8954 2440 | 4c8b 5424 | 604c 8954 | 2450 448b | 4424 7044 | 895c 245c | 4489 4424 | 6466 6690 
  0x0000025f87cf2668: ;   {runtime_call UncommonTrapBlob}
  0x0000025f87cf2668: c5f8 77e8 

  0x0000025f87cf266c: ; ImmutableOopMap {rbp=Oop [32]=NarrowOop [48]=Oop [56]=Oop [64]=Oop [80]=Oop }
                      ;*if_icmpne {reexecute=1 rethrow=0 return_oop=0}
                      ; - (reexecute) java.io.WinNTFileSystem::prefixLength@42
                      ; - java.io.File::<init>@104
                      ; - jdk.internal.loader.URLClassPath$FileLoader::getResource@118
                      ; - jdk.internal.loader.URLClassPath::getResource@53
                      ; - java.net.URLClassLoader$1::run@26
                      ; - java.net.URLClassLoader$1::run@1
  0x0000025f87cf266c: 9056 89ff 

  0x0000025f87cf2670: ;   {other}
  0x0000025f87cf2670: 0f1f 8400 | 607c 00df | 488b ebba | 2f00 0000 

  0x0000025f87cf2680: ;   {runtime_call UncommonTrapBlob}
  0x0000025f87cf2680: c5f8 77e8 

  0x0000025f87cf2684: ; ImmutableOopMap {rbp=Oop [40]=Oop }
                      ;*new {reexecute=0 rethrow=0 return_oop=0}
                      ; - java.net.URLClassLoader$1::run@48
                      ; - java.net.URLClassLoader$1::run@1
  0x0000025f87cf2684: 7856 89ff 

  0x0000025f87cf2688: ;   {other}
  0x0000025f87cf2688: 0f1f 8400 | 787c 00e0 | ba45 ffff | ff48 8b6c | 2428 448b | 5c24 3044 | 895c 2420 | 448b 5424 
  0x0000025f87cf26a8: 4044 8954 | 2424 4c8b | 5424 484c | 8954 2430 | 4c8b 5424 | 504c 8954 | 2438 4c8b | 5424 584c 
  0x0000025f87cf26c8: 8954 2448 | 4c8b 5424 | 604c 8954 | 2458 448b | 5c24 4444 | 895c 2440 

  0x0000025f87cf26e0: ;   {runtime_call UncommonTrapBlob}
  0x0000025f87cf26e0: c5f8 77e8 

  0x0000025f87cf26e4: ; ImmutableOopMap {rbp=Oop [32]=NarrowOop [48]=Oop [56]=Oop [64]=NarrowOop [72]=Oop [88]=Oop [96]=Oop [104]=Oop }
                      ;*ifne {reexecute=1 rethrow=0 return_oop=0}
                      ; - (reexecute) java.io.WinNTFileSystem::normalize@1
                      ; - java.io.WinNTFileSystem::normalize@111
                      ; - java.io.File::<init>@73
                      ; - jdk.internal.loader.URLClassPath$FileLoader::getResource@118
                      ; - jdk.internal.loader.URLClassPath::getResource@53
                      ; - java.net.URLClassLoader$1::run@26
                      ; - java.net.URLClassLoader$1::run@1
  0x0000025f87cf26e4: 1856 89ff 

  0x0000025f87cf26e8: ;   {other}
  0x0000025f87cf26e8: 0f1f 8400 | d87c 00e1 | 488b ebba | 9100 0000 | 4c8b 5424 | 284c 8954 | 2420 448b | 5424 3044 
  0x0000025f87cf2708: 8954 2428 | 448b 5424 | 4044 8954 | 242c 6690 

  0x0000025f87cf2718: ;   {runtime_call UncommonTrapBlob}
  0x0000025f87cf2718: c5f8 77e8 

  0x0000025f87cf271c: ; ImmutableOopMap {rbp=Oop [32]=Oop [40]=NarrowOop [72]=Oop [80]=Oop }
                      ;*new {reexecute=0 rethrow=0 return_oop=0}
                      ; - java.security.AccessController::wrapException@0
                      ; - java.security.AccessController::doPrivileged@22
                      ; - jdk.internal.loader.URLClassPath$JarLoader::ensureOpen@19
                      ; - jdk.internal.loader.URLClassPath$JarLoader::getResource@1
                      ; - jdk.internal.loader.URLClassPath::getResource@53
                      ; - java.net.URLClassLoader$1::run@26
                      ; - java.net.URLClassLoader$1::run@1
  0x0000025f87cf271c: e055 89ff 

  0x0000025f87cf2720: ;   {other}
  0x0000025f87cf2720: 0f1f 8400 | 107d 00e2 | 488b ebba | adff ffff | 4c8b 5424 | 284c 8954 | 2420 448b | 5c24 3044 
  0x0000025f87cf2740: 895c 2428 | 448b 5424 | 4044 8954 | 242c 6690 

  0x0000025f87cf2750: ;   {runtime_call UncommonTrapBlob}
  0x0000025f87cf2750: c5f8 77e8 

  0x0000025f87cf2754: ; ImmutableOopMap {rbp=Oop [32]=Oop [40]=NarrowOop [72]=Oop [80]=Oop }
                      ;*invokevirtual getException {reexecute=0 rethrow=0 return_oop=0}
                      ; - jdk.internal.loader.URLClassPath$JarLoader::ensureOpen@28
                      ; - jdk.internal.loader.URLClassPath$JarLoader::getResource@1
                      ; - jdk.internal.loader.URLClassPath::getResource@53
                      ; - java.net.URLClassLoader$1::run@26
                      ; - java.net.URLClassLoader$1::run@1
  0x0000025f87cf2754: a855 89ff 

  0x0000025f87cf2758: ;   {other}
  0x0000025f87cf2758: 0f1f 8400 | 487d 00e3 | bafd 0000 | 0048 8b6c | 2428 6690 

  0x0000025f87cf276c: ;   {runtime_call UncommonTrapBlob}
  0x0000025f87cf276c: c5f8 77e8 

  0x0000025f87cf2770: ; ImmutableOopMap {rbp=Oop [48]=Oop [168]=Oop }
                      ;*new {reexecute=0 rethrow=0 return_oop=0}
                      ; - java.net.URLClassLoader::defineClass@103
                      ; - java.net.URLClassLoader$1::run@43
                      ; - java.net.URLClassLoader$1::run@1
  0x0000025f87cf2770: 8c55 89ff 

  0x0000025f87cf2774: ;   {other}
  0x0000025f87cf2774: 0f1f 8400 | 647d 00e4 | 488b e8ba | f201 0000 | 4c8b 5424 | 284c 8954 | 2420 4c8b | 5424 304c 
  0x0000025f87cf2794: 8954 2428 | 448b 5c24 | 3844 895c | 2430 448b | 5424 3c44 | 8954 2434 | 4c8b 5424 | 684c 8954 
  0x0000025f87cf27b4: 2438 6690 

  0x0000025f87cf27b8: ;   {runtime_call UncommonTrapBlob}
  0x0000025f87cf27b8: c5f8 77e8 

  0x0000025f87cf27bc: ; ImmutableOopMap {rbp=Oop [32]=Oop [40]=Oop [48]=NarrowOop [52]=NarrowOop [56]=Oop [80]=NarrowOop [84]=NarrowOop [168]=Oop }
                      ;*new {reexecute=0 rethrow=0 return_oop=0}
                      ; - java.util.jar.JarFile::ensureInitialization@8
                      ; - java.util.jar.JavaUtilJarAccessImpl::ensureInitialization@1
                      ; - jdk.internal.loader.URLClassPath$JarLoader$2::getManifest@10
                      ; - java.net.URLClassLoader::defineClass@34
                      ; - java.net.URLClassLoader$1::run@43
                      ; - java.net.URLClassLoader$1::run@1
  0x0000025f87cf27bc: 4055 89ff 

  0x0000025f87cf27c0: ;   {other}
  0x0000025f87cf27c0: 0f1f 8400 | b07d 00e5 | bade ffff | ff48 8b6c | 2428 448b | 5424 3044 | 8954 2420 | 448b 5c24 
  0x0000025f87cf27e0: 4044 895c | 2424 4889 | 4424 4090 

  0x0000025f87cf27ec: ;   {runtime_call UncommonTrapBlob}
  0x0000025f87cf27ec: c5f8 77e8 

  0x0000025f87cf27f0: ; ImmutableOopMap {rbp=Oop [32]=NarrowOop [64]=Oop [72]=Oop [80]=Oop }
                      ;*checkcast {reexecute=0 rethrow=0 return_oop=0}
                      ; - java.util.jar.JarFile::getJarEntry@5
                      ; - jdk.internal.loader.URLClassPath$JarLoader::getResource@22
                      ; - jdk.internal.loader.URLClassPath::getResource@53
                      ; - java.net.URLClassLoader$1::run@26
                      ; - java.net.URLClassLoader$1::run@1
  0x0000025f87cf27f0: 0c55 89ff 

  0x0000025f87cf27f4: ;   {other}
  0x0000025f87cf27f4: 0f1f 8400 | e47d 00e6 | bade ffff | ff4c 8b5c | 2428 4c89 | 5c24 2048 | 8974 2428 | 4889 7c24 
  0x0000025f87cf2814: 3844 8974 | 2448 4c89 | 5424 5890 

  0x0000025f87cf2820: ;   {runtime_call UncommonTrapBlob}
  0x0000025f87cf2820: c5f8 77e8 

  0x0000025f87cf2824: ; ImmutableOopMap {rbp=NarrowOop [32]=Oop [40]=Oop [56]=Oop [72]=NarrowOop [88]=Oop [100]=NarrowOop [112]=NarrowOop [168]=Oop }
                      ;*checkcast {reexecute=0 rethrow=0 return_oop=0}
                      ; - java.util.jar.JarFile::getManifestFromReference@14
                      ; - java.util.jar.JarFile::getManifest@1
                      ; - jdk.internal.loader.URLClassPath$JarLoader$2::getManifest@22
                      ; - java.net.URLClassLoader::defineClass@34
                      ; - java.net.URLClassLoader$1::run@43
                      ; - java.net.URLClassLoader$1::run@1
  0x0000025f87cf2824: d854 89ff 

  0x0000025f87cf2828: ;   {other}
  0x0000025f87cf2828: 0f1f 8400 | 187e 00e7 | baf6 ffff | ff49 8bee 

  0x0000025f87cf2838: ;   {runtime_call UncommonTrapBlob}
  0x0000025f87cf2838: c5f8 77e8 

  0x0000025f87cf283c: ; ImmutableOopMap {rbp=Oop }
                      ;*invokevirtual replace {reexecute=0 rethrow=0 return_oop=0}
                      ; - java.net.URLClassLoader$1::run@8
                      ; - java.net.URLClassLoader$1::run@1
  0x0000025f87cf283c: c054 89ff 

  0x0000025f87cf2840: ;   {other}
  0x0000025f87cf2840: 0f1f 8400 | 307e 00e8 | baf6 ffff | ff49 8bee 

  0x0000025f87cf2850: ;   {runtime_call UncommonTrapBlob}
  0x0000025f87cf2850: c5f8 77e8 

  0x0000025f87cf2854: ; ImmutableOopMap {rbp=Oop }
                      ;*arraylength {reexecute=0 rethrow=0 return_oop=0}
                      ; - java.lang.StringLatin1::replace@8
                      ; - java.lang.String::replace@18
                      ; - java.net.URLClassLoader$1::run@8
                      ; - java.net.URLClassLoader$1::run@1
  0x0000025f87cf2854: a854 89ff 

  0x0000025f87cf2858: ;   {other}
  0x0000025f87cf2858: 0f1f 8400 | 487e 00e9 | baf6 ffff | ff49 8bee 

  0x0000025f87cf2868: ;   {runtime_call UncommonTrapBlob}
  0x0000025f87cf2868: c5f8 77e8 

  0x0000025f87cf286c: ; ImmutableOopMap {rbp=Oop [72]=Oop }
                      ;*getfield ucp {reexecute=1 rethrow=0 return_oop=0}
                      ; - (reexecute) java.net.URLClassLoader$1::run@21
                      ; - java.net.URLClassLoader$1::run@1
  0x0000025f87cf286c: 9054 89ff 

  0x0000025f87cf2870: ;   {other}
  0x0000025f87cf2870: 0f1f 8400 | 607e 00ea | baf6 ffff | ff48 8b6c | 2428 4889 | 7424 2890 

  0x0000025f87cf2888: ;   {runtime_call UncommonTrapBlob}
  0x0000025f87cf2888: c5f8 77e8 

  0x0000025f87cf288c: ; ImmutableOopMap {rbp=Oop [40]=Oop [100]=NarrowOop }
                      ;*invokevirtual lastIndexOf {reexecute=0 rethrow=0 return_oop=0}
                      ; - java.net.URLClassLoader::defineClass@7
                      ; - java.net.URLClassLoader$1::run@43
                      ; - java.net.URLClassLoader$1::run@1
  0x0000025f87cf288c: 7054 89ff 

  0x0000025f87cf2890: ;   {other}
  0x0000025f87cf2890: 0f1f 8400 | 807e 00eb | baf6 ffff | ff48 8b6c | 2428 4889 | 7424 2890 

  0x0000025f87cf28a8: ;   {runtime_call UncommonTrapBlob}
  0x0000025f87cf28a8: c5f8 77e8 

  0x0000025f87cf28ac: ; ImmutableOopMap {rbp=Oop [40]=Oop [100]=NarrowOop [112]=NarrowOop }
                      ;*arraylength {reexecute=0 rethrow=0 return_oop=0}
                      ; - java.lang.String::length@4
                      ; - java.lang.String::lastIndexOf@3
                      ; - java.net.URLClassLoader::defineClass@7
                      ; - java.net.URLClassLoader$1::run@43
                      ; - java.net.URLClassLoader$1::run@1
  0x0000025f87cf28ac: 5054 89ff 

  0x0000025f87cf28b0: ;   {other}
  0x0000025f87cf28b0: 0f1f 8400 | a07e 00ec | baf6 ffff | ff48 8b6c | 2428 4c8b | 5424 304c | 8954 2420 

  0x0000025f87cf28cc: ;   {runtime_call UncommonTrapBlob}
  0x0000025f87cf28cc: c5f8 77e8 

  0x0000025f87cf28d0: ; ImmutableOopMap {rbp=Oop [32]=Oop [56]=Oop [100]=NarrowOop [112]=NarrowOop }
                      ;*arraylength {reexecute=0 rethrow=0 return_oop=0}
                      ; - java.net.URLClassLoader::defineClass@217
                      ; - java.net.URLClassLoader$1::run@43
                      ; - java.net.URLClassLoader$1::run@1
  0x0000025f87cf28d0: 2c54 89ff 

  0x0000025f87cf28d4: ;   {other}
  0x0000025f87cf28d4: 0f1f 8400 | c47e 00ed | baf6 ffff | ff48 8b6c | 2428 4889 | 7424 2048 | 897c 2430 | 4c8b 5424 
  0x0000025f87cf28f4: 404c 8954 | 2438 4489 | 7424 4090 

  0x0000025f87cf2900: ;   {runtime_call UncommonTrapBlob}
  0x0000025f87cf2900: c5f8 77e8 

  0x0000025f87cf2904: ; ImmutableOopMap {rbp=Oop [32]=Oop [48]=Oop [64]=NarrowOop [100]=NarrowOop [112]=NarrowOop [168]=Oop }
                      ;*getfield jar {reexecute=1 rethrow=0 return_oop=0}
                      ; - (reexecute) jdk.internal.loader.URLClassPath$JarLoader$2::getManifest@7
                      ; - java.net.URLClassLoader::defineClass@34
                      ; - java.net.URLClassLoader$1::run@43
                      ; - java.net.URLClassLoader$1::run@1
  0x0000025f87cf2904: f853 89ff 

  0x0000025f87cf2908: ;   {other}
  0x0000025f87cf2908: 0f1f 8400 | f87e 00ee | baf6 ffff | ff48 8b6c | 2428 4889 | 7424 2048 | 897c 2430 | 4c8b 5424 
  0x0000025f87cf2928: 404c 8954 | 2438 4489 | 7424 4090 

  0x0000025f87cf2934: ;   {runtime_call UncommonTrapBlob}
  0x0000025f87cf2934: c5f8 77e8 

  0x0000025f87cf2938: ; ImmutableOopMap {rbp=Oop [32]=Oop [48]=Oop [64]=NarrowOop [100]=NarrowOop [112]=NarrowOop [168]=Oop }
                      ;*getfield jar {reexecute=1 rethrow=0 return_oop=0}
                      ; - (reexecute) jdk.internal.loader.URLClassPath$JarLoader$2::getManifest@19
                      ; - java.net.URLClassLoader::defineClass@34
                      ; - java.net.URLClassLoader$1::run@43
                      ; - java.net.URLClassLoader$1::run@1
  0x0000025f87cf2938: c453 89ff 

  0x0000025f87cf293c: ;   {other}
  0x0000025f87cf293c: 0f1f 8400 | 2c7f 00ef | baf6 ffff | ff48 8b6c | 2428 4889 | 7424 2048 | 897c 2430 | 4c8b 5424 
  0x0000025f87cf295c: 404c 8954 | 2438 4489 | 7424 4090 

  0x0000025f87cf2968: ;   {runtime_call UncommonTrapBlob}
  0x0000025f87cf2968: c5f8 77e8 

  0x0000025f87cf296c: ; ImmutableOopMap {rbp=Oop [32]=Oop [48]=Oop [64]=NarrowOop [100]=NarrowOop [112]=NarrowOop [168]=Oop }
                      ;*invokevirtual getManifest {reexecute=0 rethrow=0 return_oop=0}
                      ; - jdk.internal.loader.URLClassPath$JarLoader$2::getManifest@22
                      ; - java.net.URLClassLoader::defineClass@34
                      ; - java.net.URLClassLoader$1::run@43
                      ; - java.net.URLClassLoader$1::run@1
  0x0000025f87cf296c: 9053 89ff 

  0x0000025f87cf2970: ;   {other}
  0x0000025f87cf2970: 0f1f 8400 | 607f 00f0 | baf6 ffff | ff48 8b6c | 2428 4889 | 7424 2089 | 4424 284c | 895c 2438 
  0x0000025f87cf2990: ;   {runtime_call UncommonTrapBlob}
  0x0000025f87cf2990: c5f8 77e8 

  0x0000025f87cf2994: ; ImmutableOopMap {rbp=Oop [32]=Oop [56]=Oop [100]=NarrowOop [112]=NarrowOop }
                      ;*getfield csu {reexecute=1 rethrow=0 return_oop=0}
                      ; - (reexecute) jdk.internal.loader.URLClassPath$JarLoader$2::getCodeSourceURL@4
                      ; - java.net.URLClassLoader::defineClass@13
                      ; - java.net.URLClassLoader$1::run@43
                      ; - java.net.URLClassLoader$1::run@1
  0x0000025f87cf2994: 6853 89ff 

  0x0000025f87cf2998: ;   {other}
  0x0000025f87cf2998: 0f1f 8400 | 887f 00f1 | ba45 ffff | ff48 8b6c | 2428 4889 | 7424 204c | 8b54 2440 | 4c89 5424 
  0x0000025f87cf29b8: 3844 8974 | 2440 4889 | 7c24 5044 | 894c 2458 

  0x0000025f87cf29c8: ;   {runtime_call UncommonTrapBlob}
  0x0000025f87cf29c8: c5f8 77e8 

  0x0000025f87cf29cc: ; ImmutableOopMap {rbp=Oop [32]=Oop [64]=NarrowOop [80]=Oop [88]=NarrowOop [100]=NarrowOop [112]=NarrowOop [168]=Oop }
                      ;*ifnonnull {reexecute=1 rethrow=0 return_oop=0}
                      ; - (reexecute) jdk.internal.access.SharedSecrets::javaUtilJarAccess@5
                      ; - jdk.internal.loader.URLClassPath$JarLoader$2::getManifest@0
                      ; - java.net.URLClassLoader::defineClass@34
                      ; - java.net.URLClassLoader$1::run@43
                      ; - java.net.URLClassLoader$1::run@1
  0x0000025f87cf29cc: 3053 89ff 

  0x0000025f87cf29d0: ;   {other}
  0x0000025f87cf29d0: 0f1f 8400 | c07f 00f2 | ba45 ffff | ff4c 8b5c | 2428 4c89 | 5c24 2048 | 8974 2428 | 4889 7c24 
  0x0000025f87cf29f0: 3844 8974 | 2448 4c89 | 5424 5890 

  0x0000025f87cf29fc: ;   {runtime_call UncommonTrapBlob}
  0x0000025f87cf29fc: c5f8 77e8 

  0x0000025f87cf2a00: ; ImmutableOopMap {rbp=NarrowOop [32]=Oop [40]=Oop [56]=Oop [72]=NarrowOop [88]=Oop [100]=NarrowOop [112]=NarrowOop [168]=Oop }
                      ;*ifnull {reexecute=1 rethrow=0 return_oop=0}
                      ; - (reexecute) java.lang.ref.SoftReference::get@6
                      ; - java.util.jar.JarFile::getManifestFromReference@11
                      ; - java.util.jar.JarFile::getManifest@1
                      ; - jdk.internal.loader.URLClassPath$JarLoader$2::getManifest@22
                      ; - java.net.URLClassLoader::defineClass@34
                      ; - java.net.URLClassLoader$1::run@43
                      ; - java.net.URLClassLoader$1::run@1
  0x0000025f87cf2a00: fc52 89ff 

  0x0000025f87cf2a04: ;   {other}
  0x0000025f87cf2a04: 0f1f 8400 | f47f 00f3 | baf6 ffff | ff48 8b6c | 2428 448b | 5424 3044 | 8954 2420 | 4c8b 5424 
  0x0000025f87cf2a24: 4844 8b5c | 2440 4489 | 5c24 244c | 8954 2430 

  0x0000025f87cf2a34: ;   {runtime_call UncommonTrapBlob}
  0x0000025f87cf2a34: c5f8 77e8 

  0x0000025f87cf2a38: ; ImmutableOopMap {rbp=Oop [32]=NarrowOop [48]=Oop [80]=Oop [88]=Oop [96]=Oop }
                      ;*arraylength {reexecute=0 rethrow=0 return_oop=0}
                      ; - java.lang.StringLatin1::charAt@2
                      ; - java.lang.String::charAt@12
                      ; - java.io.WinNTFileSystem::normalize@31
                      ; - java.io.File::<init>@73
                      ; - jdk.internal.loader.URLClassPath$FileLoader::getResource@73
                      ; - jdk.internal.loader.URLClassPath::getResource@53
                      ; - java.net.URLClassLoader$1::run@26
                      ; - java.net.URLClassLoader$1::run@1
  0x0000025f87cf2a38: c452 89ff 

  0x0000025f87cf2a3c: ;   {other}
  0x0000025f87cf2a3c: 0f1f 8400 | 2c80 00f4 | baf6 ffff | ff48 8b6c | 2428 448b | 5c24 3044 | 895c 2420 | 448b 5424 
  0x0000025f87cf2a5c: 4044 8954 | 2424 4c8b | 5424 484c | 8954 2430 

  0x0000025f87cf2a6c: ;   {runtime_call UncommonTrapBlob}
  0x0000025f87cf2a6c: c5f8 77e8 

  0x0000025f87cf2a70: ; ImmutableOopMap {rbp=Oop [32]=NarrowOop [48]=Oop [80]=Oop [88]=Oop [96]=Oop }
                      ;*arraylength {reexecute=0 rethrow=0 return_oop=0}
                      ; - java.lang.StringLatin1::charAt@2
                      ; - java.lang.String::charAt@12
                      ; - java.io.WinNTFileSystem::normalize@70
                      ; - java.io.WinNTFileSystem::normalize@111
                      ; - java.io.File::<init>@73
                      ; - jdk.internal.loader.URLClassPath$FileLoader::getResource@73
                      ; - jdk.internal.loader.URLClassPath::getResource@53
                      ; - java.net.URLClassLoader$1::run@26
                      ; - java.net.URLClassLoader$1::run@1
  0x0000025f87cf2a70: 8c52 89ff 

  0x0000025f87cf2a74: ;   {other}
  0x0000025f87cf2a74: 0f1f 8400 | 6480 00f5 | 4c8b d0e9 | f8b9 ffff | baf6 ffff | ff48 8b6c | 2428 4c8b | 5424 304c 
  0x0000025f87cf2a94: 8954 2420 | 448b 5c24 | 3844 895c | 2428 4c8b | 5424 584c | 8954 2430 | 448b 5424 | 3c44 8954 
  0x0000025f87cf2ab4: 2438 4c8b | 5424 684c | 8954 2450 | 4c89 4424 | 6866 6690 

  0x0000025f87cf2ac8: ;   {runtime_call UncommonTrapBlob}
  0x0000025f87cf2ac8: c5f8 77e8 

  0x0000025f87cf2acc: ; ImmutableOopMap {rbp=Oop [32]=Oop [40]=NarrowOop [48]=Oop [56]=NarrowOop [80]=Oop [104]=Oop [112]=NarrowOop [120]=Oop [128]=NarrowOop [168]=Oop }
                      ;*arraylength {reexecute=0 rethrow=0 return_oop=0}
                      ; - java.io.ByteArrayInputStream::<init>@21
                      ; - java.util.jar.JarFile::getManifestFromReference@114
                      ; - java.util.jar.JarFile::getManifest@1
                      ; - jdk.internal.loader.URLClassPath$JarLoader$2::getManifest@22
                      ; - java.net.URLClassLoader::defineClass@34
                      ; - java.net.URLClassLoader$1::run@43
                      ; - java.net.URLClassLoader$1::run@1
  0x0000025f87cf2acc: 3052 89ff 

  0x0000025f87cf2ad0: ;   {other}
  0x0000025f87cf2ad0: 0f1f 8400 | c080 00f6 | 4c8b d0e9 | 9cb9 ffff | 4c8b d0e9 | 94b9 ffff | 488b d844 | 8b58 084d 
  0x0000025f87cf2af0: 33d2 4f8d | 14da 4d8b 

  0x0000025f87cf2af8: ;   {metadata('java/lang/Exception')}
  0x0000025f87cf2af8: 5240 49bb | 303e 0400 | 0100 0000 | 4d3b d30f | 8494 b9ff | ffe9 38e6 | ffff 488b | d844 8b50 
  0x0000025f87cf2b18: 084d 33db | 4f8d 1cd3 | 4d8b 5340 

  0x0000025f87cf2b24: ;   {metadata('java/lang/Exception')}
  0x0000025f87cf2b24: 49bb 303e | 0400 0100 | 0000 4d3b | d30f 846a | b9ff ffe9 | 0ee6 ffff | 488b d844 | 8b58 084d 
  0x0000025f87cf2b44: 33d2 4f8d | 14da 4d8b 

  0x0000025f87cf2b4c: ;   {metadata('java/lang/Exception')}
  0x0000025f87cf2b4c: 5240 49bb | 303e 0400 | 0100 0000 | 4d3b d30f | 8440 b9ff | ffe9 e4e5 | ffff 488b | d844 8b50 
  0x0000025f87cf2b6c: 084d 33db | 4f8d 1cd3 | 4d8b 5340 

  0x0000025f87cf2b78: ;   {metadata('java/lang/Exception')}
  0x0000025f87cf2b78: 49bb 303e | 0400 0100 | 0000 4d3b | d30f 8416 | b9ff ffe9 | bae5 ffff | 488b d844 | 8b50 084d 
  0x0000025f87cf2b98: 33db 4f8d | 1cd3 4d8b 

  0x0000025f87cf2ba0: ;   {metadata('java/lang/Exception')}
  0x0000025f87cf2ba0: 5340 49bb | 303e 0400 | 0100 0000 | 4d3b d30f | 84ec b8ff | ffe9 90e5 | ffff 488b | d844 8b58 
  0x0000025f87cf2bc0: 084d 33d2 | 4f8d 14da | 4d8b 5240 

  0x0000025f87cf2bcc: ;   {metadata('java/lang/Exception')}
  0x0000025f87cf2bcc: 49bb 303e | 0400 0100 | 0000 4d3b | d30f 84c2 | b8ff ffe9 | 66e5 ffff | 488b d844 | 8b50 084d 
  0x0000025f87cf2bec: 33db 4f8d | 1cd3 e993 | b8ff ff48 | 8bd8 448b | 5808 4d33 | d24f 8d14 | da4d 8b52 

  0x0000025f87cf2c08: ;   {metadata('java/lang/Exception')}
  0x0000025f87cf2c08: 4049 bb30 | 3e04 0001 | 0000 004d | 3bd3 0f84 | 85b8 ffff | e929 e5ff | ff48 8bd8 | 448b 5008 
  0x0000025f87cf2c28: 4d33 db4f | 8d1c d34d 

  0x0000025f87cf2c30: ;   {metadata('java/lang/Exception')}
  0x0000025f87cf2c30: 8b53 4049 | bb30 3e04 | 0001 0000 | 004d 3bd3 | 0f84 5bb8 | ffff e9ff | e4ff ffba | 45ff ffff 
  0x0000025f87cf2c50: 488b 6c24 | 284c 8b54 | 2430 4c89 | 5424 2044 | 8b54 2438 | 4489 5424 | 284c 8b54 | 2458 4c89 
  0x0000025f87cf2c70: 5424 304c | 8b54 2460 | 4c89 5424 | 504c 895c | 2458 6690 

  0x0000025f87cf2c84: ;   {runtime_call UncommonTrapBlob}
  0x0000025f87cf2c84: c5f8 77e8 

  0x0000025f87cf2c88: ; ImmutableOopMap {rbp=Oop [32]=Oop [40]=NarrowOop [48]=Oop [60]=NarrowOop [80]=Oop [88]=Oop [104]=Oop [112]=NarrowOop [168]=Oop }
                      ;*ifnull {reexecute=1 rethrow=0 return_oop=0}
                      ; - (reexecute) java.util.jar.JarFile::getManifestFromReference@148
                      ; - java.util.jar.JarFile::getManifest@1
                      ; - jdk.internal.loader.URLClassPath$JarLoader$2::getManifest@22
                      ; - java.net.URLClassLoader::defineClass@34
                      ; - java.net.URLClassLoader$1::run@43
                      ; - java.net.URLClassLoader$1::run@1
  0x0000025f87cf2c88: 7450 89ff 

  0x0000025f87cf2c8c: ;   {other}
  0x0000025f87cf2c8c: 0f1f 8400 | 7c82 00f7 | baf6 ffff | ff48 8b6c | 2428 448b | 5424 3044 | 8954 2420 | 4c8b 5424 
  0x0000025f87cf2cac: 4844 8b5c | 2440 4489 | 5c24 244c | 8954 2430 

  0x0000025f87cf2cbc: ;   {runtime_call UncommonTrapBlob}
  0x0000025f87cf2cbc: c5f8 77e8 

  0x0000025f87cf2cc0: ; ImmutableOopMap {rbp=Oop [32]=NarrowOop [48]=Oop [80]=Oop [88]=Oop [96]=Oop }
                      ;*arraylength {reexecute=0 rethrow=0 return_oop=0}
                      ; - java.lang.StringLatin1::charAt@2
                      ; - java.lang.String::charAt@12
                      ; - java.io.WinNTFileSystem::normalize@31
                      ; - java.io.File::<init>@73
                      ; - jdk.internal.loader.URLClassPath$FileLoader::getResource@118
                      ; - jdk.internal.loader.URLClassPath::getResource@53
                      ; - java.net.URLClassLoader$1::run@26
                      ; - java.net.URLClassLoader$1::run@1
  0x0000025f87cf2cc0: 3c50 89ff 

  0x0000025f87cf2cc4: ;   {other}
  0x0000025f87cf2cc4: 0f1f 8400 | b482 00f8 | baf6 ffff | ff48 8b6c | 2428 448b | 5c24 3044 | 895c 2420 | 448b 5424 
  0x0000025f87cf2ce4: 4044 8954 | 2424 4c8b | 5424 484c | 8954 2430 

  0x0000025f87cf2cf4: ;   {runtime_call UncommonTrapBlob}
  0x0000025f87cf2cf4: c5f8 77e8 

  0x0000025f87cf2cf8: ; ImmutableOopMap {rbp=Oop [32]=NarrowOop [48]=Oop [80]=Oop [88]=Oop [96]=Oop }
                      ;*arraylength {reexecute=0 rethrow=0 return_oop=0}
                      ; - java.lang.StringLatin1::charAt@2
                      ; - java.lang.String::charAt@12
                      ; - java.io.WinNTFileSystem::normalize@70
                      ; - java.io.WinNTFileSystem::normalize@111
                      ; - java.io.File::<init>@73
                      ; - jdk.internal.loader.URLClassPath$FileLoader::getResource@118
                      ; - jdk.internal.loader.URLClassPath::getResource@53
                      ; - java.net.URLClassLoader$1::run@26
                      ; - java.net.URLClassLoader$1::run@1
  0x0000025f87cf2cf8: 0450 89ff 

  0x0000025f87cf2cfc: ;   {other}
  0x0000025f87cf2cfc: 0f1f 8400 | ec82 00f9 | baf6 ffff | ff48 8b6c | 2428 448b | 5424 3044 | 8954 2420 | 4c8b 5424 
  0x0000025f87cf2d1c: 4844 8b5c | 2440 4489 | 5c24 244c | 8954 2430 

  0x0000025f87cf2d2c: ;   {runtime_call UncommonTrapBlob}
  0x0000025f87cf2d2c: c5f8 77e8 

  0x0000025f87cf2d30: ; ImmutableOopMap {rbp=Oop [32]=NarrowOop [48]=Oop [80]=Oop [88]=Oop [96]=Oop }
                      ;*arraylength {reexecute=0 rethrow=0 return_oop=0}
                      ; - java.lang.StringLatin1::charAt@2
                      ; - java.lang.String::charAt@12
                      ; - java.io.WinNTFileSystem::normalize@94
                      ; - java.io.WinNTFileSystem::normalize@111
                      ; - java.io.File::<init>@73
                      ; - jdk.internal.loader.URLClassPath$FileLoader::getResource@73
                      ; - jdk.internal.loader.URLClassPath::getResource@53
                      ; - java.net.URLClassLoader$1::run@26
                      ; - java.net.URLClassLoader$1::run@1
  0x0000025f87cf2d30: cc4f 89ff 

  0x0000025f87cf2d34: ;   {other}
  0x0000025f87cf2d34: 0f1f 8400 | 2483 00fa | 4c8b d0e9 | 38b7 ffff | 4c8b d0e9 | 30b7 ffff | 4c8b d0e9 | f7e2 ffff 
  0x0000025f87cf2d54: 4c8b d0e9 | dce2 ffff | 488b d844 | 8b58 084d | 33c0 4f8d | 04d8 4d8b | 5050 4c3b | d50f 8537 
  0x0000025f87cf2d74: e3ff ff45 | 33c9 e946 | e0ff ffba | f6ff ffff | 488b 6c24 | 2844 8b5c | 2430 4489 | 5c24 2044 
  0x0000025f87cf2d94: 8b54 2440 | 4489 5424 | 244c 8b54 | 2448 4c89 | 5424 3089 | 5c24 4890 

  0x0000025f87cf2dac: ;   {runtime_call UncommonTrapBlob}
  0x0000025f87cf2dac: c5f8 77e8 

  0x0000025f87cf2db0: ; ImmutableOopMap {rbp=Oop [32]=NarrowOop [48]=Oop [72]=NarrowOop [80]=Oop [88]=Oop }
                      ;*invokevirtual getFile {reexecute=0 rethrow=0 return_oop=0}
                      ; - jdk.internal.loader.URLClassPath$FileLoader::getResource@28
                      ; - jdk.internal.loader.URLClassPath::getResource@53
                      ; - java.net.URLClassLoader$1::run@26
                      ; - java.net.URLClassLoader$1::run@1
  0x0000025f87cf2db0: 4c4f 89ff 

  0x0000025f87cf2db4: ;   {other}
  0x0000025f87cf2db4: 0f1f 8400 | a483 00fb | 4c8b d0e9 | b8b6 ffff | 4c8b d0e9 | b0b6 ffff | 4c8b d0e9 | a8b6 ffff 
  0x0000025f87cf2dd4: 4c8b d0e9 | a0b6 ffff | 4c8b d0e9 | 98b6 ffff | 488b d844 | 8b50 084d | 33db 4f8d | 1cd3 4d8b 
  0x0000025f87cf2df4: ;   {metadata('java/lang/Exception')}
  0x0000025f87cf2df4: 5340 49bb | 303e 0400 | 0100 0000 | 4d3b d30f | 8498 b6ff | ffe9 3ce3 | ffff 4c8b | d0e9 66b6 
  0x0000025f87cf2e14: ffff 4c8b | d0e9 5eb6 | ffff baf6 | ffff ff44 | 8b54 2430 | 4489 5424 | 204c 8b54 | 2448 448b 
  0x0000025f87cf2e34: 5c24 4044 | 895c 2424 | 4c89 5424 | 3066 6690 

  0x0000025f87cf2e44: ;   {runtime_call UncommonTrapBlob}
  0x0000025f87cf2e44: c5f8 77e8 

  0x0000025f87cf2e48: ; ImmutableOopMap {rbp=Oop [32]=NarrowOop [48]=Oop [80]=Oop [88]=Oop [96]=Oop }
                      ;*invokevirtual isEmpty {reexecute=0 rethrow=0 return_oop=0}
                      ; - java.io.File::<init>@29
                      ; - jdk.internal.loader.URLClassPath$FileLoader::getResource@73
                      ; - jdk.internal.loader.URLClassPath::getResource@53
                      ; - java.net.URLClassLoader$1::run@26
                      ; - java.net.URLClassLoader$1::run@1
  0x0000025f87cf2e48: b44e 89ff 

  0x0000025f87cf2e4c: ;   {other}
  0x0000025f87cf2e4c: 0f1f 8400 | 3c84 00fc | baf6 ffff | ff44 8b5c | 2430 4489 | 5c24 2044 | 8b54 2440 | 4489 5424 
  0x0000025f87cf2e6c: 244c 8b54 | 2448 4c89 | 5424 3090 

  0x0000025f87cf2e78: ;   {runtime_call UncommonTrapBlob}
  0x0000025f87cf2e78: c5f8 77e8 

  0x0000025f87cf2e7c: ; ImmutableOopMap {rbp=Oop [32]=NarrowOop [48]=Oop [80]=Oop [88]=Oop [96]=Oop }
                      ;*arraylength {reexecute=0 rethrow=0 return_oop=0}
                      ; - java.lang.String::isEmpty@4
                      ; - java.io.File::<init>@29
                      ; - jdk.internal.loader.URLClassPath$FileLoader::getResource@73
                      ; - jdk.internal.loader.URLClassPath::getResource@53
                      ; - java.net.URLClassLoader$1::run@26
                      ; - java.net.URLClassLoader$1::run@1
  0x0000025f87cf2e7c: 804e 89ff 

  0x0000025f87cf2e80: ;   {other}
  0x0000025f87cf2e80: 0f1f 8400 | 7084 00fd | baf6 ffff | ff44 8b54 | 2430 4489 | 5424 204c | 8b54 2448 | 448b 5c24 
  0x0000025f87cf2ea0: 4044 895c | 2424 4c89 | 5424 3090 

  0x0000025f87cf2eac: ;   {runtime_call UncommonTrapBlob}
  0x0000025f87cf2eac: c5f8 77e8 

  0x0000025f87cf2eb0: ; ImmutableOopMap {rbp=Oop [32]=NarrowOop [48]=Oop [80]=Oop [88]=Oop [96]=Oop }
                      ;*arraylength {reexecute=0 rethrow=0 return_oop=0}
                      ; - java.lang.String::length@4
                      ; - java.io.WinNTFileSystem::normalize@1
                      ; - java.io.File::<init>@73
                      ; - jdk.internal.loader.URLClassPath$FileLoader::getResource@73
                      ; - jdk.internal.loader.URLClassPath::getResource@53
                      ; - java.net.URLClassLoader$1::run@26
                      ; - java.net.URLClassLoader$1::run@1
  0x0000025f87cf2eb0: 4c4e 89ff 

  0x0000025f87cf2eb4: ;   {other}
  0x0000025f87cf2eb4: 0f1f 8400 | a484 00fe | baf6 ffff | ff44 8b54 | 2430 4489 | 5424 204c | 8b54 2448 | 448b 5c24 
  0x0000025f87cf2ed4: 4044 895c | 2424 4c89 | 5424 3090 

  0x0000025f87cf2ee0: ;   {runtime_call UncommonTrapBlob}
  0x0000025f87cf2ee0: c5f8 77e8 

  0x0000025f87cf2ee4: ; ImmutableOopMap {rbp=Oop [32]=NarrowOop [48]=Oop [80]=Oop [88]=Oop [96]=Oop }
                      ;*arraylength {reexecute=0 rethrow=0 return_oop=0}
                      ; - java.lang.String::length@4
                      ; - java.io.WinNTFileSystem::prefixLength@6
                      ; - java.io.File::<init>@104
                      ; - jdk.internal.loader.URLClassPath$FileLoader::getResource@73
                      ; - jdk.internal.loader.URLClassPath::getResource@53
                      ; - java.net.URLClassLoader$1::run@26
                      ; - java.net.URLClassLoader$1::run@1
  0x0000025f87cf2ee4: 184e 89ff 

  0x0000025f87cf2ee8: ;   {other}
  0x0000025f87cf2ee8: 0f1f 8400 | d884 00ff | baf6 ffff | ff44 8b5c | 2430 4489 | 5c24 2044 | 8b54 2440 | 4489 5424 
  0x0000025f87cf2f08: 2466 6690 

  0x0000025f87cf2f0c: ;   {runtime_call UncommonTrapBlob}
  0x0000025f87cf2f0c: c5f8 77e8 

  0x0000025f87cf2f10: ; ImmutableOopMap {rbp=Oop [32]=NarrowOop [72]=Oop [80]=Oop [88]=Oop }
                      ;*invokevirtual getPath {reexecute=0 rethrow=0 return_oop=0}
                      ; - jdk.internal.loader.URLClassPath$FileLoader::getResource@83
                      ; - jdk.internal.loader.URLClassPath::getResource@53
                      ; - java.net.URLClassLoader$1::run@26
                      ; - java.net.URLClassLoader$1::run@1
  0x0000025f87cf2f10: ec4d 89ff 

  0x0000025f87cf2f14: ;   {other}
  0x0000025f87cf2f14: 0f1f 8400 | 0000 0000 | baf6 ffff | ff48 8b6c | 2428 448b | 5c24 3044 | 895c 2420 | 448b 5424 
  0x0000025f87cf2f34: 4044 8954 | 2424 4c8b | 5424 484c | 8954 2430 | 48ff 7424 | 5048 8f44 | 2438 4889 | 4424 4889 
  0x0000025f87cf2f54: 5c24 5090 

  0x0000025f87cf2f58: ;   {runtime_call UncommonTrapBlob}
  0x0000025f87cf2f58: c5f8 77e8 

  0x0000025f87cf2f5c: ; ImmutableOopMap {rbp=Oop [32]=NarrowOop [48]=Oop [56]=Oop [72]=Oop [80]=NarrowOop [88]=Oop }
                      ;*invokevirtual getPath {reexecute=0 rethrow=0 return_oop=0}
                      ; - jdk.internal.loader.URLClassPath$FileLoader::getResource@90
                      ; - jdk.internal.loader.URLClassPath::getResource@53
                      ; - java.net.URLClassLoader$1::run@26
                      ; - java.net.URLClassLoader$1::run@1
  0x0000025f87cf2f5c: a04d 89ff 

  0x0000025f87cf2f60: ;   {other}
  0x0000025f87cf2f60: 0f1f 8400 | 0000 0000 | baf6 ffff | ff48 8b6c | 2428 448b | 5c24 3044 | 895c 2420 | 448b 5424 
  0x0000025f87cf2f80: 4044 8954 | 2424 4c8b | 5424 484c | 8954 2430 

  0x0000025f87cf2f90: ;   {runtime_call UncommonTrapBlob}
  0x0000025f87cf2f90: c5f8 77e8 

  0x0000025f87cf2f94: ; ImmutableOopMap {rbp=Oop [32]=NarrowOop [48]=Oop [80]=Oop [88]=Oop [96]=Oop }
                      ;*arraylength {reexecute=0 rethrow=0 return_oop=0}
                      ; - java.lang.StringLatin1::charAt@2
                      ; - java.lang.String::charAt@12
                      ; - java.io.WinNTFileSystem::prefixLength@30
                      ; - java.io.File::<init>@104
                      ; - jdk.internal.loader.URLClassPath$FileLoader::getResource@73
                      ; - jdk.internal.loader.URLClassPath::getResource@53
                      ; - java.net.URLClassLoader$1::run@26
                      ; - java.net.URLClassLoader$1::run@1
  0x0000025f87cf2f94: 684d 89ff 

  0x0000025f87cf2f98: ;   {other}
  0x0000025f87cf2f98: 0f1f 8400 | 0000 0000 | baf6 ffff | ff48 8b6c | 2428 448b | 5c24 3044 | 895c 2420 | 448b 5424 
  0x0000025f87cf2fb8: 4044 8954 | 2424 4c8b | 5424 484c | 8954 2430 

  0x0000025f87cf2fc8: ;   {runtime_call UncommonTrapBlob}
  0x0000025f87cf2fc8: c5f8 77e8 

  0x0000025f87cf2fcc: ; ImmutableOopMap {rbp=Oop [32]=NarrowOop [48]=Oop [80]=Oop [88]=Oop [96]=Oop }
                      ;*arraylength {reexecute=0 rethrow=0 return_oop=0}
                      ; - java.lang.StringLatin1::charAt@2
                      ; - java.lang.String::charAt@12
                      ; - java.io.WinNTFileSystem::prefixLength@78
                      ; - java.io.File::<init>@104
                      ; - jdk.internal.loader.URLClassPath$FileLoader::getResource@73
                      ; - jdk.internal.loader.URLClassPath::getResource@53
                      ; - java.net.URLClassLoader$1::run@26
                      ; - java.net.URLClassLoader$1::run@1
  0x0000025f87cf2fcc: 304d 89ff 

  0x0000025f87cf2fd0: ;   {other}
  0x0000025f87cf2fd0: 0f1f 8400 | 0000 0000 | 488b d844 

  0x0000025f87cf2fdc: ;   {metadata('java/security/PrivilegedActionException')}
  0x0000025f87cf2fdc: 8b50 0841 | 81fa d5c5 | 0420 740c | 4d33 db4f | 8d1c d3e9 | b5df ffff | 488b e8e9 | 2ff7 ffff 
  0x0000025f87cf2ffc: 4c8b d0e9 | 78b4 ffff | 4c8b d0eb | 034c 8bd0 | 498b dae9 | 36e1 ffff | ba45 ffff | ff44 8b5c 
  0x0000025f87cf301c: 2430 4489 | 5c24 2044 | 8b54 2440 | 4489 5424 | 244c 8b54 | 2448 4c89 | 5424 304c | 8b54 2450 
  0x0000025f87cf303c: 4c89 5424 | 384c 8b54 | 2458 4c89 | 5424 404c | 8b54 2468 | 4c89 5424 | 5866 6690 

  0x0000025f87cf3058: ;   {runtime_call UncommonTrapBlob}
  0x0000025f87cf3058: c5f8 77e8 

  0x0000025f87cf305c: ; ImmutableOopMap {rbp=Oop [32]=NarrowOop [48]=Oop [56]=Oop [64]=Oop [88]=Oop [96]=Oop [104]=Oop }
                      ;*ifnonnull {reexecute=1 rethrow=0 return_oop=0}
                      ; - (reexecute) java.io.File::<init>@10
                      ; - jdk.internal.loader.URLClassPath$FileLoader::getResource@73
                      ; - jdk.internal.loader.URLClassPath::getResource@53
                      ; - java.net.URLClassLoader$1::run@26
                      ; - java.net.URLClassLoader$1::run@1
  0x0000025f87cf305c: a04c 89ff 

  0x0000025f87cf3060: ;   {other}
  0x0000025f87cf3060: 0f1f 8400 | 0000 0000 | ba45 ffff | ff44 8b54 | 2430 4489 | 5424 204c | 8b54 2448 | 448b 5c24 
  0x0000025f87cf3080: 4044 895c | 2424 4c89 | 5424 304c | 8b54 2450 | 4c89 5424 | 384c 8b54 | 2458 4c89 | 5424 484c 
  0x0000025f87cf30a0: 8b54 2460 | 4c89 5424 | 5866 6690 

  0x0000025f87cf30ac: ;   {runtime_call UncommonTrapBlob}
  0x0000025f87cf30ac: c5f8 77e8 

  0x0000025f87cf30b0: ; ImmutableOopMap {rbp=Oop [32]=NarrowOop [48]=Oop [56]=Oop [68]=NarrowOop [72]=Oop [88]=Oop [104]=Oop }
                      ;*ifnull {reexecute=1 rethrow=0 return_oop=0}
                      ; - (reexecute) java.io.File::<init>@22
                      ; - jdk.internal.loader.URLClassPath$FileLoader::getResource@73
                      ; - jdk.internal.loader.URLClassPath::getResource@53
                      ; - java.net.URLClassLoader$1::run@26
                      ; - java.net.URLClassLoader$1::run@1
  0x0000025f87cf30b0: 4c4c 89ff 

  0x0000025f87cf30b4: ;   {other}
  0x0000025f87cf30b4: 0f1f 8400 | 0000 0000 | 488b d844 | 8b50 084d | 33c0 4f8d | 04d0 e9df | dfff ff4c | 8bd0 eb03 
  0x0000025f87cf30d4: 4c8b d049 | 8bda 458b | 5a08 4d33 | c04f 8d04 | d8e9 c4df | ffff 488b | d8e9 58e0 | ffff baf6 
  0x0000025f87cf30f4: ffff ff48 | 8b6c 2428 | 448b 5424 | 3044 8954 | 2420 4c8b | 5424 4844 | 8b5c 2440 | 4489 5c24 
  0x0000025f87cf3114: 244c 8954 | 2430 6690 

  0x0000025f87cf311c: ;   {runtime_call UncommonTrapBlob}
  0x0000025f87cf311c: c5f8 77e8 

  0x0000025f87cf3120: ; ImmutableOopMap {rbp=Oop [32]=NarrowOop [48]=Oop [80]=Oop [88]=Oop [96]=Oop }
                      ;*arraylength {reexecute=0 rethrow=0 return_oop=0}
                      ; - java.lang.StringLatin1::charAt@2
                      ; - java.lang.String::charAt@12
                      ; - java.io.WinNTFileSystem::normalize@94
                      ; - java.io.WinNTFileSystem::normalize@111
                      ; - java.io.File::<init>@73
                      ; - jdk.internal.loader.URLClassPath$FileLoader::getResource@118
                      ; - jdk.internal.loader.URLClassPath::getResource@53
                      ; - java.net.URLClassLoader$1::run@26
                      ; - java.net.URLClassLoader$1::run@1
  0x0000025f87cf3120: dc4b 89ff 

  0x0000025f87cf3124: ;   {other}
  0x0000025f87cf3124: 0f1f 8400 | 0000 0000 | 488b d8e9 | 16e0 ffff | 488b d8e9 | 0ee0 ffff | ba97 ffff | ff48 8b6c 
  0x0000025f87cf3144: 2428 4c8b | 5424 304c | 8954 2428 | 448b 5424 | 3844 8954 | 2430 4c8b | 5424 584c | 8954 2450 
  0x0000025f87cf3164: ;   {runtime_call UncommonTrapBlob}
  0x0000025f87cf3164: c5f8 77e8 

  0x0000025f87cf3168: ; ImmutableOopMap {rbp=Oop [40]=Oop [48]=NarrowOop [60]=NarrowOop [80]=Oop [88]=Oop [100]=NarrowOop [112]=NarrowOop }
                      ;*invokevirtual clone {reexecute=1 rethrow=0 return_oop=0}
                      ; - (reexecute) java.util.Arrays::copyOfRange@18
                      ; - java.lang.StringLatin1::newString@16
                      ; - java.lang.String::substring@41
                      ; - java.net.URLClassLoader::defineClass@28
                      ; - java.net.URLClassLoader$1::run@43
                      ; - java.net.URLClassLoader$1::run@1
  0x0000025f87cf3168: 944b 89ff 

  0x0000025f87cf316c: ;   {other}
  0x0000025f87cf316c: 0f1f 8400 | 0000 0000 | 488b d844 | 8b50 084d | 33db 4f8d | 1cd3 e903 | b3ff ffba | f6ff ffff 
  0x0000025f87cf318c: 488b 6c24 | 2848 8974 | 2420 8944 | 2428 4c89 | 5c24 3890 

  0x0000025f87cf31a0: ;   {runtime_call UncommonTrapBlob}
  0x0000025f87cf31a0: c5f8 77e8 

  0x0000025f87cf31a4: ; ImmutableOopMap {rbp=Oop [32]=Oop [56]=Oop [100]=NarrowOop [112]=NarrowOop }
                      ;*invokevirtual getBaseURL {reexecute=0 rethrow=0 return_oop=0}
                      ; - jdk.internal.loader.URLClassPath$FileLoader$1::getCodeSourceURL@4
                      ; - java.net.URLClassLoader::defineClass@13
                      ; - java.net.URLClassLoader$1::run@43
                      ; - java.net.URLClassLoader$1::run@1
  0x0000025f87cf31a4: 584b 89ff 

  0x0000025f87cf31a8: ;   {other}
  0x0000025f87cf31a8: 0f1f 8400 | 0000 0000 | 4c8b d0eb | 084c 8bd0 | eb03 4c8b | d049 8bda | e985 dfff | ffba f6ff 
  0x0000025f87cf31c8: ffff 448b | 5c24 3044 | 895c 2420 | 448b 5424 | 4044 8954 | 2424 4c8b | 5424 484c | 8954 2430 
  0x0000025f87cf31e8: ;   {runtime_call UncommonTrapBlob}
  0x0000025f87cf31e8: c5f8 77e8 

  0x0000025f87cf31ec: ; ImmutableOopMap {rbp=Oop [32]=NarrowOop [48]=Oop [80]=Oop [88]=Oop [96]=Oop }
                      ;*invokevirtual isEmpty {reexecute=0 rethrow=0 return_oop=0}
                      ; - java.io.File::<init>@29
                      ; - jdk.internal.loader.URLClassPath$FileLoader::getResource@118
                      ; - jdk.internal.loader.URLClassPath::getResource@53
                      ; - java.net.URLClassLoader$1::run@26
                      ; - java.net.URLClassLoader$1::run@1
  0x0000025f87cf31ec: 104b 89ff 

  0x0000025f87cf31f0: ;   {other}
  0x0000025f87cf31f0: 0f1f 8400 | 0000 0000 | baf6 ffff | ff44 8b54 | 2430 4489 | 5424 204c | 8b54 2448 | 448b 5c24 
  0x0000025f87cf3210: 4044 895c | 2424 4c89 | 5424 3090 

  0x0000025f87cf321c: ;   {runtime_call UncommonTrapBlob}
  0x0000025f87cf321c: c5f8 77e8 

  0x0000025f87cf3220: ; ImmutableOopMap {rbp=Oop [32]=NarrowOop [48]=Oop [80]=Oop [88]=Oop [96]=Oop }
                      ;*arraylength {reexecute=0 rethrow=0 return_oop=0}
                      ; - java.lang.String::isEmpty@4
                      ; - java.io.File::<init>@29
                      ; - jdk.internal.loader.URLClassPath$FileLoader::getResource@118
                      ; - jdk.internal.loader.URLClassPath::getResource@53
                      ; - java.net.URLClassLoader$1::run@26
                      ; - java.net.URLClassLoader$1::run@1
  0x0000025f87cf3220: dc4a 89ff 

  0x0000025f87cf3224: ;   {other}
  0x0000025f87cf3224: 0f1f 8400 | 0000 0000 | baf6 ffff | ff44 8b5c | 2430 4489 | 5c24 2044 | 8b54 2440 | 4489 5424 
  0x0000025f87cf3244: 244c 8b54 | 2448 4c89 | 5424 3090 

  0x0000025f87cf3250: ;   {runtime_call UncommonTrapBlob}
  0x0000025f87cf3250: c5f8 77e8 

  0x0000025f87cf3254: ; ImmutableOopMap {rbp=Oop [32]=NarrowOop [48]=Oop [80]=Oop [88]=Oop [96]=Oop }
                      ;*arraylength {reexecute=0 rethrow=0 return_oop=0}
                      ; - java.lang.String::length@4
                      ; - java.io.WinNTFileSystem::normalize@1
                      ; - java.io.File::<init>@73
                      ; - jdk.internal.loader.URLClassPath$FileLoader::getResource@118
                      ; - jdk.internal.loader.URLClassPath::getResource@53
                      ; - java.net.URLClassLoader$1::run@26
                      ; - java.net.URLClassLoader$1::run@1
  0x0000025f87cf3254: a84a 89ff 

  0x0000025f87cf3258: ;   {other}
  0x0000025f87cf3258: 0f1f 8400 | 0000 0000 | 4c8b d0e9 | 14b2 ffff | 4c8b d0e9 | 0cb2 ffff | baf6 ffff | ff44 8b5c 
  0x0000025f87cf3278: 2430 4489 | 5c24 2044 | 8b54 2440 | 4489 5424 | 244c 8b54 | 2448 4c89 | 5424 3090 

  0x0000025f87cf3294: ;   {runtime_call UncommonTrapBlob}
  0x0000025f87cf3294: c5f8 77e8 

  0x0000025f87cf3298: ; ImmutableOopMap {rbp=Oop [32]=NarrowOop [48]=Oop [80]=Oop [88]=Oop [96]=Oop }
                      ;*arraylength {reexecute=0 rethrow=0 return_oop=0}
                      ; - java.lang.String::length@4
                      ; - java.io.WinNTFileSystem::prefixLength@6
                      ; - java.io.File::<init>@104
                      ; - jdk.internal.loader.URLClassPath$FileLoader::getResource@118
                      ; - jdk.internal.loader.URLClassPath::getResource@53
                      ; - java.net.URLClassLoader$1::run@26
                      ; - java.net.URLClassLoader$1::run@1
  0x0000025f87cf3298: 644a 89ff 

  0x0000025f87cf329c: ;   {other}
  0x0000025f87cf329c: 0f1f 8400 | 0000 0000 | baf6 ffff | ff48 8b6c | 2428 448b | 5c24 3044 | 895c 2420 | 448b 5424 
  0x0000025f87cf32bc: 4044 8954 | 2424 4c8b | 5424 484c | 8954 2430 

  0x0000025f87cf32cc: ;   {runtime_call UncommonTrapBlob}
  0x0000025f87cf32cc: c5f8 77e8 

  0x0000025f87cf32d0: ; ImmutableOopMap {rbp=Oop [32]=NarrowOop [48]=Oop [80]=Oop [88]=Oop [96]=Oop }
                      ;*arraylength {reexecute=0 rethrow=0 return_oop=0}
                      ; - java.lang.StringLatin1::charAt@2
                      ; - java.lang.String::charAt@12
                      ; - java.io.WinNTFileSystem::prefixLength@30
                      ; - java.io.File::<init>@104
                      ; - jdk.internal.loader.URLClassPath$FileLoader::getResource@118
                      ; - jdk.internal.loader.URLClassPath::getResource@53
                      ; - java.net.URLClassLoader$1::run@26
                      ; - java.net.URLClassLoader$1::run@1
  0x0000025f87cf32d0: 2c4a 89ff 

  0x0000025f87cf32d4: ;   {other}
  0x0000025f87cf32d4: 0f1f 8400 | 0000 0000 | baf6 ffff | ff48 8b6c | 2428 448b | 5c24 3044 | 895c 2420 | 448b 5424 
  0x0000025f87cf32f4: 4044 8954 | 2424 4c8b | 5424 484c | 8954 2430 

  0x0000025f87cf3304: ;   {runtime_call UncommonTrapBlob}
  0x0000025f87cf3304: c5f8 77e8 

  0x0000025f87cf3308: ; ImmutableOopMap {rbp=Oop [32]=NarrowOop [48]=Oop [80]=Oop [88]=Oop [96]=Oop }
                      ;*arraylength {reexecute=0 rethrow=0 return_oop=0}
                      ; - java.lang.StringLatin1::charAt@2
                      ; - java.lang.String::charAt@12
                      ; - java.io.WinNTFileSystem::prefixLength@78
                      ; - java.io.File::<init>@104
                      ; - jdk.internal.loader.URLClassPath$FileLoader::getResource@118
                      ; - jdk.internal.loader.URLClassPath::getResource@53
                      ; - java.net.URLClassLoader$1::run@26
                      ; - java.net.URLClassLoader$1::run@1
  0x0000025f87cf3308: f449 89ff 

  0x0000025f87cf330c: ;   {other}
  0x0000025f87cf330c: 0f1f 8400 | 0000 0000 | 488b d844 | 8b50 084d | 33db 4f8d | 1cd3 e963 | b1ff ffba | 45ff ffff 
  0x0000025f87cf332c: 448b 5424 | 3044 8954 | 2420 4c8b | 5424 4844 | 8b5c 2440 | 4489 5c24 | 244c 8954 | 2430 4c8b 
  0x0000025f87cf334c: 5424 504c | 8954 2438 | 4c8b 5424 | 584c 8954 | 2440 4c8b | 5424 684c | 8954 2458 

  0x0000025f87cf3368: ;   {runtime_call UncommonTrapBlob}
  0x0000025f87cf3368: c5f8 77e8 

  0x0000025f87cf336c: ; ImmutableOopMap {rbp=Oop [32]=NarrowOop [48]=Oop [56]=Oop [64]=Oop [88]=Oop [96]=Oop [104]=Oop }
                      ;*ifnonnull {reexecute=1 rethrow=0 return_oop=0}
                      ; - (reexecute) java.io.File::<init>@10
                      ; - jdk.internal.loader.URLClassPath$FileLoader::getResource@118
                      ; - jdk.internal.loader.URLClassPath::getResource@53
                      ; - java.net.URLClassLoader$1::run@26
                      ; - java.net.URLClassLoader$1::run@1
  0x0000025f87cf336c: 9049 89ff 

  0x0000025f87cf3370: ;   {other}
  0x0000025f87cf3370: 0f1f 8400 | 0000 0000 | ba45 ffff | ff44 8b5c | 2430 4489 | 5c24 2044 | 8b54 2440 | 4489 5424 
  0x0000025f87cf3390: 244c 8b54 | 2448 4c89 | 5424 304c | 8b54 2450 | 4c89 5424 | 384c 8b54 | 2458 4c89 | 5424 484c 
  0x0000025f87cf33b0: 8b54 2460 | 4c89 5424 | 5866 6690 

  0x0000025f87cf33bc: ;   {runtime_call UncommonTrapBlob}
  0x0000025f87cf33bc: c5f8 77e8 

  0x0000025f87cf33c0: ; ImmutableOopMap {rbp=Oop [32]=NarrowOop [48]=Oop [56]=Oop [68]=NarrowOop [72]=Oop [88]=Oop [104]=Oop }
                      ;*ifnull {reexecute=1 rethrow=0 return_oop=0}
                      ; - (reexecute) java.io.File::<init>@22
                      ; - jdk.internal.loader.URLClassPath$FileLoader::getResource@118
                      ; - jdk.internal.loader.URLClassPath::getResource@53
                      ; - java.net.URLClassLoader$1::run@26
                      ; - java.net.URLClassLoader$1::run@1
  0x0000025f87cf33c0: 3c49 89ff 

  0x0000025f87cf33c4: ;   {other}
  0x0000025f87cf33c4: 0f1f 8400 | 0000 0000 | 4c8b d0e9 | 8ddb ffff | 4c8b d0e9 | 85db ffff | 4c8b d0e9 | 7ddb ffff 
  0x0000025f87cf33e4: 4c8b d0e9 | 75db ffff | 4c8b d0e9 | 6ddb ffff | 4c8b d0e9 | 65db ffff | 4c8b d0e9 | 5ddb ffff 
  0x0000025f87cf3404: 4c8b d0e9 | 55db ffff | 4c8b d0e9 | 4ddb ffff | 4c8b d0e9 | 45db ffff | 4c8b d0e9 | 3ddb ffff 
  0x0000025f87cf3424: 4c8b d0e9 | 35db ffff | 4c8b d0e9 | 2ddb ffff | 4c8b d0e9 | 25db ffff | 4c8b d0e9 | 1ddb ffff 
  0x0000025f87cf3444: 4c8b d0e9 | 15db ffff | 4c8b d0e9 | 0ddb ffff | e9cc daff | ff48 8984 | 2480 0000 | 00e9 c7da 
  0x0000025f87cf3464: ffff e9ba | daff ff4c | 8bd0 e909 | b0ff ff4c | 8bd0 e901 | b0ff ff48 | 8bd8 448b | 5008 4d33 
  0x0000025f87cf3484: c04f 8d04 | d0e9 20dc | ffff 4c8b | d0e9 e6af | ffff 4c8b | d0e9 deaf | ffff 4c8b | d0e9 d6af 
  0x0000025f87cf34a4: ffff 488b | 9424 8000 | 0000 4c8b | c04c 8b54 | 2458 4c89 | 5424 5090 

  0x0000025f87cf34bc: ;   {optimized virtual_call}
  0x0000025f87cf34bc: c5f8 77e8 

  0x0000025f87cf34c0: ; ImmutableOopMap {[40]=Oop [48]=Oop [56]=NarrowOop [60]=NarrowOop [72]=Oop [80]=Oop [128]=Oop [168]=Oop }
                      ;*invokevirtual addSuppressed {reexecute=0 rethrow=0 return_oop=0}
                      ; - java.util.jar.JarFile::getManifestFromReference@177
                      ; - java.util.jar.JarFile::getManifest@1
                      ; - jdk.internal.loader.URLClassPath$JarLoader$2::getManifest@22
                      ; - java.net.URLClassLoader::defineClass@34
                      ; - java.net.URLClassLoader$1::run@43
                      ; - java.net.URLClassLoader$1::run@1
  0x0000025f87cf34c0: bcb9 88ff 

  0x0000025f87cf34c4: ;   {other}
  0x0000025f87cf34c4: 0f1f 8400 | 0000 0000 | e983 daff | ff48 8bd8 | 448b 5008 | 4d33 db4f | 8d1c d3e9 | a6af ffff 
  0x0000025f87cf34e4: 488b d844 | 8b50 084d | 33db 4f8d | 1cd3 4d8b 

  0x0000025f87cf34f4: ;   {metadata('java/lang/Exception')}
  0x0000025f87cf34f4: 5340 49bb | 303e 0400 | 0100 0000 | 4d3b d30f | 8498 afff | ffe9 3cdc | ffff 488b | d844 8b50 
  0x0000025f87cf3514: 084d 33db | 4f8d 1cd3 | 4d8b 5340 

  0x0000025f87cf3520: ;   {metadata('java/lang/Exception')}
  0x0000025f87cf3520: 49bb 303e | 0400 0100 | 0000 4d3b | d30f 846e | afff ffe9 | 12dc ffff | 488b d844 | 8b58 084d 
  0x0000025f87cf3540: 33d2 4f8d | 14da 4d8b 

  0x0000025f87cf3548: ;   {metadata('java/lang/Exception')}
  0x0000025f87cf3548: 5240 49bb | 303e 0400 | 0100 0000 | 4d3b d30f | 8444 afff | ffe9 e8db | ffff 4c8b | d0e9 12af 
  0x0000025f87cf3568: ffff 4c8b | d0e9 0aaf | ffff 4c8b | d0e9 02af | ffff 4c8b | d0e9 faae | ffff 488b | d844 8b58 
  0x0000025f87cf3588: 084d 33d2 | 4f8d 14da | 4d8b 5240 

  0x0000025f87cf3594: ;   {metadata('java/lang/Exception')}
  0x0000025f87cf3594: 49bb 303e | 0400 0100 | 0000 4d3b | d30f 84fa | aeff ffe9 | 9edb ffff | 4c8b d0e9 | c8ae ffff 
  0x0000025f87cf35b4: 488b d844 | 8b50 084d | 33db 4f8d | 1cd3 e9c3 | aeff ff48 | 8bd8 448b | 4008 4d33 | db4f 8d1c 
  0x0000025f87cf35d4: c3e9 b0ae | ffff 488b | d844 8b50 | 084d 33db | 4f8d 1cd3 | e99d aeff | ff48 8bd8 | 448b 5008 
  0x0000025f87cf35f4: 4d33 db4f | 8d1c d3e9 | 1201 0000 | 488b d844 | 8b40 084d | 33db 4f8d | 1cc3 e9ff | 0000 0048 
  0x0000025f87cf3614: 8bd8 448b | 4008 4d33 | db4f 8d1c | c3e9 ec00 | 0000 4c8b | d0e9 d600 | 0000 4c8b | d0e9 ce00 
  0x0000025f87cf3634: 0000 4c8b | d0e9 c600 | 0000 4c8b | d0e9 be00 | 0000 4c8b | d0e9 b600 | 0000 488b | d844 8b50 
  0x0000025f87cf3654: 084d 33db | 4f8d 1cd3 | e9b1 0000 | 004c 8bd0 | e99b 0000 | 004c 8bd0 | e993 0000 | 004c 8bd0 
  0x0000025f87cf3674: e98b 0000 | 004c 8bd0 | e983 0000 | 004c 8bd0 | eb7e 488b | d844 8b40 | 084d 33db 

  0x0000025f87cf3690: ;   {no_reloc}
  0x0000025f87cf3690: 4f8d 1cc3 | eb7c 4c8b | d0eb 694c | 8bd0 eb64 | 488b d844 | 8b50 084d | 33db 4f8d | 1cd3 eb62 
  0x0000025f87cf36b0: 4c8b d0eb | 4f4c 8bd0 | eb4a 4c8b | d0eb 454c | 8bd0 eb40 | 4c8b d0eb | 3b4c 8bd0 | eb36 4c8b 
  0x0000025f87cf36d0: d0eb 314c | 8bd0 eb2c | 4c8b d0eb | 274c 8bd0 | eb22 488b | d844 8b40 | 084d 33db | 4f8d 1cc3 
  0x0000025f87cf36f0: eb20 4c8b | d0eb 0d4c | 8bd0 eb08 | 4c8b d0eb | 034c 8bd0 | 498b da45 | 8b52 084d | 33db 4f8d 
  0x0000025f87cf3710: 1cd3 4d8b 

  0x0000025f87cf3714: ;   {metadata('java/lang/Exception')}
  0x0000025f87cf3714: 5340 49bb | 303e 0400 | 0100 0000 | 4d3b d30f | 8478 adff | ffe9 1cda | ffff 4c8b | d0e9 2bd8 
  0x0000025f87cf3734: ;   {internal_word}
  0x0000025f87cf3734: ffff 49ba | efc4 ce87 | 5f02 0000 | 4d89 9760 

  0x0000025f87cf3744: ;   {runtime_call SafepointBlob}
  0x0000025f87cf3744: 0400 00e9 | 3434 89ff 

  0x0000025f87cf374c: ;   {runtime_call StubRoutines (final stubs)}
  0x0000025f87cf374c: e8af 7887 | ffe9 487e | ffff f4f4 
[Stub Code]
  0x0000025f87cf3758: ;   {no_reloc}
  0x0000025f87cf3758: 48bb 0000 | 0000 0000 

  0x0000025f87cf3760: ;   {runtime_call nmethod}
  0x0000025f87cf3760: 0000 e9fb 

  0x0000025f87cf3764: ;   {static_stub}
  0x0000025f87cf3764: ffff ff48 | bb80 865a | 8f5f 0200 

  0x0000025f87cf3770: ;   {runtime_call I2C/C2I adapters}
  0x0000025f87cf3770: 00e9 8817 

  0x0000025f87cf3774: ;   {static_stub}
  0x0000025f87cf3774: 89ff 48bb | 0000 0000 | 0000 0000 

  0x0000025f87cf3780: ;   {runtime_call nmethod}
  0x0000025f87cf3780: e9fb ffff 

  0x0000025f87cf3784: ;   {static_stub}
  0x0000025f87cf3784: ff48 bb00 | 0000 0000 

  0x0000025f87cf378c: ;   {runtime_call nmethod}
  0x0000025f87cf378c: 0000 00e9 | fbff ffff 

  0x0000025f87cf3794: ;   {static_stub}
  0x0000025f87cf3794: 48bb 0000 | 0000 0000 

  0x0000025f87cf379c: ;   {runtime_call nmethod}
  0x0000025f87cf379c: 0000 e9fb 

  0x0000025f87cf37a0: ;   {static_stub}
  0x0000025f87cf37a0: ffff ff48 | bb00 0000 | 0000 0000 

  0x0000025f87cf37ac: ;   {runtime_call nmethod}
  0x0000025f87cf37ac: 00e9 fbff 

  0x0000025f87cf37b0: ;   {static_stub}
  0x0000025f87cf37b0: ffff 48bb | 0000 0000 | 0000 0000 

  0x0000025f87cf37bc: ;   {runtime_call nmethod}
  0x0000025f87cf37bc: e9fb ffff 

  0x0000025f87cf37c0: ;   {static_stub}
  0x0000025f87cf37c0: ff48 bb00 | 0000 0000 

  0x0000025f87cf37c8: ;   {runtime_call nmethod}
  0x0000025f87cf37c8: 0000 00e9 | fbff ffff 

  0x0000025f87cf37d0: ;   {static_stub}
  0x0000025f87cf37d0: 48bb 0000 | 0000 0000 

  0x0000025f87cf37d8: ;   {runtime_call nmethod}
  0x0000025f87cf37d8: 0000 e9fb 

  0x0000025f87cf37dc: ;   {static_stub}
  0x0000025f87cf37dc: ffff ff48 | bb00 0000 | 0000 0000 

  0x0000025f87cf37e8: ;   {runtime_call nmethod}
  0x0000025f87cf37e8: 00e9 fbff 

  0x0000025f87cf37ec: ;   {static_stub}
  0x0000025f87cf37ec: ffff 48bb | 0000 0000 | 0000 0000 

  0x0000025f87cf37f8: ;   {runtime_call nmethod}
  0x0000025f87cf37f8: e9fb ffff 

  0x0000025f87cf37fc: ;   {static_stub}
  0x0000025f87cf37fc: ff48 bbd8 | 5e2e 8f5f 

  0x0000025f87cf3804: ;   {runtime_call I2C/C2I adapters}
  0x0000025f87cf3804: 0200 00e9 | 6e06 89ff 

  0x0000025f87cf380c: ;   {static_stub}
  0x0000025f87cf380c: 48bb 0000 | 0000 0000 

  0x0000025f87cf3814: ;   {runtime_call nmethod}
  0x0000025f87cf3814: 0000 e9fb 

  0x0000025f87cf3818: ;   {static_stub}
  0x0000025f87cf3818: ffff ff48 | bb00 0000 | 0000 0000 

  0x0000025f87cf3824: ;   {runtime_call nmethod}
  0x0000025f87cf3824: 00e9 fbff 

  0x0000025f87cf3828: ;   {static_stub}
  0x0000025f87cf3828: ffff 48bb | 0000 0000 | 0000 0000 

  0x0000025f87cf3834: ;   {runtime_call nmethod}
  0x0000025f87cf3834: e9fb ffff 

  0x0000025f87cf3838: ;   {static_stub}
  0x0000025f87cf3838: ff48 bb00 | 0000 0000 

  0x0000025f87cf3840: ;   {runtime_call nmethod}
  0x0000025f87cf3840: 0000 00e9 | fbff ffff 

  0x0000025f87cf3848: ;   {static_stub}
  0x0000025f87cf3848: 48bb 0000 | 0000 0000 

  0x0000025f87cf3850: ;   {runtime_call nmethod}
  0x0000025f87cf3850: 0000 e9fb 

  0x0000025f87cf3854: ;   {static_stub}
  0x0000025f87cf3854: ffff ff48 | bb00 0000 | 0000 0000 

  0x0000025f87cf3860: ;   {runtime_call nmethod}
  0x0000025f87cf3860: 00e9 fbff 

  0x0000025f87cf3864: ;   {static_stub}
  0x0000025f87cf3864: ffff 48bb | 0000 0000 | 0000 0000 

  0x0000025f87cf3870: ;   {runtime_call nmethod}
  0x0000025f87cf3870: e9fb ffff 

  0x0000025f87cf3874: ;   {static_stub}
  0x0000025f87cf3874: ff48 bb00 | 0000 0000 

  0x0000025f87cf387c: ;   {runtime_call nmethod}
  0x0000025f87cf387c: 0000 00e9 | fbff ffff 

  0x0000025f87cf3884: ;   {static_stub}
  0x0000025f87cf3884: 48bb 0000 | 0000 0000 

  0x0000025f87cf388c: ;   {runtime_call nmethod}
  0x0000025f87cf388c: 0000 e9fb 

  0x0000025f87cf3890: ;   {static_stub}
  0x0000025f87cf3890: ffff ff48 | bb00 0000 | 0000 0000 

  0x0000025f87cf389c: ;   {runtime_call nmethod}
  0x0000025f87cf389c: 00e9 fbff 

  0x0000025f87cf38a0: ;   {static_stub}
  0x0000025f87cf38a0: ffff 48bb | 0000 0000 | 0000 0000 

  0x0000025f87cf38ac: ;   {runtime_call nmethod}
  0x0000025f87cf38ac: e9fb ffff 

  0x0000025f87cf38b0: ;   {static_stub}
  0x0000025f87cf38b0: ff48 bb00 | 0000 0000 

  0x0000025f87cf38b8: ;   {runtime_call nmethod}
  0x0000025f87cf38b8: 0000 00e9 | fbff ffff 

  0x0000025f87cf38c0: ;   {static_stub}
  0x0000025f87cf38c0: 48bb 0000 | 0000 0000 

  0x0000025f87cf38c8: ;   {runtime_call nmethod}
  0x0000025f87cf38c8: 0000 e9fb 

  0x0000025f87cf38cc: ;   {static_stub}
  0x0000025f87cf38cc: ffff ff48 | bb00 0000 | 0000 0000 

  0x0000025f87cf38d8: ;   {runtime_call nmethod}
  0x0000025f87cf38d8: 00e9 fbff 

  0x0000025f87cf38dc: ;   {static_stub}
  0x0000025f87cf38dc: ffff 48bb | 0000 0000 | 0000 0000 

  0x0000025f87cf38e8: ;   {runtime_call nmethod}
  0x0000025f87cf38e8: e9fb ffff 

  0x0000025f87cf38ec: ;   {static_stub}
  0x0000025f87cf38ec: ff48 bb00 | 0000 0000 

  0x0000025f87cf38f4: ;   {runtime_call nmethod}
  0x0000025f87cf38f4: 0000 00e9 | fbff ffff 

  0x0000025f87cf38fc: ;   {static_stub}
  0x0000025f87cf38fc: 48bb 0000 | 0000 0000 

  0x0000025f87cf3904: ;   {runtime_call nmethod}
  0x0000025f87cf3904: 0000 e9fb 

  0x0000025f87cf3908: ;   {static_stub}
  0x0000025f87cf3908: ffff ff48 | bb00 0000 | 0000 0000 

  0x0000025f87cf3914: ;   {runtime_call nmethod}
  0x0000025f87cf3914: 00e9 fbff 

  0x0000025f87cf3918: ;   {static_stub}
  0x0000025f87cf3918: ffff 48bb | 0000 0000 | 0000 0000 

  0x0000025f87cf3924: ;   {runtime_call nmethod}
  0x0000025f87cf3924: e9fb ffff 

  0x0000025f87cf3928: ;   {static_stub}
  0x0000025f87cf3928: ff48 bb00 | 0000 0000 

  0x0000025f87cf3930: ;   {runtime_call nmethod}
  0x0000025f87cf3930: 0000 00e9 | fbff ffff 

  0x0000025f87cf3938: ;   {static_stub}
  0x0000025f87cf3938: 48bb 0000 | 0000 0000 

  0x0000025f87cf3940: ;   {runtime_call nmethod}
  0x0000025f87cf3940: 0000 e9fb 

  0x0000025f87cf3944: ;   {static_stub}
  0x0000025f87cf3944: ffff ff48 | bb00 0000 | 0000 0000 

  0x0000025f87cf3950: ;   {runtime_call nmethod}
  0x0000025f87cf3950: 00e9 fbff 

  0x0000025f87cf3954: ;   {static_stub}
  0x0000025f87cf3954: ffff 48bb | 0000 0000 | 0000 0000 

  0x0000025f87cf3960: ;   {runtime_call nmethod}
  0x0000025f87cf3960: e9fb ffff 

  0x0000025f87cf3964: ;   {static_stub}
  0x0000025f87cf3964: ff48 bb00 | 0000 0000 

  0x0000025f87cf396c: ;   {runtime_call nmethod}
  0x0000025f87cf396c: 0000 00e9 | fbff ffff 

  0x0000025f87cf3974: ;   {static_stub}
  0x0000025f87cf3974: 48bb 0000 | 0000 0000 

  0x0000025f87cf397c: ;   {runtime_call nmethod}
  0x0000025f87cf397c: 0000 e9fb 

  0x0000025f87cf3980: ;   {static_stub}
  0x0000025f87cf3980: ffff ff48 | bb00 0000 | 0000 0000 

  0x0000025f87cf398c: ;   {runtime_call nmethod}
  0x0000025f87cf398c: 00e9 fbff 

  0x0000025f87cf3990: ;   {static_stub}
  0x0000025f87cf3990: ffff 48bb | 0000 0000 | 0000 0000 

  0x0000025f87cf399c: ;   {runtime_call nmethod}
  0x0000025f87cf399c: e9fb ffff 

  0x0000025f87cf39a0: ;   {static_stub}
  0x0000025f87cf39a0: ff48 bb00 | 0000 0000 

  0x0000025f87cf39a8: ;   {runtime_call nmethod}
  0x0000025f87cf39a8: 0000 00e9 | fbff ffff 

  0x0000025f87cf39b0: ;   {static_stub}
  0x0000025f87cf39b0: 48bb 0000 | 0000 0000 

  0x0000025f87cf39b8: ;   {runtime_call nmethod}
  0x0000025f87cf39b8: 0000 e9fb 

  0x0000025f87cf39bc: ;   {static_stub}
  0x0000025f87cf39bc: ffff ff48 | bb00 0000 | 0000 0000 

  0x0000025f87cf39c8: ;   {runtime_call nmethod}
  0x0000025f87cf39c8: 00e9 fbff 

  0x0000025f87cf39cc: ;   {static_stub}
  0x0000025f87cf39cc: ffff 48bb | 0000 0000 | 0000 0000 

  0x0000025f87cf39d8: ;   {runtime_call nmethod}
  0x0000025f87cf39d8: e9fb ffff 

  0x0000025f87cf39dc: ;   {static_stub}
  0x0000025f87cf39dc: ff48 bb00 | 0000 0000 

  0x0000025f87cf39e4: ;   {runtime_call nmethod}
  0x0000025f87cf39e4: 0000 00e9 | fbff ffff 

  0x0000025f87cf39ec: ;   {static_stub}
  0x0000025f87cf39ec: 48bb 0000 | 0000 0000 

  0x0000025f87cf39f4: ;   {runtime_call nmethod}
  0x0000025f87cf39f4: 0000 e9fb 

  0x0000025f87cf39f8: ;   {static_stub}
  0x0000025f87cf39f8: ffff ff48 | bb00 0000 | 0000 0000 

  0x0000025f87cf3a04: ;   {runtime_call nmethod}
  0x0000025f87cf3a04: 00e9 fbff 

  0x0000025f87cf3a08: ;   {static_stub}
  0x0000025f87cf3a08: ffff 48bb | 0000 0000 | 0000 0000 

  0x0000025f87cf3a14: ;   {runtime_call nmethod}
  0x0000025f87cf3a14: e9fb ffff 

  0x0000025f87cf3a18: ;   {static_stub}
  0x0000025f87cf3a18: ff48 bb00 | 0000 0000 

  0x0000025f87cf3a20: ;   {runtime_call nmethod}
  0x0000025f87cf3a20: 0000 00e9 | fbff ffff 

  0x0000025f87cf3a28: ;   {static_stub}
  0x0000025f87cf3a28: 48bb 0000 | 0000 0000 

  0x0000025f87cf3a30: ;   {runtime_call nmethod}
  0x0000025f87cf3a30: 0000 e9fb 

  0x0000025f87cf3a34: ;   {static_stub}
  0x0000025f87cf3a34: ffff ff48 | bb00 0000 | 0000 0000 

  0x0000025f87cf3a40: ;   {runtime_call nmethod}
  0x0000025f87cf3a40: 00e9 fbff 

  0x0000025f87cf3a44: ;   {runtime_call ExceptionBlob}
  0x0000025f87cf3a44: ffff e935 | b48c ffe8 | 0000 0000 | 4883 2c24 

  0x0000025f87cf3a54: ;   {runtime_call DeoptimizationBlob}
  0x0000025f87cf3a54: 05e9 c645 | 89ff f4f4 | f4f4 f4f4 
[/MachCode]


---------------  P R O C E S S  ---------------

Threads class SMR info:
_java_thread_list=0x0000025f95c49be0, length=57, elements={
0x0000025ff6be20a0, 0x0000025ffea5d560, 0x0000025ffea621f0, 0x0000025ffea62c50,
0x0000025ffea8d110, 0x0000025ffea8db70, 0x0000025ffea8e9e0, 0x0000025ffea8f440,
0x0000025ffea901d0, 0x0000025ffea91820, 0x0000025ffece6c60, 0x0000025f942c45f0,
0x0000025f942b4e00, 0x0000025f9422cc70, 0x0000025f94458960, 0x0000025f94458fd0,
0x0000025f941727b0, 0x0000025f94172e20, 0x0000025f94440620, 0x0000025f94442060,
0x0000025f944426f0, 0x0000025f944419d0, 0x0000025f9443f900, 0x0000025f94440cb0,
0x0000025f94441340, 0x0000025f9443ff90, 0x0000025f945f6770, 0x0000025f945f4d30,
0x0000025f945f53c0, 0x0000025f945f3980, 0x0000025f945f60e0, 0x0000025f945f46a0,
0x0000025f945f5a50, 0x0000025f945f32f0, 0x0000025f945f8ed0, 0x0000025f945f7490,
0x0000025f945f9560, 0x0000025f945f8840, 0x0000025f946fe150, 0x0000025f946fc080,
0x0000025f946fee70, 0x0000025f946fc710, 0x0000025f946ff500, 0x0000025f946ffb90,
0x0000025f94700220, 0x0000025f946fcda0, 0x0000025f947008b0, 0x0000025f946fe7e0,
0x0000025f946fd430, 0x0000025f94700f40, 0x0000025f946fdac0, 0x0000025f947022f0,
0x0000025f947015d0, 0x0000025f94702980, 0x0000025f94703010, 0x0000025f938dbde0,
0x0000025f938d8ff0
}

Java Threads: ( => current thread )
  0x0000025ff6be20a0 JavaThread "main"                              [_thread_blocked, id=24120, stack(0x000000e69c000000,0x000000e69c100000) (1024K)]
  0x0000025ffea5d560 JavaThread "Common-Cleaner"             daemon [_thread_blocked, id=2380, stack(0x000000e69c800000,0x000000e69c900000) (1024K)]
  0x0000025ffea621f0 JavaThread "Reference Handler"          daemon [_thread_blocked, id=16604, stack(0x000000e69c900000,0x000000e69ca00000) (1024K)]
  0x0000025ffea62c50 JavaThread "Finalizer"                  daemon [_thread_blocked, id=20688, stack(0x000000e69ca00000,0x000000e69cb00000) (1024K)]
  0x0000025ffea8d110 JavaThread "Signal Dispatcher"          daemon [_thread_blocked, id=3156, stack(0x000000e69cb00000,0x000000e69cc00000) (1024K)]
  0x0000025ffea8db70 JavaThread "Attach Listener"            daemon [_thread_blocked, id=7556, stack(0x000000e69cc00000,0x000000e69cd00000) (1024K)]
  0x0000025ffea8e9e0 JavaThread "Service Thread"             daemon [_thread_blocked, id=9236, stack(0x000000e69cd00000,0x000000e69ce00000) (1024K)]
  0x0000025ffea8f440 JavaThread "Monitor Deflation Thread"   daemon [_thread_blocked, id=12392, stack(0x000000e69ce00000,0x000000e69cf00000) (1024K)]
  0x0000025ffea901d0 JavaThread "C2 CompilerThread0"         daemon [_thread_in_native, id=14016, stack(0x000000e69cf00000,0x000000e69d000000) (1024K)]
  0x0000025ffea91820 JavaThread "C1 CompilerThread0"         daemon [_thread_blocked, id=9064, stack(0x000000e69d000000,0x000000e69d100000) (1024K)]
  0x0000025ffece6c60 JavaThread "Notification Thread"        daemon [_thread_blocked, id=9092, stack(0x000000e69d100000,0x000000e69d200000) (1024K)]
  0x0000025f942c45f0 JavaThread "Daemon health stats"               [_thread_blocked, id=2964, stack(0x000000e69d900000,0x000000e69da00000) (1024K)]
  0x0000025f942b4e00 JavaThread "Incoming local TCP Connector on port 49919"        [_thread_in_native, id=9892, stack(0x000000e69da00000,0x000000e69db00000) (1024K)]
  0x0000025f9422cc70 JavaThread "Daemon periodic checks"            [_thread_blocked, id=13104, stack(0x000000e69db00000,0x000000e69dc00000) (1024K)]
  0x0000025f94458960 JavaThread "Daemon"                            [_thread_blocked, id=21568, stack(0x000000e69dc00000,0x000000e69dd00000) (1024K)]
  0x0000025f94458fd0 JavaThread "Handler for socket connection from /127.0.0.1:49919 to /127.0.0.1:49921"        [_thread_in_native, id=22488, stack(0x000000e69dd00000,0x000000e69de00000) (1024K)]
  0x0000025f941727b0 JavaThread "Cancel handler"                    [_thread_blocked, id=5568, stack(0x000000e69de00000,0x000000e69df00000) (1024K)]
=>0x0000025f94172e20 JavaThread "Daemon worker"                     [_thread_in_vm, id=19496, stack(0x000000e69df00000,0x000000e69e000000) (1024K)]
  0x0000025f94440620 JavaThread "Asynchronous log dispatcher for DefaultDaemonConnection: socket connection from /127.0.0.1:49919 to /127.0.0.1:49921"        [_thread_blocked, id=25380, stack(0x000000e69e000000,0x000000e69e100000) (1024K)]
  0x0000025f94442060 JavaThread "Stdin handler"                     [_thread_blocked, id=16816, stack(0x000000e69e100000,0x000000e69e200000) (1024K)]
  0x0000025f944426f0 JavaThread "Daemon client event forwarder"        [_thread_blocked, id=13644, stack(0x000000e69e200000,0x000000e69e300000) (1024K)]
  0x0000025f944419d0 JavaThread "Cache worker for journal cache (C:\Users\prakash\.gradle\caches\journal-1)"        [_thread_blocked, id=19368, stack(0x000000e69e400000,0x000000e69e500000) (1024K)]
  0x0000025f9443f900 JavaThread "File lock request listener"        [_thread_in_native, id=2728, stack(0x000000e69e500000,0x000000e69e600000) (1024K)]
  0x0000025f94440cb0 JavaThread "Cache worker for file hash cache (C:\Users\prakash\.gradle\caches\8.13\fileHashes)"        [_thread_blocked, id=6224, stack(0x000000e69e600000,0x000000e69e700000) (1024K)]
  0x0000025f94441340 JavaThread "Cache worker for file hash cache (C:\Flatter_jdk\flutterprojects\my_portfolio\android\.gradle\8.13\fileHashes)"        [_thread_blocked, id=9832, stack(0x000000e69e800000,0x000000e69e900000) (1024K)]
  0x0000025f9443ff90 JavaThread "Cache worker for Build Output Cleanup Cache (C:\Flatter_jdk\flutterprojects\my_portfolio\android\.gradle\buildOutputCleanup)"        [_thread_blocked, id=13888, stack(0x000000e69e900000,0x000000e69ea00000) (1024K)]
  0x0000025f945f6770 JavaThread "File watcher server"        daemon [_thread_in_native, id=18872, stack(0x000000e69ea00000,0x000000e69eb00000) (1024K)]
  0x0000025f945f4d30 JavaThread "File watcher consumer"      daemon [_thread_blocked, id=20936, stack(0x000000e69eb00000,0x000000e69ec00000) (1024K)]
  0x0000025f945f53c0 JavaThread "jar transforms"                    [_thread_blocked, id=16380, stack(0x000000e69e700000,0x000000e69e800000) (1024K)]
  0x0000025f945f3980 JavaThread "Cache worker for checksums cache (C:\Flatter_jdk\flutterprojects\my_portfolio\android\.gradle\8.13\checksums)"        [_thread_blocked, id=9288, stack(0x000000e69ec00000,0x000000e69ed00000) (1024K)]
  0x0000025f945f60e0 JavaThread "Cache worker for file content cache (C:\Users\prakash\.gradle\caches\8.13\fileContent)"        [_thread_blocked, id=13668, stack(0x000000e69ee00000,0x000000e69ef00000) (1024K)]
  0x0000025f945f46a0 JavaThread "Cache worker for cache directory md-supplier (C:\Users\prakash\.gradle\caches\8.13\md-supplier)"        [_thread_blocked, id=19240, stack(0x000000e69ef00000,0x000000e69f000000) (1024K)]
  0x0000025f945f5a50 JavaThread "Cache worker for cache directory md-rule (C:\Users\prakash\.gradle\caches\8.13\md-rule)"        [_thread_blocked, id=13080, stack(0x000000e69f000000,0x000000e69f100000) (1024K)]
  0x0000025f945f32f0 JavaThread "Cache worker for Build Output Cleanup Cache (C:\flutter\flutter\packages\flutter_tools\gradle\.gradle\buildOutputCleanup)"        [_thread_blocked, id=3764, stack(0x000000e69ed00000,0x000000e69ee00000) (1024K)]
  0x0000025f945f8ed0 JavaThread "Unconstrained build operations"        [_thread_blocked, id=20948, stack(0x000000e69f300000,0x000000e69f400000) (1024K)]
  0x0000025f945f7490 JavaThread "Unconstrained build operations Thread 2"        [_thread_blocked, id=22056, stack(0x000000e69f400000,0x000000e69f500000) (1024K)]
  0x0000025f945f9560 JavaThread "Unconstrained build operations Thread 3"        [_thread_blocked, id=19388, stack(0x000000e69f500000,0x000000e69f600000) (1024K)]
  0x0000025f945f8840 JavaThread "Unconstrained build operations Thread 4"        [_thread_blocked, id=15044, stack(0x000000e69f600000,0x000000e69f700000) (1024K)]
  0x0000025f946fe150 JavaThread "Unconstrained build operations Thread 5"        [_thread_blocked, id=16768, stack(0x000000e69f700000,0x000000e69f800000) (1024K)]
  0x0000025f946fc080 JavaThread "Unconstrained build operations Thread 6"        [_thread_blocked, id=10320, stack(0x000000e69f800000,0x000000e69f900000) (1024K)]
  0x0000025f946fee70 JavaThread "Unconstrained build operations Thread 7"        [_thread_blocked, id=19744, stack(0x000000e69f900000,0x000000e69fa00000) (1024K)]
  0x0000025f946fc710 JavaThread "Unconstrained build operations Thread 8"        [_thread_blocked, id=14308, stack(0x000000e69f100000,0x000000e69f200000) (1024K)]
  0x0000025f946ff500 JavaThread "Unconstrained build operations Thread 9"        [_thread_blocked, id=9396, stack(0x000000e69f200000,0x000000e69f300000) (1024K)]
  0x0000025f946ffb90 JavaThread "Unconstrained build operations Thread 10"        [_thread_blocked, id=9740, stack(0x000000e69fa00000,0x000000e69fb00000) (1024K)]
  0x0000025f94700220 JavaThread "Unconstrained build operations Thread 11"        [_thread_blocked, id=11584, stack(0x000000e69fb00000,0x000000e69fc00000) (1024K)]
  0x0000025f946fcda0 JavaThread "Unconstrained build operations Thread 12"        [_thread_blocked, id=16016, stack(0x000000e69fc00000,0x000000e69fd00000) (1024K)]
  0x0000025f947008b0 JavaThread "Unconstrained build operations Thread 13"        [_thread_blocked, id=5084, stack(0x000000e69fd00000,0x000000e69fe00000) (1024K)]
  0x0000025f946fe7e0 JavaThread "Unconstrained build operations Thread 14"        [_thread_blocked, id=14824, stack(0x000000e69fe00000,0x000000e69ff00000) (1024K)]
  0x0000025f946fd430 JavaThread "Unconstrained build operations Thread 15"        [_thread_blocked, id=4056, stack(0x000000e6a0100000,0x000000e6a0200000) (1024K)]
  0x0000025f94700f40 JavaThread "Unconstrained build operations Thread 16"        [_thread_blocked, id=13488, stack(0x000000e6a0200000,0x000000e6a0300000) (1024K)]
  0x0000025f946fdac0 JavaThread "Unconstrained build operations Thread 17"        [_thread_blocked, id=14196, stack(0x000000e6a0300000,0x000000e6a0400000) (1024K)]
  0x0000025f947022f0 JavaThread "Unconstrained build operations Thread 18"        [_thread_blocked, id=23468, stack(0x000000e6a0400000,0x000000e6a0500000) (1024K)]
  0x0000025f947015d0 JavaThread "Unconstrained build operations Thread 19"        [_thread_blocked, id=19440, stack(0x000000e6a0500000,0x000000e6a0600000) (1024K)]
  0x0000025f94702980 JavaThread "Unconstrained build operations Thread 20"        [_thread_blocked, id=11636, stack(0x000000e6a0600000,0x000000e6a0700000) (1024K)]
  0x0000025f94703010 JavaThread "Unconstrained build operations Thread 21"        [_thread_blocked, id=6712, stack(0x000000e6a0700000,0x000000e6a0800000) (1024K)]
  0x0000025f938dbde0 JavaThread "Memory manager"                    [_thread_in_vm, id=12028, stack(0x000000e6a0000000,0x000000e6a0100000) (1024K)]
  0x0000025f938d8ff0 JavaThread "build event listener"              [_thread_blocked, id=21024, stack(0x000000e6a0800000,0x000000e6a0900000) (1024K)]
Total: 57

Other Threads:
  0x0000025ffe8ac090 VMThread "VM Thread"                           [id=4972, stack(0x000000e69c700000,0x000000e69c800000) (1024K)] _threads_hazard_ptr=0x0000025f95c49be0
  0x0000025ffe83df60 WatcherThread "VM Periodic Task Thread"        [id=12092, stack(0x000000e69c600000,0x000000e69c700000) (1024K)]
  0x0000025ff6c29100 WorkerThread "GC Thread#0"                     [id=25064, stack(0x000000e69c100000,0x000000e69c200000) (1024K)]
  0x0000025fff290850 WorkerThread "GC Thread#1"                     [id=24764, stack(0x000000e69d400000,0x000000e69d500000) (1024K)]
  0x0000025fff07bed0 WorkerThread "GC Thread#2"                     [id=24776, stack(0x000000e69d500000,0x000000e69d600000) (1024K)]
  0x0000025f931a6e80 WorkerThread "GC Thread#3"                     [id=13316, stack(0x000000e69d600000,0x000000e69d700000) (1024K)]
  0x0000025f931a7220 WorkerThread "GC Thread#4"                     [id=21852, stack(0x000000e69d700000,0x000000e69d800000) (1024K)]
  0x0000025f9411a750 WorkerThread "GC Thread#5"                     [id=7796, stack(0x000000e69d200000,0x000000e69d300000) (1024K)]
  0x0000025f9411aaf0 WorkerThread "GC Thread#6"                     [id=13056, stack(0x000000e69d300000,0x000000e69d400000) (1024K)]
  0x0000025f931a6260 WorkerThread "GC Thread#7"                     [id=15928, stack(0x000000e69d800000,0x000000e69d900000) (1024K)]
  0x0000025ff6c37810 ConcurrentGCThread "G1 Main Marker"            [id=13424, stack(0x000000e69c200000,0x000000e69c300000) (1024K)]
  0x0000025ff6c38220 WorkerThread "G1 Conc#0"                       [id=4748, stack(0x000000e69c300000,0x000000e69c400000) (1024K)]
  0x0000025f941cbfb0 WorkerThread "G1 Conc#1"                       [id=25452, stack(0x000000e69e300000,0x000000e69e400000) (1024K)]
  0x0000025ff6c9e640 ConcurrentGCThread "G1 Refine#0"               [id=19392, stack(0x000000e69c400000,0x000000e69c500000) (1024K)]
  0x0000025ffe715650 ConcurrentGCThread "G1 Service"                [id=21628, stack(0x000000e69c500000,0x000000e69c600000) (1024K)]
Total: 15

Threads with active compile tasks:
C2 CompilerThread0  23351 7670       4       java.util.zip.ZipFile$Source::initCEN (612 bytes)
Total: 1

VM state: synchronizing (normal execution)

VM Mutex/Monitor currently owned by a thread:  ([mutex/lock_event])
[0x00007ff9bfe96438] Metaspace_lock - owner thread: 0x0000025f94172e20
[0x00007ff9bfe985b8] Threads_lock - owner thread: 0x0000025ffe8ac090

Heap address: 0x00000000a0000000, size: 1536 MB, Compressed Oops mode: 32-bit

CDS archive(s) not mapped
Compressed class space mapped at: 0x0000000100000000-0x0000000140000000, reserved size: 1073741824
Narrow klass base: 0x0000000000000000, Narrow klass shift: 3, Narrow klass range: 0x140000000

GC Precious Log:
 CardTable entry size: 512
 Card Set container configuration: InlinePtr #cards 5 size 8 Array Of Cards #cards 12 size 40 Howl #buckets 4 coarsen threshold 1843 Howl Bitmap #cards 512 size 80 coarsen threshold 460 Card regions per heap region 1 cards per card region 2048
 CPUs: 8 total, 8 available
 Memory: 7834M
 Large Page Support: Disabled
 NUMA Support: Disabled
 Compressed Oops: Enabled (32-bit)
 Heap Region Size: 1M
 Heap Min Capacity: 8M
 Heap Initial Capacity: 124M
 Heap Max Capacity: 1536M
 Pre-touch: Disabled
 Parallel Workers: 8
 Concurrent Workers: 2
 Concurrent Refinement Workers: 8
 Periodic GC: Disabled

Heap:
 garbage-first heap   total 109568K, used 67026K [0x00000000a0000000, 0x0000000100000000)
  region size 1024K, 5 young (5120K), 2 survivors (2048K)
 Metaspace       used 77659K, committed 79424K, reserved 1179648K
  class space    used 11052K, committed 11904K, reserved 1048576K

Heap Regions: E=young(eden), S=young(survivor), O=old, HS=humongous(starts), HC=humongous(continues), CS=collection set, F=free, TAMS=top-at-mark-start, PB=parsable bottom
|   0|0x00000000a0000000, 0x00000000a0100000, 0x00000000a0100000|100%|HS|  |TAMS 0x00000000a0000000| PB 0x00000000a0000000| Complete 
|   1|0x00000000a0100000, 0x00000000a0200000, 0x00000000a0200000|100%|HC|  |TAMS 0x00000000a0100000| PB 0x00000000a0100000| Complete 
|   2|0x00000000a0200000, 0x00000000a0300000, 0x00000000a0300000|100%|HC|  |TAMS 0x00000000a0200000| PB 0x00000000a0200000| Complete 
|   3|0x00000000a0300000, 0x00000000a0400000, 0x00000000a0400000|100%| O|  |TAMS 0x00000000a0300000| PB 0x00000000a0300000| Untracked 
|   4|0x00000000a0400000, 0x00000000a0500000, 0x00000000a0500000|100%| O|  |TAMS 0x00000000a0400000| PB 0x00000000a0400000| Untracked 
|   5|0x00000000a0500000, 0x00000000a0600000, 0x00000000a0600000|100%| O|  |TAMS 0x00000000a0500000| PB 0x00000000a0500000| Untracked 
|   6|0x00000000a0600000, 0x00000000a0700000, 0x00000000a0700000|100%|HS|  |TAMS 0x00000000a0600000| PB 0x00000000a0600000| Complete 
|   7|0x00000000a0700000, 0x00000000a0800000, 0x00000000a0800000|100%| O|  |TAMS 0x00000000a0700000| PB 0x00000000a0700000| Untracked 
|   8|0x00000000a0800000, 0x00000000a0900000, 0x00000000a0900000|100%| O|  |TAMS 0x00000000a0800000| PB 0x00000000a0800000| Untracked 
|   9|0x00000000a0900000, 0x00000000a0a00000, 0x00000000a0a00000|100%| O|  |TAMS 0x00000000a0900000| PB 0x00000000a0900000| Untracked 
|  10|0x00000000a0a00000, 0x00000000a0b00000, 0x00000000a0b00000|100%| O|  |TAMS 0x00000000a0a00000| PB 0x00000000a0a00000| Untracked 
|  11|0x00000000a0b00000, 0x00000000a0c00000, 0x00000000a0c00000|100%| O|  |TAMS 0x00000000a0b00000| PB 0x00000000a0b00000| Untracked 
|  12|0x00000000a0c00000, 0x00000000a0d00000, 0x00000000a0d00000|100%| O|  |TAMS 0x00000000a0c00000| PB 0x00000000a0c00000| Untracked 
|  13|0x00000000a0d00000, 0x00000000a0e00000, 0x00000000a0e00000|100%| O|  |TAMS 0x00000000a0d00000| PB 0x00000000a0d00000| Untracked 
|  14|0x00000000a0e00000, 0x00000000a0f00000, 0x00000000a0f00000|100%| O|  |TAMS 0x00000000a0e00000| PB 0x00000000a0e00000| Untracked 
|  15|0x00000000a0f00000, 0x00000000a1000000, 0x00000000a1000000|100%| O|  |TAMS 0x00000000a0f00000| PB 0x00000000a0f00000| Untracked 
|  16|0x00000000a1000000, 0x00000000a1100000, 0x00000000a1100000|100%| O|  |TAMS 0x00000000a1000000| PB 0x00000000a1000000| Untracked 
|  17|0x00000000a1100000, 0x00000000a1200000, 0x00000000a1200000|100%| O|  |TAMS 0x00000000a1100000| PB 0x00000000a1100000| Untracked 
|  18|0x00000000a1200000, 0x00000000a1300000, 0x00000000a1300000|100%| O|  |TAMS 0x00000000a1200000| PB 0x00000000a1200000| Untracked 
|  19|0x00000000a1300000, 0x00000000a1400000, 0x00000000a1400000|100%| O|  |TAMS 0x00000000a1300000| PB 0x00000000a1300000| Untracked 
|  20|0x00000000a1400000, 0x00000000a1500000, 0x00000000a1500000|100%| O|  |TAMS 0x00000000a1400000| PB 0x00000000a1400000| Untracked 
|  21|0x00000000a1500000, 0x00000000a1600000, 0x00000000a1600000|100%| O|  |TAMS 0x00000000a1500000| PB 0x00000000a1500000| Untracked 
|  22|0x00000000a1600000, 0x00000000a1700000, 0x00000000a1700000|100%| O|  |TAMS 0x00000000a1600000| PB 0x00000000a1600000| Untracked 
|  23|0x00000000a1700000, 0x00000000a1800000, 0x00000000a1800000|100%| O|  |TAMS 0x00000000a1700000| PB 0x00000000a1700000| Untracked 
|  24|0x00000000a1800000, 0x00000000a1900000, 0x00000000a1900000|100%| O|  |TAMS 0x00000000a1800000| PB 0x00000000a1800000| Untracked 
|  25|0x00000000a1900000, 0x00000000a1a00000, 0x00000000a1a00000|100%| O|  |TAMS 0x00000000a1900000| PB 0x00000000a1900000| Untracked 
|  26|0x00000000a1a00000, 0x00000000a1b00000, 0x00000000a1b00000|100%| O|  |TAMS 0x00000000a1a00000| PB 0x00000000a1a00000| Untracked 
|  27|0x00000000a1b00000, 0x00000000a1c00000, 0x00000000a1c00000|100%| O|  |TAMS 0x00000000a1b00000| PB 0x00000000a1b00000| Untracked 
|  28|0x00000000a1c00000, 0x00000000a1d00000, 0x00000000a1d00000|100%| O|  |TAMS 0x00000000a1c00000| PB 0x00000000a1c00000| Untracked 
|  29|0x00000000a1d00000, 0x00000000a1e00000, 0x00000000a1e00000|100%| O|  |TAMS 0x00000000a1d00000| PB 0x00000000a1d00000| Untracked 
|  30|0x00000000a1e00000, 0x00000000a1f00000, 0x00000000a1f00000|100%| O|  |TAMS 0x00000000a1e00000| PB 0x00000000a1e00000| Untracked 
|  31|0x00000000a1f00000, 0x00000000a2000000, 0x00000000a2000000|100%| O|  |TAMS 0x00000000a1f00000| PB 0x00000000a1f00000| Untracked 
|  32|0x00000000a2000000, 0x00000000a2100000, 0x00000000a2100000|100%| O|  |TAMS 0x00000000a2000000| PB 0x00000000a2000000| Untracked 
|  33|0x00000000a2100000, 0x00000000a2200000, 0x00000000a2200000|100%| O|  |TAMS 0x00000000a2100000| PB 0x00000000a2100000| Untracked 
|  34|0x00000000a2200000, 0x00000000a2300000, 0x00000000a2300000|100%| O|  |TAMS 0x00000000a2200000| PB 0x00000000a2200000| Untracked 
|  35|0x00000000a2300000, 0x00000000a2400000, 0x00000000a2400000|100%| O|  |TAMS 0x00000000a2300000| PB 0x00000000a2300000| Untracked 
|  36|0x00000000a2400000, 0x00000000a2500000, 0x00000000a2500000|100%| O|  |TAMS 0x00000000a2400000| PB 0x00000000a2400000| Untracked 
|  37|0x00000000a2500000, 0x00000000a2600000, 0x00000000a2600000|100%| O|  |TAMS 0x00000000a2500000| PB 0x00000000a2500000| Untracked 
|  38|0x00000000a2600000, 0x00000000a2691cf0, 0x00000000a2700000| 56%| O|  |TAMS 0x00000000a2600000| PB 0x00000000a2600000| Untracked 
|  39|0x00000000a2700000, 0x00000000a2800000, 0x00000000a2800000|100%| O|Cm|TAMS 0x00000000a2700000| PB 0x00000000a2700000| Complete 
|  40|0x00000000a2800000, 0x00000000a2900000, 0x00000000a2900000|100%| O|  |TAMS 0x00000000a2800000| PB 0x00000000a2800000| Untracked 
|  41|0x00000000a2900000, 0x00000000a2a00000, 0x00000000a2a00000|100%| O|  |TAMS 0x00000000a2900000| PB 0x00000000a2900000| Untracked 
|  42|0x00000000a2a00000, 0x00000000a2b00000, 0x00000000a2b00000|100%| O|  |TAMS 0x00000000a2a00000| PB 0x00000000a2a00000| Untracked 
|  43|0x00000000a2b00000, 0x00000000a2b00000, 0x00000000a2c00000|  0%| F|  |TAMS 0x00000000a2b00000| PB 0x00000000a2b00000| Untracked 
|  44|0x00000000a2c00000, 0x00000000a2d00000, 0x00000000a2d00000|100%| O|  |TAMS 0x00000000a2c00000| PB 0x00000000a2c00000| Untracked 
|  45|0x00000000a2d00000, 0x00000000a2e00000, 0x00000000a2e00000|100%|HS|  |TAMS 0x00000000a2d00000| PB 0x00000000a2d00000| Complete 
|  46|0x00000000a2e00000, 0x00000000a2f00000, 0x00000000a2f00000|100%|HC|  |TAMS 0x00000000a2e00000| PB 0x00000000a2e00000| Complete 
|  47|0x00000000a2f00000, 0x00000000a3000000, 0x00000000a3000000|100%|HS|  |TAMS 0x00000000a2f00000| PB 0x00000000a2f00000| Complete 
|  48|0x00000000a3000000, 0x00000000a3100000, 0x00000000a3100000|100%|HC|  |TAMS 0x00000000a3000000| PB 0x00000000a3000000| Complete 
|  49|0x00000000a3100000, 0x00000000a3200000, 0x00000000a3200000|100%|HS|  |TAMS 0x00000000a3100000| PB 0x00000000a3100000| Complete 
|  50|0x00000000a3200000, 0x00000000a3300000, 0x00000000a3300000|100%|HC|  |TAMS 0x00000000a3200000| PB 0x00000000a3200000| Complete 
|  51|0x00000000a3300000, 0x00000000a3400000, 0x00000000a3400000|100%|HC|  |TAMS 0x00000000a3300000| PB 0x00000000a3300000| Complete 
|  52|0x00000000a3400000, 0x00000000a3500000, 0x00000000a3500000|100%| O|  |TAMS 0x00000000a3400000| PB 0x00000000a3400000| Untracked 
|  53|0x00000000a3500000, 0x00000000a3600000, 0x00000000a3600000|100%| O|  |TAMS 0x00000000a3500000| PB 0x00000000a3500000| Untracked 
|  54|0x00000000a3600000, 0x00000000a3700000, 0x00000000a3700000|100%| O|  |TAMS 0x00000000a3600000| PB 0x00000000a3600000| Untracked 
|  55|0x00000000a3700000, 0x00000000a3800000, 0x00000000a3800000|100%|HS|  |TAMS 0x00000000a3700000| PB 0x00000000a3700000| Complete 
|  56|0x00000000a3800000, 0x00000000a3900000, 0x00000000a3900000|100%|HC|  |TAMS 0x00000000a3800000| PB 0x00000000a3800000| Complete 
|  57|0x00000000a3900000, 0x00000000a3a00000, 0x00000000a3a00000|100%|HC|  |TAMS 0x00000000a3900000| PB 0x00000000a3900000| Complete 
|  58|0x00000000a3a00000, 0x00000000a3a00000, 0x00000000a3b00000|  0%| F|  |TAMS 0x00000000a3a00000| PB 0x00000000a3a00000| Untracked 
|  59|0x00000000a3b00000, 0x00000000a3b00000, 0x00000000a3c00000|  0%| F|  |TAMS 0x00000000a3b00000| PB 0x00000000a3b00000| Untracked 
|  60|0x00000000a3c00000, 0x00000000a3c00000, 0x00000000a3d00000|  0%| F|  |TAMS 0x00000000a3c00000| PB 0x00000000a3c00000| Untracked 
|  61|0x00000000a3d00000, 0x00000000a3d00000, 0x00000000a3e00000|  0%| F|  |TAMS 0x00000000a3d00000| PB 0x00000000a3d00000| Untracked 
|  62|0x00000000a3e00000, 0x00000000a3e00000, 0x00000000a3f00000|  0%| F|  |TAMS 0x00000000a3e00000| PB 0x00000000a3e00000| Untracked 
|  63|0x00000000a3f00000, 0x00000000a3f00000, 0x00000000a4000000|  0%| F|  |TAMS 0x00000000a3f00000| PB 0x00000000a3f00000| Untracked 
|  64|0x00000000a4000000, 0x00000000a4000000, 0x00000000a4100000|  0%| F|  |TAMS 0x00000000a4000000| PB 0x00000000a4000000| Untracked 
|  65|0x00000000a4100000, 0x00000000a4100000, 0x00000000a4200000|  0%| F|  |TAMS 0x00000000a4100000| PB 0x00000000a4100000| Untracked 
|  66|0x00000000a4200000, 0x00000000a4200000, 0x00000000a4300000|  0%| F|  |TAMS 0x00000000a4200000| PB 0x00000000a4200000| Untracked 
|  67|0x00000000a4300000, 0x00000000a4300000, 0x00000000a4400000|  0%| F|  |TAMS 0x00000000a4300000| PB 0x00000000a4300000| Untracked 
|  68|0x00000000a4400000, 0x00000000a4400000, 0x00000000a4500000|  0%| F|  |TAMS 0x00000000a4400000| PB 0x00000000a4400000| Untracked 
|  69|0x00000000a4500000, 0x00000000a4500000, 0x00000000a4600000|  0%| F|  |TAMS 0x00000000a4500000| PB 0x00000000a4500000| Untracked 
|  70|0x00000000a4600000, 0x00000000a4600000, 0x00000000a4700000|  0%| F|  |TAMS 0x00000000a4600000| PB 0x00000000a4600000| Untracked 
|  71|0x00000000a4700000, 0x00000000a4700000, 0x00000000a4800000|  0%| F|  |TAMS 0x00000000a4700000| PB 0x00000000a4700000| Untracked 
|  72|0x00000000a4800000, 0x00000000a4800000, 0x00000000a4900000|  0%| F|  |TAMS 0x00000000a4800000| PB 0x00000000a4800000| Untracked 
|  73|0x00000000a4900000, 0x00000000a4900000, 0x00000000a4a00000|  0%| F|  |TAMS 0x00000000a4900000| PB 0x00000000a4900000| Untracked 
|  74|0x00000000a4a00000, 0x00000000a4a00000, 0x00000000a4b00000|  0%| F|  |TAMS 0x00000000a4a00000| PB 0x00000000a4a00000| Untracked 
|  75|0x00000000a4b00000, 0x00000000a4b00000, 0x00000000a4c00000|  0%| F|  |TAMS 0x00000000a4b00000| PB 0x00000000a4b00000| Untracked 
|  76|0x00000000a4c00000, 0x00000000a4c00000, 0x00000000a4d00000|  0%| F|  |TAMS 0x00000000a4c00000| PB 0x00000000a4c00000| Untracked 
|  77|0x00000000a4d00000, 0x00000000a4d00000, 0x00000000a4e00000|  0%| F|  |TAMS 0x00000000a4d00000| PB 0x00000000a4d00000| Untracked 
|  78|0x00000000a4e00000, 0x00000000a4e00000, 0x00000000a4f00000|  0%| F|  |TAMS 0x00000000a4e00000| PB 0x00000000a4e00000| Untracked 
|  79|0x00000000a4f00000, 0x00000000a4f00000, 0x00000000a5000000|  0%| F|  |TAMS 0x00000000a4f00000| PB 0x00000000a4f00000| Untracked 
|  80|0x00000000a5000000, 0x00000000a5000000, 0x00000000a5100000|  0%| F|  |TAMS 0x00000000a5000000| PB 0x00000000a5000000| Untracked 
|  81|0x00000000a5100000, 0x00000000a5100000, 0x00000000a5200000|  0%| F|  |TAMS 0x00000000a5100000| PB 0x00000000a5100000| Untracked 
|  82|0x00000000a5200000, 0x00000000a5200000, 0x00000000a5300000|  0%| F|  |TAMS 0x00000000a5200000| PB 0x00000000a5200000| Untracked 
|  83|0x00000000a5300000, 0x00000000a53e2d18, 0x00000000a5400000| 88%| S|CS|TAMS 0x00000000a5300000| PB 0x00000000a5300000| Complete 
|  84|0x00000000a5400000, 0x00000000a5500000, 0x00000000a5500000|100%| S|CS|TAMS 0x00000000a5400000| PB 0x00000000a5400000| Complete 
|  85|0x00000000a5500000, 0x00000000a5500000, 0x00000000a5600000|  0%| F|  |TAMS 0x00000000a5500000| PB 0x00000000a5500000| Untracked 
|  86|0x00000000a5600000, 0x00000000a5600000, 0x00000000a5700000|  0%| F|  |TAMS 0x00000000a5600000| PB 0x00000000a5600000| Untracked 
|  87|0x00000000a5700000, 0x00000000a5700000, 0x00000000a5800000|  0%| F|  |TAMS 0x00000000a5700000| PB 0x00000000a5700000| Untracked 
|  88|0x00000000a5800000, 0x00000000a5800000, 0x00000000a5900000|  0%| F|  |TAMS 0x00000000a5800000| PB 0x00000000a5800000| Untracked 
|  89|0x00000000a5900000, 0x00000000a5900000, 0x00000000a5a00000|  0%| F|  |TAMS 0x00000000a5900000| PB 0x00000000a5900000| Untracked 
|  90|0x00000000a5a00000, 0x00000000a5a00000, 0x00000000a5b00000|  0%| F|  |TAMS 0x00000000a5a00000| PB 0x00000000a5a00000| Untracked 
|  91|0x00000000a5b00000, 0x00000000a5b00000, 0x00000000a5c00000|  0%| F|  |TAMS 0x00000000a5b00000| PB 0x00000000a5b00000| Untracked 
|  92|0x00000000a5c00000, 0x00000000a5c00000, 0x00000000a5d00000|  0%| F|  |TAMS 0x00000000a5c00000| PB 0x00000000a5c00000| Untracked 
|  93|0x00000000a5d00000, 0x00000000a5d00000, 0x00000000a5e00000|  0%| F|  |TAMS 0x00000000a5d00000| PB 0x00000000a5d00000| Untracked 
|  94|0x00000000a5e00000, 0x00000000a5e00000, 0x00000000a5f00000|  0%| F|  |TAMS 0x00000000a5e00000| PB 0x00000000a5e00000| Untracked 
|  95|0x00000000a5f00000, 0x00000000a5f00000, 0x00000000a6000000|  0%| F|  |TAMS 0x00000000a5f00000| PB 0x00000000a5f00000| Untracked 
|  96|0x00000000a6000000, 0x00000000a6000000, 0x00000000a6100000|  0%| F|  |TAMS 0x00000000a6000000| PB 0x00000000a6000000| Untracked 
|  99|0x00000000a6300000, 0x00000000a6300000, 0x00000000a6400000|  0%| F|  |TAMS 0x00000000a6300000| PB 0x00000000a6300000| Untracked 
| 100|0x00000000a6400000, 0x00000000a6400000, 0x00000000a6500000|  0%| F|  |TAMS 0x00000000a6400000| PB 0x00000000a6400000| Untracked 
| 101|0x00000000a6500000, 0x00000000a6509dd0, 0x00000000a6600000|  3%| E|  |TAMS 0x00000000a6500000| PB 0x00000000a6500000| Complete 
| 122|0x00000000a7a00000, 0x00000000a7b00000, 0x00000000a7b00000|100%| E|CS|TAMS 0x00000000a7a00000| PB 0x00000000a7a00000| Complete 
| 123|0x00000000a7b00000, 0x00000000a7c00000, 0x00000000a7c00000|100%| E|CS|TAMS 0x00000000a7b00000| PB 0x00000000a7b00000| Complete 
|1531|0x00000000ffb00000, 0x00000000ffc00000, 0x00000000ffc00000|100%| O|Cm|TAMS 0x00000000ffb00000| PB 0x00000000ffb00000| Complete 
|1532|0x00000000ffc00000, 0x00000000ffd00000, 0x00000000ffd00000|100%| O|  |TAMS 0x00000000ffc00000| PB 0x00000000ffc00000| Untracked 
|1533|0x00000000ffd00000, 0x00000000ffe00000, 0x00000000ffe00000|100%| O|  |TAMS 0x00000000ffd00000| PB 0x00000000ffd00000| Untracked 
|1534|0x00000000ffe00000, 0x00000000fff00000, 0x00000000fff00000|100%| O|  |TAMS 0x00000000ffe00000| PB 0x00000000ffe00000| Untracked 
|1535|0x00000000fff00000, 0x0000000100000000, 0x0000000100000000|100%| O|  |TAMS 0x00000000fff00000| PB 0x00000000fff00000| Untracked 

Card table byte_map: [0x0000025ffa360000,0x0000025ffa660000] _byte_map_base: 0x0000025ff9e60000

Marking Bits: (CMBitMap*) 0x0000025ff6c2af30
 Bits: [0x0000025ffa660000, 0x0000025ffbe60000)

Polling page: 0x0000025ff6300000

Metaspace:

Usage:
  Non-class:     65.05 MB used.
      Class:     10.79 MB used.
       Both:     75.84 MB used.

Virtual space:
  Non-class space:      128.00 MB reserved,      65.94 MB ( 52%) committed,  2 nodes.
      Class space:        1.00 GB reserved,      11.62 MB (  1%) committed,  1 nodes.
             Both:        1.12 GB reserved,      77.56 MB (  7%) committed. 

Chunk freelists:
   Non-Class:  13.98 MB
       Class:  4.39 MB
        Both:  18.38 MB

MaxMetaspaceSize: unlimited
CompressedClassSpaceSize: 1.00 GB
Initial GC threshold: 21.00 MB
Current GC threshold: 129.31 MB
CDS: off
 - commit_granule_bytes: 65536.
 - commit_granule_words: 8192.
 - virtual_space_node_default_size: 8388608.
 - enlarge_chunks_in_place: 1.
 - use_allocation_guard: 0.


Internal statistics:

num_allocs_failed_limit: 6.
num_arena_births: 3514.
num_arena_deaths: 0.
num_vsnodes_births: 3.
num_vsnodes_deaths: 0.
num_space_committed: 1241.
num_space_uncommitted: 0.
num_chunks_returned_to_freelist: 6.
num_chunks_taken_from_freelist: 6715.
num_chunk_merges: 3.
num_chunk_splits: 4381.
num_chunks_enlarged: 2703.
num_inconsistent_stats: 0.

CodeHeap 'non-profiled nmethods': size=120000Kb used=3739Kb max_used=3743Kb free=116260Kb
 bounds [0x0000025f87ad0000, 0x0000025f87e90000, 0x0000025f8f000000]
CodeHeap 'profiled nmethods': size=120000Kb used=11544Kb max_used=11805Kb free=108455Kb
 bounds [0x0000025f80000000, 0x0000025f80b90000, 0x0000025f87530000]
CodeHeap 'non-nmethods': size=5760Kb used=3042Kb max_used=3074Kb free=2717Kb
 bounds [0x0000025f87530000, 0x0000025f87840000, 0x0000025f87ad0000]
CodeCache: size=245760Kb, used=18325Kb, max_used=18622Kb, free=227432Kb
 total_blobs=7347, nmethods=6423, adapters=828, full_count=0
Compilation: enabled, stopped_count=0, restarted_count=0

Compilation events (20 events):
Event: 21.564 Thread 0x0000025ffea91820 7669   !   3       org.gradle.internal.instantiation.generator.AsmBackedClassGenerator$ClassBuilderImpl::getAnnotationParameterValue (16 bytes)
Event: 21.565 Thread 0x0000025ffea91820 nmethod 7669 0x0000025f80b86590 code [0x0000025f80b867e0, 0x0000025f80b86fd8]
Event: 21.694 Thread 0x0000025ffea91820 7671       1       org.gradle.api.internal.artifacts.configurations.MutationValidator$MutationType::toString (5 bytes)
Event: 21.694 Thread 0x0000025ffea91820 nmethod 7671 0x0000025f87e77c10 code [0x0000025f87e77da0, 0x0000025f87e77e68]
Event: 21.707 Thread 0x0000025ffea91820 7672       3       org.gradle.internal.operations.DefaultBuildOperationRunner::getCurrentBuildOperation (11 bytes)
Event: 21.707 Thread 0x0000025ffea91820 nmethod 7672 0x0000025f80083290 code [0x0000025f80083460, 0x0000025f80083868]
Event: 21.707 Thread 0x0000025ffea91820 7673   !   3       org.gradle.internal.snapshot.impl.DefaultIsolatableFactory::isolate (24 bytes)
Event: 21.707 Thread 0x0000025ffea91820 nmethod 7673 0x0000025f80387210 code [0x0000025f803873e0, 0x0000025f803877a8]
Event: 21.711 Thread 0x0000025ffea901d0 nmethod 7665% 0x0000025f87e77f10 code [0x0000025f87e78580, 0x0000025f87e7d900]
Event: 21.711 Thread 0x0000025ffea91820 7674       1       org.gradle.api.internal.collections.AbstractIterationOrderRetainingElementSource::onPendingAdded (6 bytes)
Event: 21.713 Thread 0x0000025ffea91820 nmethod 7674 0x0000025f87d14090 code [0x0000025f87d14220, 0x0000025f87d14330]
Event: 21.713 Thread 0x0000025ffea901d0 7670       4       java.util.zip.ZipFile$Source::initCEN (612 bytes)
Event: 21.713 Thread 0x0000025ffea91820 7675       1       org.gradle.api.internal.collections.AbstractIterationOrderRetainingElementSource::setSubscriptionVerifier (6 bytes)
Event: 21.713 Thread 0x0000025ffea91820 nmethod 7675 0x0000025f87d13c90 code [0x0000025f87d13e20, 0x0000025f87d13f30]
Event: 21.723 Thread 0x0000025ffea91820 7677       3       org.apache.commons.lang.text.StrBuilder::append (54 bytes)
Event: 21.724 Thread 0x0000025ffea91820 nmethod 7677 0x0000025f80107090 code [0x0000025f801072a0, 0x0000025f80107728]
Event: 21.730 Thread 0x0000025ffea91820 7678       1       org.gradle.api.internal.project.DefaultProjectStateRegistry$CalculatedModelValueImpl::getOrNull (5 bytes)
Event: 21.730 Thread 0x0000025ffea91820 nmethod 7678 0x0000025f87ce7390 code [0x0000025f87ce7520, 0x0000025f87ce75e8]
Event: 21.849 Thread 0x0000025ffea91820 7681       3       javax.management.ObjectName::isPropertyListPattern (17 bytes)
Event: 21.849 Thread 0x0000025ffea91820 nmethod 7681 0x0000025f80021c90 code [0x0000025f80021e20, 0x0000025f80021f88]

GC Heap History (20 events):
Event: 14.919 GC heap before
{Heap before GC invocations=18 (full 0):
 garbage-first heap   total 72704K, used 62488K [0x00000000a0000000, 0x0000000100000000)
  region size 1024K, 27 young (27648K), 3 survivors (3072K)
 Metaspace       used 59122K, committed 60672K, reserved 1114112K
  class space    used 8291K, committed 9024K, reserved 1048576K
}
Event: 14.923 GC heap after
{Heap after GC invocations=19 (full 0):
 garbage-first heap   total 72704K, used 40267K [0x00000000a0000000, 0x0000000100000000)
  region size 1024K, 2 young (2048K), 2 survivors (2048K)
 Metaspace       used 59122K, committed 60672K, reserved 1114112K
  class space    used 8291K, committed 9024K, reserved 1048576K
}
Event: 15.780 GC heap before
{Heap before GC invocations=20 (full 0):
 garbage-first heap   total 72704K, used 64843K [0x00000000a0000000, 0x0000000100000000)
  region size 1024K, 26 young (26624K), 2 survivors (2048K)
 Metaspace       used 61755K, committed 63296K, reserved 1114112K
  class space    used 8715K, committed 9472K, reserved 1048576K
}
Event: 15.783 GC heap after
{Heap after GC invocations=21 (full 0):
 garbage-first heap   total 72704K, used 41064K [0x00000000a0000000, 0x0000000100000000)
  region size 1024K, 3 young (3072K), 3 survivors (3072K)
 Metaspace       used 61755K, committed 63296K, reserved 1114112K
  class space    used 8715K, committed 9472K, reserved 1048576K
}
Event: 16.380 GC heap before
{Heap before GC invocations=21 (full 0):
 garbage-first heap   total 72704K, used 63592K [0x00000000a0000000, 0x0000000100000000)
  region size 1024K, 25 young (25600K), 3 survivors (3072K)
 Metaspace       used 63157K, committed 64704K, reserved 1114112K
  class space    used 8926K, committed 9664K, reserved 1048576K
}
Event: 16.387 GC heap after
{Heap after GC invocations=22 (full 0):
 garbage-first heap   total 73728K, used 46399K [0x00000000a0000000, 0x0000000100000000)
  region size 1024K, 4 young (4096K), 4 survivors (4096K)
 Metaspace       used 63157K, committed 64704K, reserved 1114112K
  class space    used 8926K, committed 9664K, reserved 1048576K
}
Event: 16.817 GC heap before
{Heap before GC invocations=22 (full 0):
 garbage-first heap   total 73728K, used 63807K [0x00000000a0000000, 0x0000000100000000)
  region size 1024K, 21 young (21504K), 4 survivors (4096K)
 Metaspace       used 63489K, committed 65088K, reserved 1114112K
  class space    used 8947K, committed 9728K, reserved 1048576K
}
Event: 16.823 GC heap after
{Heap after GC invocations=23 (full 0):
 garbage-first heap   total 89088K, used 50038K [0x00000000a0000000, 0x0000000100000000)
  region size 1024K, 3 young (3072K), 3 survivors (3072K)
 Metaspace       used 63489K, committed 65088K, reserved 1114112K
  class space    used 8947K, committed 9728K, reserved 1048576K
}
Event: 17.710 GC heap before
{Heap before GC invocations=24 (full 0):
 garbage-first heap   total 89088K, used 76662K [0x00000000a0000000, 0x0000000100000000)
  region size 1024K, 31 young (31744K), 3 survivors (3072K)
 Metaspace       used 65923K, committed 67712K, reserved 1114112K
  class space    used 9375K, committed 10240K, reserved 1048576K
}
Event: 17.715 GC heap after
{Heap after GC invocations=25 (full 0):
 garbage-first heap   total 89088K, used 51250K [0x00000000a0000000, 0x0000000100000000)
  region size 1024K, 4 young (4096K), 4 survivors (4096K)
 Metaspace       used 65923K, committed 67712K, reserved 1114112K
  class space    used 9375K, committed 10240K, reserved 1048576K
}
Event: 18.629 GC heap before
{Heap before GC invocations=25 (full 0):
 garbage-first heap   total 89088K, used 85042K [0x00000000a0000000, 0x0000000100000000)
  region size 1024K, 30 young (30720K), 4 survivors (4096K)
 Metaspace       used 68536K, committed 70336K, reserved 1114112K
  class space    used 9780K, committed 10624K, reserved 1048576K
}
Event: 18.636 GC heap after
{Heap after GC invocations=26 (full 0):
 garbage-first heap   total 93184K, used 59353K [0x00000000a0000000, 0x0000000100000000)
  region size 1024K, 3 young (3072K), 3 survivors (3072K)
 Metaspace       used 68536K, committed 70336K, reserved 1114112K
  class space    used 9780K, committed 10624K, reserved 1048576K
}
Event: 19.277 GC heap before
{Heap before GC invocations=26 (full 0):
 garbage-first heap   total 93184K, used 82905K [0x00000000a0000000, 0x0000000100000000)
  region size 1024K, 26 young (26624K), 3 survivors (3072K)
 Metaspace       used 71431K, committed 73216K, reserved 1114112K
  class space    used 10168K, committed 11008K, reserved 1048576K
}
Event: 19.281 GC heap after
{Heap after GC invocations=27 (full 0):
 garbage-first heap   total 93184K, used 60012K [0x00000000a0000000, 0x0000000100000000)
  region size 1024K, 1 young (1024K), 1 survivors (1024K)
 Metaspace       used 71431K, committed 73216K, reserved 1114112K
  class space    used 10168K, committed 11008K, reserved 1048576K
}
Event: 20.029 GC heap before
{Heap before GC invocations=28 (full 0):
 garbage-first heap   total 101376K, used 84588K [0x00000000a0000000, 0x0000000100000000)
  region size 1024K, 25 young (25600K), 1 survivors (1024K)
 Metaspace       used 74548K, committed 76288K, reserved 1114112K
  class space    used 10615K, committed 11456K, reserved 1048576K
}
Event: 20.033 GC heap after
{Heap after GC invocations=29 (full 0):
 garbage-first heap   total 101376K, used 60993K [0x00000000a0000000, 0x0000000100000000)
  region size 1024K, 2 young (2048K), 2 survivors (2048K)
 Metaspace       used 74548K, committed 76288K, reserved 1114112K
  class space    used 10615K, committed 11456K, reserved 1048576K
}
Event: 21.294 GC heap before
{Heap before GC invocations=29 (full 0):
 garbage-first heap   total 101376K, used 92737K [0x00000000a0000000, 0x0000000100000000)
  region size 1024K, 33 young (33792K), 2 survivors (2048K)
 Metaspace       used 77028K, committed 78848K, reserved 1179648K
  class space    used 10953K, committed 11840K, reserved 1048576K
}
Event: 21.299 GC heap after
{Heap after GC invocations=30 (full 0):
 garbage-first heap   total 101376K, used 61460K [0x00000000a0000000, 0x0000000100000000)
  region size 1024K, 3 young (3072K), 3 survivors (3072K)
 Metaspace       used 77028K, committed 78848K, reserved 1179648K
  class space    used 10953K, committed 11840K, reserved 1048576K
}
Event: 21.610 GC heap before
{Heap before GC invocations=30 (full 0):
 garbage-first heap   total 101376K, used 69652K [0x00000000a0000000, 0x0000000100000000)
  region size 1024K, 12 young (12288K), 3 survivors (3072K)
 Metaspace       used 77587K, committed 79424K, reserved 1179648K
  class space    used 11039K, committed 11904K, reserved 1048576K
}
Event: 21.616 GC heap after
{Heap after GC invocations=31 (full 0):
 garbage-first heap   total 101376K, used 61906K [0x00000000a0000000, 0x0000000100000000)
  region size 1024K, 2 young (2048K), 2 survivors (2048K)
 Metaspace       used 77587K, committed 79424K, reserved 1179648K
  class space    used 11039K, committed 11904K, reserved 1048576K
}

Dll operation events (3 events):
Event: 0.022 Loaded shared library C:\Program Files\Android\Android Studio1\jbr\bin\java.dll
Event: 0.032 Loaded shared library C:\Program Files\Android\Android Studio1\jbr\bin\zip.dll
Event: 1.269 Loaded shared library C:\Program Files\Android\Android Studio1\jbr\bin\verify.dll

Deoptimization events (20 events):
Event: 20.605 Thread 0x0000025f94172e20 Uncommon trap: trap_request=0xffffffde fr.pc=0x0000025f87e74f4c relative=0x00000000000004cc
Event: 20.605 Thread 0x0000025f94172e20 Uncommon trap: reason=class_check action=maybe_recompile pc=0x0000025f87e74f4c method=kotlin.reflect.jvm.internal.impl.protobuf.CodedInputStream.tryRefillBuffer(I)Z @ 175 c2
Event: 20.605 Thread 0x0000025f94172e20 DEOPT PACKING pc=0x0000025f87e74f4c sp=0x000000e69dff1d00
Event: 20.605 Thread 0x0000025f94172e20 DEOPT UNPACKING pc=0x0000025f87587da2 sp=0x000000e69dff1be8 mode 2
Event: 20.605 Thread 0x0000025f94172e20 Uncommon trap: trap_request=0xffffffde fr.pc=0x0000025f87e74f4c relative=0x00000000000004cc
Event: 20.605 Thread 0x0000025f94172e20 Uncommon trap: reason=class_check action=maybe_recompile pc=0x0000025f87e74f4c method=kotlin.reflect.jvm.internal.impl.protobuf.CodedInputStream.tryRefillBuffer(I)Z @ 175 c2
Event: 20.605 Thread 0x0000025f94172e20 DEOPT PACKING pc=0x0000025f87e74f4c sp=0x000000e69dff1df0
Event: 20.605 Thread 0x0000025f94172e20 DEOPT UNPACKING pc=0x0000025f87587da2 sp=0x000000e69dff1cd8 mode 2
Event: 20.605 Thread 0x0000025f94172e20 Uncommon trap: trap_request=0xffffffde fr.pc=0x0000025f87e74f4c relative=0x00000000000004cc
Event: 20.605 Thread 0x0000025f94172e20 Uncommon trap: reason=class_check action=maybe_recompile pc=0x0000025f87e74f4c method=kotlin.reflect.jvm.internal.impl.protobuf.CodedInputStream.tryRefillBuffer(I)Z @ 175 c2
Event: 20.605 Thread 0x0000025f94172e20 DEOPT PACKING pc=0x0000025f87e74f4c sp=0x000000e69dff1df0
Event: 20.605 Thread 0x0000025f94172e20 DEOPT UNPACKING pc=0x0000025f87587da2 sp=0x000000e69dff1cd8 mode 2
Event: 20.700 Thread 0x0000025f94172e20 DEOPT PACKING pc=0x0000025f804b77a1 sp=0x000000e69dff30f0
Event: 20.700 Thread 0x0000025f94172e20 DEOPT UNPACKING pc=0x0000025f875888e2 sp=0x000000e69dff25f0 mode 0
Event: 21.504 Thread 0x0000025f94172e20 Uncommon trap: trap_request=0xffffff45 fr.pc=0x0000025f87ccd858 relative=0x0000000000000b58
Event: 21.504 Thread 0x0000025f94172e20 Uncommon trap: reason=unstable_if action=reinterpret pc=0x0000025f87ccd858 method=java.util.regex.Pattern.escape(ZZZ)I @ 8 c2
Event: 21.504 Thread 0x0000025f94172e20 DEOPT PACKING pc=0x0000025f87ccd858 sp=0x000000e69dff22b0
Event: 21.504 Thread 0x0000025f94172e20 DEOPT UNPACKING pc=0x0000025f87587da2 sp=0x000000e69dff2248 mode 2
Event: 21.670 Thread 0x0000025f94172e20 DEOPT PACKING pc=0x0000025f802acac1 sp=0x000000e69dfefdc0
Event: 21.670 Thread 0x0000025f94172e20 DEOPT UNPACKING pc=0x0000025f875888e2 sp=0x000000e69dfef340 mode 0

Classes loaded (20 events):
Event: 19.842 Loading class jdk/jfr/FlightRecorder
Event: 19.842 Loading class jdk/jfr/FlightRecorder done
Event: 19.843 Loading class javax/management/NotificationListener
Event: 19.843 Loading class javax/management/NotificationListener done
Event: 19.843 Loading class javax/management/NotificationFilter
Event: 19.843 Loading class javax/management/NotificationFilter done
Event: 19.843 Loading class jdk/management/jfr/FlightRecorderMXBeanImpl$MXBeanListener
Event: 19.843 Loading class jdk/jfr/FlightRecorderListener
Event: 19.843 Loading class jdk/jfr/FlightRecorderListener done
Event: 19.843 Loading class jdk/management/jfr/FlightRecorderMXBeanImpl$MXBeanListener done
Event: 19.843 Loading class javax/management/ListenerNotFoundException
Event: 19.843 Loading class javax/management/OperationsException
Event: 19.843 Loading class javax/management/JMException
Event: 19.843 Loading class javax/management/JMException done
Event: 19.843 Loading class javax/management/OperationsException done
Event: 19.843 Loading class javax/management/ListenerNotFoundException done
Event: 19.896 Loading class com/sun/jmx/mbeanserver/StandardMBeanSupport
Event: 19.896 Loading class com/sun/jmx/mbeanserver/StandardMBeanSupport done
Event: 19.896 Loading class com/sun/jmx/mbeanserver/StandardMBeanIntrospector
Event: 19.897 Loading class com/sun/jmx/mbeanserver/StandardMBeanIntrospector done

Classes unloaded (0 events):
No events

Classes redefined (0 events):
No events

Internal exceptions (20 events):
Event: 19.464 Thread 0x0000025f94172e20 Exception <a 'java/lang/NoSuchMethodError'{0x00000000a571ea08}: static Lorg/jetbrains/kotlin/gradle/plugin/internal/DefaultConfigurationTimePropertiesAccessorVariantFactory;.<clinit>()V> (0x00000000a571ea08) 
thrown [s\src\hotspot\share\prims\jni.cpp, line 1144]
Event: 19.468 Thread 0x0000025f94172e20 Exception <a 'java/lang/NoSuchMethodError'{0x00000000a5745208}: static Lorg/jetbrains/kotlin/gradle/plugin/internal/DefaultProjectIsolationStartParameterAccessor$Factory;.<clinit>()V> (0x00000000a5745208) 
thrown [s\src\hotspot\share\prims\jni.cpp, line 1144]
Event: 19.470 Thread 0x0000025f94172e20 Exception <a 'java/lang/NoSuchMethodError'{0x00000000a576bdc0}: static Lorg/jetbrains/kotlin/gradle/plugin/internal/DefaultSourceSetCompatibilityHelperVariantFactory;.<clinit>()V> (0x00000000a576bdc0) 
thrown [s\src\hotspot\share\prims\jni.cpp, line 1144]
Event: 19.473 Thread 0x0000025f94172e20 Exception <a 'java/lang/NoSuchMethodError'{0x00000000a579cf68}: static Lorg/jetbrains/kotlin/gradle/plugin/internal/DefaultArtifactTypeAttributeAccessorVariantFactory;.<clinit>()V> (0x00000000a579cf68) 
thrown [s\src\hotspot\share\prims\jni.cpp, line 1144]
Event: 19.477 Thread 0x0000025f94172e20 Exception <a 'java/lang/NoSuchMethodError'{0x00000000a57ce100}: static Lorg/jetbrains/kotlin/gradle/plugin/internal/DefaultCompatibilityConventionRegistrar$Factory;.<clinit>()V> (0x00000000a57ce100) 
thrown [s\src\hotspot\share\prims\jni.cpp, line 1144]
Event: 19.479 Thread 0x0000025f94172e20 Exception <a 'java/lang/NoSuchMethodError'{0x00000000a57f4bc0}: static Lorg/jetbrains/kotlin/gradle/plugin/internal/DefaultJavaSourceSetsAccessorVariantFactory;.<clinit>()V> (0x00000000a57f4bc0) 
thrown [s\src\hotspot\share\prims\jni.cpp, line 1144]
Event: 19.481 Thread 0x0000025f94172e20 Exception <a 'java/lang/NoSuchMethodError'{0x00000000a561aab8}: static Lorg/jetbrains/kotlin/gradle/plugin/internal/DefaultIdeaSyncDetectorVariantFactory;.<clinit>()V> (0x00000000a561aab8) 
thrown [s\src\hotspot\share\prims\jni.cpp, line 1144]
Event: 19.484 Thread 0x0000025f94172e20 Exception <a 'java/lang/NoSuchMethodError'{0x00000000a5644520}: static Lorg/jetbrains/kotlin/gradle/plugin/internal/DefaultKotlinTestReportCompatibilityHelperVariantFactory;.<clinit>()V> (0x00000000a5644520) 
thrown [s\src\hotspot\share\prims\jni.cpp, line 1144]
Event: 19.486 Thread 0x0000025f94172e20 Exception <a 'java/lang/NoSuchMethodError'{0x00000000a566b1a0}: static Lorg/jetbrains/kotlin/gradle/plugin/internal/DefaultMppTestReportHelperVariantFactory;.<clinit>()V> (0x00000000a566b1a0) 
thrown [s\src\hotspot\share\prims\jni.cpp, line 1144]
Event: 19.490 Thread 0x0000025f94172e20 Exception <a 'java/lang/NoSuchMethodError'{0x00000000a5690f38}: static Lorg/jetbrains/kotlin/gradle/plugin/internal/DefaultConfigurationCacheStartParameterAccessorVariantFactory;.<clinit>()V> (0x00000000a5690f38) 
thrown [s\src\hotspot\share\prims\jni.cpp, line 1144]
Event: 19.494 Thread 0x0000025f94172e20 Exception <a 'java/lang/NoSuchMethodError'{0x00000000a56b7f88}: static Lorg/jetbrains/kotlin/gradle/plugin/internal/MavenPluginConfigurator$DefaultMavenPluginConfiguratorVariantFactory;.<clinit>()V> (0x00000000a56b7f88) 
thrown [s\src\hotspot\share\prims\jni.cpp, line 1144]
Event: 19.497 Thread 0x0000025f94172e20 Exception <a 'java/lang/NoSuchMethodError'{0x00000000a56dde68}: static Lorg/jetbrains/kotlin/gradle/targets/js/nodejs/DefaultUnameExecutorVariantFactory;.<clinit>()V> (0x00000000a56dde68) 
thrown [s\src\hotspot\share\prims\jni.cpp, line 1144]
Event: 19.500 Thread 0x0000025f94172e20 Exception <a 'java/lang/NoSuchMethodError'{0x00000000a5504888}: static Lorg/jetbrains/kotlin/gradle/plugin/internal/DefaultBasePluginConfigurationVariantFactory;.<clinit>()V> (0x00000000a5504888) 
thrown [s\src\hotspot\share\prims\jni.cpp, line 1144]
Event: 19.503 Thread 0x0000025f94172e20 Exception <a 'java/lang/NoSuchMethodError'{0x00000000a552b320}: static Lorg/jetbrains/kotlin/gradle/plugin/internal/DefaultAttributeConfigurationHelperVariantFactory;.<clinit>()V> (0x00000000a552b320) 
thrown [s\src\hotspot\share\prims\jni.cpp, line 1144]
Event: 19.531 Thread 0x0000025f94172e20 Exception <a 'java/lang/NoSuchMethodError'{0x00000000a55c34c8}: 'long java.lang.invoke.DirectMethodHandle$Holder.invokeSpecial(java.lang.Object, java.lang.Object)'> (0x00000000a55c34c8) 
thrown [s\src\hotspot\share\interpreter\linkResolver.cpp, line 784]
Event: 19.531 Thread 0x0000025f94172e20 Exception <a 'java/lang/NoSuchMethodError'{0x00000000a55c8410}: 'long java.lang.invoke.Invokers$Holder.invokeExact_MT(java.lang.Object, java.lang.Object)'> (0x00000000a55c8410) 
thrown [s\src\hotspot\share\interpreter\linkResolver.cpp, line 784]
Event: 19.626 Thread 0x0000025f94172e20 Exception <a 'java/lang/IncompatibleClassChangeError'{0x00000000a52cead0}: Found class java.lang.Object, but interface was expected> (0x00000000a52cead0) 
thrown [s\src\hotspot\share\interpreter\linkResolver.cpp, line 851]
Event: 20.124 Thread 0x0000025f94172e20 Implicit null exception at 0x0000025f87e19a9a to 0x0000025f87e1a308
Event: 20.128 Thread 0x0000025f94172e20 Implicit null exception at 0x0000025f87c3675d to 0x0000025f87c36bec
Event: 20.128 Thread 0x0000025f94172e20 Implicit null exception at 0x0000025f87dc2a3f to 0x0000025f87dc2ed0

ZGC Phase Switch (0 events):
No events

VM Operations (20 events):
Event: 19.281 Executing VM operation: G1CollectForAllocation (G1 Evacuation Pause) done
Event: 19.319 Executing VM operation: HandshakeAllThreads (Deoptimize)
Event: 19.319 Executing VM operation: HandshakeAllThreads (Deoptimize) done
Event: 19.354 Executing VM operation: G1PauseRemark
Event: 19.359 Executing VM operation: G1PauseRemark done
Event: 19.389 Executing VM operation: G1PauseCleanup
Event: 19.390 Executing VM operation: G1PauseCleanup done
Event: 20.029 Executing VM operation: G1CollectForAllocation (G1 Evacuation Pause)
Event: 20.033 Executing VM operation: G1CollectForAllocation (G1 Evacuation Pause) done
Event: 21.038 Executing VM operation: Cleanup
Event: 21.039 Executing VM operation: Cleanup done
Event: 21.294 Executing VM operation: G1CollectForAllocation (G1 Evacuation Pause)
Event: 21.299 Executing VM operation: G1CollectForAllocation (G1 Evacuation Pause) done
Event: 21.610 Executing VM operation: G1TryInitiateConcMark (G1 Humongous Allocation)
Event: 21.616 Executing VM operation: G1TryInitiateConcMark (G1 Humongous Allocation) done
Event: 21.695 Executing VM operation: G1PauseRemark
Event: 21.701 Executing VM operation: G1PauseRemark done
Event: 21.735 Executing VM operation: G1PauseCleanup
Event: 21.740 Executing VM operation: G1PauseCleanup done
Event: 22.754 Executing VM operation: Cleanup

Memory protections (0 events):
No events

Nmethod flushes (20 events):
Event: 21.699 Thread 0x0000025ffe8ac090 flushing  nmethod 0x0000025f8005fe90
Event: 21.699 Thread 0x0000025ffe8ac090 flushing  nmethod 0x0000025f800c8610
Event: 21.699 Thread 0x0000025ffe8ac090 flushing  nmethod 0x0000025f80107090
Event: 21.699 Thread 0x0000025ffe8ac090 flushing  nmethod 0x0000025f80159e90
Event: 21.699 Thread 0x0000025ffe8ac090 flushing  nmethod 0x0000025f801a5b90
Event: 21.699 Thread 0x0000025ffe8ac090 flushing  nmethod 0x0000025f801a6590
Event: 21.699 Thread 0x0000025ffe8ac090 flushing  nmethod 0x0000025f801ec190
Event: 21.699 Thread 0x0000025ffe8ac090 flushing  nmethod 0x0000025f80206290
Event: 21.699 Thread 0x0000025ffe8ac090 flushing  nmethod 0x0000025f8040b690
Event: 21.699 Thread 0x0000025ffe8ac090 flushing  nmethod 0x0000025f805d4190
Event: 21.699 Thread 0x0000025ffe8ac090 flushing  nmethod 0x0000025f805d5290
Event: 21.699 Thread 0x0000025ffe8ac090 flushing  nmethod 0x0000025f805d6d90
Event: 21.699 Thread 0x0000025ffe8ac090 flushing  nmethod 0x0000025f808c9c10
Event: 21.699 Thread 0x0000025ffe8ac090 flushing  nmethod 0x0000025f87cd4090
Event: 21.699 Thread 0x0000025ffe8ac090 flushing  nmethod 0x0000025f87ce6f10
Event: 21.699 Thread 0x0000025ffe8ac090 flushing  nmethod 0x0000025f87dada10
Event: 21.699 Thread 0x0000025ffe8ac090 flushing  nmethod 0x0000025f87e60190
Event: 21.699 Thread 0x0000025ffe8ac090 flushing  nmethod 0x0000025f80165810
Event: 21.699 Thread 0x0000025ffe8ac090 flushing  nmethod 0x0000025f80666e10
Event: 21.699 Thread 0x0000025ffe8ac090 flushing  nmethod 0x0000025f8066a090

Events (20 events):
Event: 16.244 Thread 0x0000025f94172e20 Thread added: 0x0000025f946fcda0
Event: 16.247 Thread 0x0000025f94172e20 Thread added: 0x0000025f947008b0
Event: 16.252 Thread 0x0000025f94172e20 Thread added: 0x0000025f946fe7e0
Event: 16.316 Thread 0x0000025ffea91820 Thread added: 0x0000025f9683cf30
Event: 16.410 Thread 0x0000025ffea91820 Thread added: 0x0000025f96baaf20
Event: 16.416 Thread 0x0000025f94172e20 Thread added: 0x0000025f946fd430
Event: 16.417 Thread 0x0000025f94172e20 Thread added: 0x0000025f94700f40
Event: 16.418 Thread 0x0000025f94172e20 Thread added: 0x0000025f946fdac0
Event: 16.418 Thread 0x0000025f94172e20 Thread added: 0x0000025f947022f0
Event: 16.419 Thread 0x0000025f94172e20 Thread added: 0x0000025f947015d0
Event: 16.419 Thread 0x0000025f94172e20 Thread added: 0x0000025f94702980
Event: 16.420 Thread 0x0000025f94172e20 Thread added: 0x0000025f94703010
Event: 17.087 Thread 0x0000025f96baaf20 Thread exited: 0x0000025f96baaf20
Event: 17.151 Thread 0x0000025f9683cf30 Thread exited: 0x0000025f9683cf30
Event: 17.343 Thread 0x0000025ffea91820 Thread added: 0x0000025f9683cf30
Event: 17.535 Thread 0x0000025f94172e20 Thread added: 0x0000025f938dbde0
Event: 18.334 Thread 0x0000025f9683cf30 Thread exited: 0x0000025f9683cf30
Event: 19.774 Thread 0x0000025ffea91820 Thread added: 0x0000025f967f6730
Event: 19.967 Thread 0x0000025f94172e20 Thread added: 0x0000025f938d8ff0
Event: 20.207 Thread 0x0000025f967f6730 Thread exited: 0x0000025f967f6730


Dynamic libraries:
0x00007ff62e720000 - 0x00007ff62e72a000 	C:\Program Files\Android\Android Studio1\jbr\bin\java.exe
0x00007ffa2cdc0000 - 0x00007ffa2d028000 	C:\WINDOWS\SYSTEM32\ntdll.dll
0x00007ffa2b190000 - 0x00007ffa2b259000 	C:\WINDOWS\System32\KERNEL32.DLL
0x00007ffa2a2f0000 - 0x00007ffa2a6e2000 	C:\WINDOWS\System32\KERNELBASE.dll
0x00007ffa2a6f0000 - 0x00007ffa2a83b000 	C:\WINDOWS\System32\ucrtbase.dll
0x00007ffa185c0000 - 0x00007ffa185d8000 	C:\Program Files\Android\Android Studio1\jbr\bin\jli.dll
0x00007ffa2ae10000 - 0x00007ffa2afd5000 	C:\WINDOWS\System32\USER32.dll
0x00007ffa2a0a0000 - 0x00007ffa2a0c7000 	C:\WINDOWS\System32\win32u.dll
0x00007ffa2ac10000 - 0x00007ffa2ac3b000 	C:\WINDOWS\System32\GDI32.dll
0x00007ffa2aa60000 - 0x00007ffa2ab8d000 	C:\WINDOWS\System32\gdi32full.dll
0x00007ffa2a0d0000 - 0x00007ffa2a173000 	C:\WINDOWS\System32\msvcp_win.dll
0x00007ffa18860000 - 0x00007ffa1887b000 	C:\Program Files\Android\Android Studio1\jbr\bin\VCRUNTIME140.dll
0x00007ffa14200000 - 0x00007ffa14493000 	C:\WINDOWS\WinSxS\amd64_microsoft.windows.common-controls_6595b64144ccf1df_6.0.26100.6899_none_3e0efeeae32e88c1\COMCTL32.dll
0x00007ffa2afe0000 - 0x00007ffa2b089000 	C:\WINDOWS\System32\msvcrt.dll
0x00007ffa2add0000 - 0x00007ffa2adff000 	C:\WINDOWS\System32\IMM32.DLL
0x00007ffa23880000 - 0x00007ffa2388c000 	C:\Program Files\Android\Android Studio1\jbr\bin\vcruntime140_1.dll
0x00007ffa0dc20000 - 0x00007ffa0dcad000 	C:\Program Files\Android\Android Studio1\jbr\bin\msvcp140.dll
0x00007ff9bf2e0000 - 0x00007ff9bff76000 	C:\Program Files\Android\Android Studio1\jbr\bin\server\jvm.dll
0x00007ffa2ccc0000 - 0x00007ffa2cd74000 	C:\WINDOWS\System32\ADVAPI32.dll
0x00007ffa2bfc0000 - 0x00007ffa2c066000 	C:\WINDOWS\System32\sechost.dll
0x00007ffa2c0f0000 - 0x00007ffa2c208000 	C:\WINDOWS\System32\RPCRT4.dll
0x00007ffa2c070000 - 0x00007ffa2c0e4000 	C:\WINDOWS\System32\WS2_32.dll
0x00007ffa29db0000 - 0x00007ffa29e0e000 	C:\WINDOWS\SYSTEM32\POWRPROF.dll
0x00007ffa15380000 - 0x00007ffa153b5000 	C:\WINDOWS\SYSTEM32\WINMM.dll
0x00007ffa1fd60000 - 0x00007ffa1fd6b000 	C:\WINDOWS\SYSTEM32\VERSION.dll
0x00007ffa29d90000 - 0x00007ffa29da4000 	C:\WINDOWS\SYSTEM32\UMPDC.dll
0x00007ffa28d20000 - 0x00007ffa28d3b000 	C:\WINDOWS\SYSTEM32\kernel.appcore.dll
0x00007ffa185b0000 - 0x00007ffa185ba000 	C:\Program Files\Android\Android Studio1\jbr\bin\jimage.dll
0x00007ffa27890000 - 0x00007ffa27ad2000 	C:\WINDOWS\SYSTEM32\DBGHELP.DLL
0x00007ffa2b740000 - 0x00007ffa2babb000 	C:\WINDOWS\System32\combase.dll
0x00007ffa2ac60000 - 0x00007ffa2ad37000 	C:\WINDOWS\System32\OLEAUT32.dll
0x00007ffa12bf0000 - 0x00007ffa12c2c000 	C:\WINDOWS\SYSTEM32\dbgcore.DLL
0x00007ffa2a9c0000 - 0x00007ffa2aa58000 	C:\WINDOWS\System32\bcryptPrimitives.dll
0x00007ffa0dbe0000 - 0x00007ffa0dbee000 	C:\Program Files\Android\Android Studio1\jbr\bin\instrument.dll
0x00007ffa17530000 - 0x00007ffa17550000 	C:\Program Files\Android\Android Studio1\jbr\bin\java.dll
0x00007ffa17340000 - 0x00007ffa17358000 	C:\Program Files\Android\Android Studio1\jbr\bin\zip.dll
0x00007ffa2c570000 - 0x00007ffa2ccbd000 	C:\WINDOWS\System32\SHELL32.dll
0x00007ffa2a180000 - 0x00007ffa2a2eb000 	C:\WINDOWS\System32\wintypes.dll
0x00007ffa27bc0000 - 0x00007ffa2841d000 	C:\WINDOWS\SYSTEM32\windows.storage.dll
0x00007ffa2c260000 - 0x00007ffa2c352000 	C:\WINDOWS\System32\SHCORE.dll
0x00007ffa2c500000 - 0x00007ffa2c562000 	C:\WINDOWS\System32\shlwapi.dll
0x00007ffa29e40000 - 0x00007ffa29e69000 	C:\WINDOWS\SYSTEM32\profapi.dll
0x00007ffa172c0000 - 0x00007ffa172d0000 	C:\Program Files\Android\Android Studio1\jbr\bin\net.dll
0x00007ffa23550000 - 0x00007ffa2366f000 	C:\WINDOWS\SYSTEM32\WINHTTP.dll
0x00007ffa29290000 - 0x00007ffa292fb000 	C:\WINDOWS\system32\mswsock.dll
0x00007ffa0fd50000 - 0x00007ffa0fd66000 	C:\Program Files\Android\Android Studio1\jbr\bin\nio.dll
0x00007ffa145e0000 - 0x00007ffa145f0000 	C:\Program Files\Android\Android Studio1\jbr\bin\verify.dll
0x00007ffa22b10000 - 0x00007ffa22b37000 	C:\Users\prakash\.gradle\native\1def1411415f61bf3af743bc5b6707747c0891f09f0c88961ee8f79bc544acac\windows-amd64\native-platform.dll
0x00007ff9e1ce0000 - 0x00007ff9e1d58000 	C:\Users\prakash\.gradle\native\0.2.7\x86_64-windows-gnu\gradle-fileevents.dll
0x00007ffa0dc10000 - 0x00007ffa0dc19000 	C:\Program Files\Android\Android Studio1\jbr\bin\management.dll
0x00007ffa0dc00000 - 0x00007ffa0dc0b000 	C:\Program Files\Android\Android Studio1\jbr\bin\management_ext.dll
0x00007ffa2b180000 - 0x00007ffa2b188000 	C:\WINDOWS\System32\PSAPI.DLL
0x00007ffa28740000 - 0x00007ffa28774000 	C:\WINDOWS\SYSTEM32\IPHLPAPI.DLL
0x00007ffa2adc0000 - 0x00007ffa2adca000 	C:\WINDOWS\System32\NSI.dll
0x00007ffa0dbf0000 - 0x00007ffa0dbf9000 	C:\Program Files\Android\Android Studio1\jbr\bin\extnet.dll
0x00007ffa29540000 - 0x00007ffa2955b000 	C:\WINDOWS\SYSTEM32\CRYPTSP.dll
0x00007ffa28c80000 - 0x00007ffa28cbb000 	C:\WINDOWS\system32\rsaenh.dll
0x00007ffa29330000 - 0x00007ffa2935b000 	C:\WINDOWS\SYSTEM32\USERENV.dll
0x00007ffa29e70000 - 0x00007ffa29e96000 	C:\WINDOWS\SYSTEM32\bcrypt.dll
0x00007ffa29560000 - 0x00007ffa2956c000 	C:\WINDOWS\SYSTEM32\CRYPTBASE.dll
0x00007ff9f9e10000 - 0x00007ff9f9e18000 	C:\WINDOWS\system32\wshunix.dll

JVMTI agents:
C:\Users\prakash\.gradle\wrapper\dists\gradle-8.13-all\54h0s9kvb6g2sinako7ub77ku\gradle-8.13\lib\agents\gradle-instrumentation-agent-8.13.jar path:C:\Program Files\Android\Android Studio1\jbr\bin\instrument.dll, loaded, initialized, instrumentlib options:none

dbghelp: loaded successfully - version: 4.0.5 - missing functions: none
symbol engine: initialized successfully - sym options: 0x614 - pdb path: .;C:\Program Files\Android\Android Studio1\jbr\bin;C:\WINDOWS\SYSTEM32;C:\WINDOWS\WinSxS\amd64_microsoft.windows.common-controls_6595b64144ccf1df_6.0.26100.6899_none_3e0efeeae32e88c1;C:\Program Files\Android\Android Studio1\jbr\bin\server;C:\Users\prakash\.gradle\native\1def1411415f61bf3af743bc5b6707747c0891f09f0c88961ee8f79bc544acac\windows-amd64;C:\Users\prakash\.gradle\native\0.2.7\x86_64-windows-gnu

VM Arguments:
jvm_args: --add-opens=java.base/java.lang=ALL-UNNAMED --add-opens=java.base/java.lang.invoke=ALL-UNNAMED --add-opens=java.base/java.util=ALL-UNNAMED --add-opens=java.prefs/java.util.prefs=ALL-UNNAMED --add-exports=jdk.compiler/com.sun.tools.javac.api=ALL-UNNAMED --add-exports=jdk.compiler/com.sun.tools.javac.util=ALL-UNNAMED --add-opens=java.base/java.util=ALL-UNNAMED --add-opens=java.prefs/java.util.prefs=ALL-UNNAMED --add-opens=java.base/java.nio.charset=ALL-UNNAMED --add-opens=java.base/java.net=ALL-UNNAMED --add-opens=java.base/java.util.concurrent.atomic=ALL-UNNAMED --add-opens=java.xml/javax.xml.namespace=ALL-UNNAMED -Xmx1536M -Dfile.encoding=UTF-8 -Duser.country=IN -Duser.language=en -Duser.variant -javaagent:C:\Users\prakash\.gradle\wrapper\dists\gradle-8.13-all\54h0s9kvb6g2sinako7ub77ku\gradle-8.13\lib\agents\gradle-instrumentation-agent-8.13.jar 
java_command: org.gradle.launcher.daemon.bootstrap.GradleDaemon 8.13
java_class_path (initial): C:\Users\prakash\.gradle\wrapper\dists\gradle-8.13-all\54h0s9kvb6g2sinako7ub77ku\gradle-8.13\lib\gradle-daemon-main-8.13.jar
Launcher Type: SUN_STANDARD

[Global flags]
     intx CICompilerCount                          = 4                                         {product} {ergonomic}
     uint ConcGCThreads                            = 2                                         {product} {ergonomic}
     uint G1ConcRefinementThreads                  = 8                                         {product} {ergonomic}
   size_t G1HeapRegionSize                         = 1048576                                   {product} {ergonomic}
    uintx GCDrainStackTargetSize                   = 64                                        {product} {ergonomic}
   size_t InitialHeapSize                          = 130023424                                 {product} {ergonomic}
   size_t MarkStackSize                            = 4194304                                   {product} {ergonomic}
   size_t MaxHeapSize                              = 1610612736                                {product} {command line}
   size_t MaxNewSize                               = 965738496                                 {product} {ergonomic}
   size_t MinHeapDeltaBytes                        = 1048576                                   {product} {ergonomic}
   size_t MinHeapSize                              = 8388608                                   {product} {ergonomic}
    uintx NonNMethodCodeHeapSize                   = 5839372                                {pd product} {ergonomic}
    uintx NonProfiledCodeHeapSize                  = 122909434                              {pd product} {ergonomic}
    uintx ProfiledCodeHeapSize                     = 122909434                              {pd product} {ergonomic}
    uintx ReservedCodeCacheSize                    = 251658240                              {pd product} {ergonomic}
     bool SegmentedCodeCache                       = true                                      {product} {ergonomic}
   size_t SoftMaxHeapSize                          = 1610612736                             {manageable} {ergonomic}
     bool UseCompressedOops                        = true                           {product lp64_product} {ergonomic}
     bool UseG1GC                                  = true                                      {product} {ergonomic}
     bool UseLargePagesIndividualAllocation        = false                                  {pd product} {ergonomic}

Logging:
Log output configuration:
 #0: stdout all=warning uptime,level,tags foldmultilines=false
 #1: stderr all=off uptime,level,tags foldmultilines=false

Environment Variables:
JAVA_HOME=C:\Program Files\Android\Android Studio1\jbr
CLASSPATH=C:\Flatter_jdk\flutterprojects\my_portfolio\android\\gradle\wrapper\gradle-wrapper.jar
PATH=C:\Program Files\Android\Android Studio1\jbr\bin;C:\Program Files\Common Files\Oracle\Java\javapath;C:\Python311\Scripts\;C:\Python311\;C:\oracle\product\10.2.0\db_1\bin;C:\Program Files (x86)\Common Files\Oracle\Java\javapath;C:\WINDOWS\system32;C:\WINDOWS;C:\WINDOWS\System32\Wbem;C:\WINDOWS\System32\WindowsPowerShell\v1.0\;C:\WINDOWS\System32\OpenSSH\;C:\Program Files\Java\jdk-17;C:\Program Files\Amazon\AWSCLIV2\;C:\Users\prakash\.amplify\bin;C:\Users\prakash\AppData\Local\Pub\Cache\bin;C:\Users\prakash\.cache\firebase\tools\bin;C:\ProgramData\chocolatey\bin;C:\Program Files\GitHub CLI\;C:\Program Files\Git\cmd;C:\Program Files\nodejs\;C:\Program Files\HP\HP One Agent;C:\WINDOWS\system32;C:\WINDOWS;C:\WINDOWS\System32\Wbem;C:\WINDOWS\System32\WindowsPowerShell\v1.0\;C:\WINDOWS\System32\OpenSSH\;C:\Users\prakash\.amplify\bin;C:\Users\prakash\AppData\Local\Pub\Cache\bin;C:\Users\prakash\.cache\firebase\tools\bin;C:\Users\prakash\AppData\Local\Android\Sdk\platform-tools;C:\Users\prakash\AppData\Local\Microsoft\WindowsApps;C:\Users\prakash\AppData\Local\Programs\Microsoft VS Code\bin;C:\Users\prakash\AppData\Roaming\npm;C:\Program Files\nodejs\node_modules\npm\bin;C:\Users\prakash\AppData\Local\Programs\cursor\resources\app\bin;C:\flutter\flutter\bin;;C:\Program Files\JetBrains\IntelliJ IDEA Community Edition 2025.1.1.1\bin;;C:\flutter\flutter\bin\mingit\cmd;C:\flutter\flutter\bin\mingit\cmd
USERNAME=prakash
OS=Windows_NT
PROCESSOR_IDENTIFIER=Intel64 Family 6 Model 140 Stepping 1, GenuineIntel
TMP=C:\Users\prakash\AppData\Local\Temp
TEMP=C:\Users\prakash\AppData\Local\Temp




Periodic native trim disabled

JNI global refs:
JNI global refs: 26, weak refs: 0

JNI global refs memory usage: 835, weak refs: 833

Process memory usage:
Resident Set Size: 265272K (3% of 8022564K total physical memory with 699536K free physical memory)

OOME stack traces (most recent first):
Classloader memory used:
